hour,day,month,dayofweek,gen_lag_1,gen_lag_24
0,2,1,5,0.0,1.0
1,2,1,5,0.0,0.0
2,2,1,5,0.0,0.0
3,2,1,5,0.0,0.0
4,2,1,5,0.0,0.0
5,2,1,5,0.0,0.0
6,2,1,5,0.0,49.0
7,2,1,5,26.0,576.0
8,2,1,5,390.0,1926.0
9,2,1,5,1059.0,3271.0
10,2,1,5,1346.0,4082.0
11,2,1,5,1468.0,4245.0
12,2,1,5,1467.0,3643.0
13,2,1,5,1318.0,2344.0
14,2,1,5,666.0,1093.0
15,2,1,5,319.0,101.0
16,2,1,5,64.0,0.0
17,2,1,5,29.0,0.0
18,2,1,5,29.0,0.0
19,2,1,5,29.0,0.0
20,2,1,5,29.0,1.0
21,2,1,5,29.0,1.0
22,2,1,5,29.0,1.0
23,2,1,5,29.0,0.0
0,3,1,6,0.0,0.0
1,3,1,6,0.0,0.0
2,3,1,6,0.0,0.0
3,3,1,6,0.0,0.0
4,3,1,6,0.0,0.0
5,3,1,6,0.0,0.0
6,3,1,6,0.0,26.0
7,3,1,6,3.0,390.0
8,3,1,6,378.0,1059.0
9,3,1,6,1348.0,1346.0
10,3,1,6,2339.0,1468.0
11,3,1,6,3729.0,1467.0
12,3,1,6,3994.0,1318.0
13,3,1,6,2841.0,666.0
14,3,1,6,1809.0,319.0
15,3,1,6,975.0,64.0
16,3,1,6,126.0,29.0
17,3,1,6,29.0,29.0
18,3,1,6,29.0,29.0
19,3,1,6,29.0,29.0
20,3,1,6,29.0,29.0
21,3,1,6,29.0,29.0
22,3,1,6,29.0,29.0
23,3,1,6,29.0,0.0
0,4,1,0,1.0,0.0
1,4,1,0,1.0,0.0
2,4,1,0,1.0,0.0
3,4,1,0,1.0,0.0
4,4,1,0,0.0,0.0
5,4,1,0,0.0,0.0
6,4,1,0,0.0,3.0
7,4,1,0,0.0,378.0
8,4,1,0,81.0,1348.0
9,4,1,0,466.0,2339.0
10,4,1,0,725.0,3729.0
11,4,1,0,1111.0,3994.0
12,4,1,0,1366.0,2841.0
13,4,1,0,1514.0,1809.0
14,4,1,0,1316.0,975.0
15,4,1,0,709.0,126.0
16,4,1,0,118.0,29.0
17,4,1,0,29.0,29.0
18,4,1,0,29.0,29.0
19,4,1,0,29.0,29.0
20,4,1,0,29.0,29.0
21,4,1,0,29.0,29.0
22,4,1,0,29.0,29.0
23,4,1,0,29.0,1.0
0,5,1,1,0.0,1.0
1,5,1,1,0.0,1.0
2,5,1,1,0.0,1.0
3,5,1,1,0.0,0.0
4,5,1,1,0.0,0.0
5,5,1,1,0.0,0.0
6,5,1,1,0.0,0.0
7,5,1,1,4.0,81.0
8,5,1,1,187.0,466.0
9,5,1,1,857.0,725.0
10,5,1,1,1276.0,1111.0
11,5,1,1,1507.0,1366.0
12,5,1,1,1590.0,1514.0
13,5,1,1,1428.0,1316.0
14,5,1,1,1089.0,709.0
15,5,1,1,575.0,118.0
16,5,1,1,103.0,29.0
17,5,1,1,29.0,29.0
18,5,1,1,29.0,29.0
19,5,1,1,29.0,29.0
20,5,1,1,29.0,29.0
21,5,1,1,29.0,29.0
22,5,1,1,29.0,29.0
23,5,1,1,29.0,0.0
0,6,1,2,1.0,0.0
1,6,1,2,1.0,0.0
2,6,1,2,1.0,0.0
3,6,1,2,1.0,0.0
4,6,1,2,0.0,0.0
5,6,1,2,0.0,0.0
6,6,1,2,0.0,4.0
7,6,1,2,4.0,187.0
8,6,1,2,170.0,857.0
9,6,1,2,645.0,1276.0
10,6,1,2,1331.0,1507.0
11,6,1,2,2171.0,1590.0
12,6,1,2,2631.0,1428.0
13,6,1,2,3237.0,1089.0
14,6,1,2,2584.0,575.0
15,6,1,2,1357.0,103.0
16,6,1,2,184.0,29.0
17,6,1,2,30.0,29.0
18,6,1,2,29.0,29.0
19,6,1,2,29.0,29.0
20,6,1,2,29.0,29.0
21,6,1,2,29.0,29.0
22,6,1,2,29.0,29.0
23,6,1,2,29.0,1.0
0,7,1,3,0.0,1.0
1,7,1,3,0.0,1.0
2,7,1,3,0.0,1.0
3,7,1,3,0.0,0.0
4,7,1,3,0.0,0.0
5,7,1,3,0.0,0.0
6,7,1,3,0.0,4.0
7,7,1,3,23.0,170.0
8,7,1,3,1016.0,645.0
9,7,1,3,2749.0,1331.0
10,7,1,3,4395.0,2171.0
11,7,1,3,4991.0,2631.0
12,7,1,3,4731.0,3237.0
13,7,1,3,3984.0,2584.0
14,7,1,3,2499.0,1357.0
15,7,1,3,1014.0,184.0
16,7,1,3,133.0,30.0
17,7,1,3,29.0,29.0
18,7,1,3,29.0,29.0
19,7,1,3,29.0,29.0
20,7,1,3,29.0,29.0
21,7,1,3,29.0,29.0
22,7,1,3,29.0,29.0
23,7,1,3,29.0,0.0
0,8,1,4,1.0,0.0
1,8,1,4,1.0,0.0
2,8,1,4,1.0,0.0
3,8,1,4,1.0,0.0
4,8,1,4,0.0,0.0
5,8,1,4,0.0,0.0
6,8,1,4,0.0,23.0
7,8,1,4,25.0,1016.0
8,8,1,4,451.0,2749.0
9,8,1,4,1394.0,4395.0
10,8,1,4,2245.0,4991.0
11,8,1,4,2768.0,4731.0
12,8,1,4,3604.0,3984.0
13,8,1,4,2949.0,2499.0
14,8,1,4,1865.0,1014.0
15,8,1,4,933.0,133.0
16,8,1,4,167.0,29.0
17,8,1,4,29.0,29.0
18,8,1,4,29.0,29.0
19,8,1,4,29.0,29.0
20,8,1,4,29.0,29.0
21,8,1,4,29.0,29.0
22,8,1,4,29.0,29.0
23,8,1,4,29.0,1.0
0,9,1,5,1.0,1.0
1,9,1,5,1.0,1.0
2,9,1,5,1.0,1.0
3,9,1,5,1.0,0.0
4,9,1,5,1.0,0.0
5,9,1,5,0.0,0.0
6,9,1,5,0.0,25.0
7,9,1,5,8.0,451.0
8,9,1,5,425.0,1394.0
9,9,1,5,1796.0,2245.0
10,9,1,5,2641.0,2768.0
11,9,1,5,3165.0,3604.0
12,9,1,5,3164.0,2949.0
13,9,1,5,2973.0,1865.0
14,9,1,5,2085.0,933.0
15,9,1,5,948.0,167.0
16,9,1,5,155.0,29.0
17,9,1,5,29.0,29.0
18,9,1,5,29.0,29.0
19,9,1,5,29.0,29.0
20,9,1,5,29.0,29.0
21,9,1,5,29.0,29.0
22,9,1,5,29.0,29.0
23,9,1,5,29.0,1.0
0,10,1,6,1.0,1.0
1,10,1,6,1.0,1.0
2,10,1,6,0.0,1.0
3,10,1,6,1.0,1.0
4,10,1,6,0.0,0.0
5,10,1,6,0.0,0.0
6,10,1,6,0.0,8.0
7,10,1,6,14.0,425.0
8,10,1,6,641.0,1796.0
9,10,1,6,2037.0,2641.0
10,10,1,6,3467.0,3165.0
11,10,1,6,4433.0,3164.0
12,10,1,6,4781.0,2973.0
13,10,1,6,4340.0,2085.0
14,10,1,6,2888.0,948.0
15,10,1,6,1383.0,155.0
16,10,1,6,211.0,29.0
17,10,1,6,29.0,29.0
18,10,1,6,29.0,29.0
19,10,1,6,29.0,29.0
20,10,1,6,29.0,29.0
21,10,1,6,29.0,29.0
22,10,1,6,29.0,29.0
23,10,1,6,29.0,1.0
0,11,1,0,0.0,1.0
1,11,1,0,0.0,0.0
2,11,1,0,0.0,1.0
3,11,1,0,0.0,0.0
4,11,1,0,0.0,0.0
5,11,1,0,0.0,0.0
6,11,1,0,0.0,14.0
7,11,1,0,30.0,641.0
8,11,1,0,585.0,2037.0
9,11,1,0,1418.0,3467.0
10,11,1,0,2338.0,4433.0
11,11,1,0,2583.0,4781.0
12,11,1,0,3178.0,4340.0
13,11,1,0,2535.0,2888.0
14,11,1,0,1772.0,1383.0
15,11,1,0,1004.0,211.0
16,11,1,0,214.0,29.0
17,11,1,0,29.0,29.0
18,11,1,0,29.0,29.0
19,11,1,0,29.0,29.0
20,11,1,0,29.0,29.0
21,11,1,0,29.0,29.0
22,11,1,0,29.0,29.0
23,11,1,0,29.0,0.0
0,12,1,1,0.0,0.0
1,12,1,1,0.0,0.0
2,12,1,1,0.0,0.0
3,12,1,1,0.0,0.0
4,12,1,1,0.0,0.0
5,12,1,1,0.0,0.0
6,12,1,1,0.0,30.0
7,12,1,1,28.0,585.0
8,12,1,1,1027.0,1418.0
9,12,1,1,3005.0,2338.0
10,12,1,1,5458.0,2583.0
11,12,1,1,6764.0,3178.0
12,12,1,1,6794.0,2535.0
13,12,1,1,6397.0,1772.0
14,12,1,1,4377.0,1004.0
15,12,1,1,2253.0,214.0
16,12,1,1,369.0,29.0
17,12,1,1,29.0,29.0
18,12,1,1,29.0,29.0
19,12,1,1,29.0,29.0
20,12,1,1,29.0,29.0
21,12,1,1,29.0,29.0
22,12,1,1,29.0,29.0
23,12,1,1,29.0,0.0
0,13,1,2,0.0,0.0
1,13,1,2,0.0,0.0
2,13,1,2,0.0,0.0
3,13,1,2,0.0,0.0
4,13,1,2,0.0,0.0
5,13,1,2,0.0,0.0
6,13,1,2,0.0,28.0
7,13,1,2,38.0,1027.0
8,13,1,2,1170.0,3005.0
9,13,1,2,3487.0,5458.0
10,13,1,2,6037.0,6764.0
11,13,1,2,7039.0,6794.0
12,13,1,2,7500.0,6397.0
13,13,1,2,6644.0,4377.0
14,13,1,2,5134.0,2253.0
15,13,1,2,2306.0,369.0
16,13,1,2,430.0,29.0
17,13,1,2,29.0,29.0
18,13,1,2,29.0,29.0
19,13,1,2,29.0,29.0
20,13,1,2,29.0,29.0
21,13,1,2,29.0,29.0
22,13,1,2,29.0,29.0
23,13,1,2,29.0,0.0
0,14,1,3,0.0,0.0
1,14,1,3,0.0,0.0
2,14,1,3,0.0,0.0
3,14,1,3,0.0,0.0
4,14,1,3,0.0,0.0
5,14,1,3,0.0,0.0
6,14,1,3,0.0,38.0
7,14,1,3,43.0,1170.0
8,14,1,3,925.0,3487.0
9,14,1,3,1958.0,6037.0
10,14,1,3,2899.0,7039.0
11,14,1,3,3120.0,7500.0
12,14,1,3,3200.0,6644.0
13,14,1,3,2590.0,5134.0
14,14,1,3,1680.0,2306.0
15,14,1,3,784.0,430.0
16,14,1,3,161.0,29.0
17,14,1,3,29.0,29.0
18,14,1,3,29.0,29.0
19,14,1,3,29.0,29.0
20,14,1,3,29.0,29.0
21,14,1,3,29.0,29.0
22,14,1,3,29.0,29.0
23,14,1,3,29.0,0.0
0,15,1,4,0.0,0.0
1,15,1,4,0.0,0.0
2,15,1,4,0.0,0.0
3,15,1,4,0.0,0.0
4,15,1,4,0.0,0.0
5,15,1,4,0.0,0.0
6,15,1,4,0.0,43.0
7,15,1,4,3.0,925.0
8,15,1,4,423.0,1958.0
9,15,1,4,1598.0,2899.0
10,15,1,4,3930.0,3120.0
11,15,1,4,4860.0,3200.0
12,15,1,4,5317.0,2590.0
13,15,1,4,4947.0,1680.0
14,15,1,4,3884.0,784.0
15,15,1,4,1821.0,161.0
16,15,1,4,346.0,29.0
17,15,1,4,29.0,29.0
18,15,1,4,29.0,29.0
19,15,1,4,29.0,29.0
20,15,1,4,29.0,29.0
21,15,1,4,29.0,29.0
22,15,1,4,29.0,29.0
23,15,1,4,29.0,0.0
0,16,1,5,0.0,0.0
1,16,1,5,0.0,0.0
2,16,1,5,0.0,0.0
3,16,1,5,0.0,0.0
4,16,1,5,0.0,0.0
5,16,1,5,0.0,0.0
6,16,1,5,0.0,3.0
7,16,1,5,2.0,423.0
8,16,1,5,425.0,1598.0
9,16,1,5,1761.0,3930.0
10,16,1,5,3630.0,4860.0
11,16,1,5,4691.0,5317.0
12,16,1,5,4924.0,4947.0
13,16,1,5,4724.0,3884.0
14,16,1,5,3636.0,1821.0
15,16,1,5,1713.0,346.0
16,16,1,5,341.0,29.0
17,16,1,5,29.0,29.0
18,16,1,5,29.0,29.0
19,16,1,5,29.0,29.0
20,16,1,5,29.0,29.0
21,16,1,5,29.0,29.0
22,16,1,5,29.0,29.0
23,16,1,5,29.0,0.0
0,17,1,6,0.0,0.0
1,17,1,6,0.0,0.0
2,17,1,6,0.0,0.0
3,17,1,6,0.0,0.0
4,17,1,6,0.0,0.0
5,17,1,6,0.0,0.0
6,17,1,6,0.0,2.0
7,17,1,6,29.0,425.0
8,17,1,6,1030.0,1761.0
9,17,1,6,3215.0,3630.0
10,17,1,6,5476.0,4691.0
11,17,1,6,6065.0,4924.0
12,17,1,6,6884.0,4724.0
13,17,1,6,6206.0,3636.0
14,17,1,6,4544.0,1713.0
15,17,1,6,2064.0,341.0
16,17,1,6,412.0,29.0
17,17,1,6,29.0,29.0
18,17,1,6,29.0,29.0
19,17,1,6,29.0,29.0
20,17,1,6,29.0,29.0
21,17,1,6,29.0,29.0
22,17,1,6,29.0,29.0
23,17,1,6,29.0,0.0
0,18,1,0,0.0,0.0
1,18,1,0,0.0,0.0
2,18,1,0,0.0,0.0
3,18,1,0,0.0,0.0
4,18,1,0,0.0,0.0
5,18,1,0,0.0,0.0
6,18,1,0,0.0,29.0
7,18,1,0,55.0,1030.0
8,18,1,0,1256.0,3215.0
9,18,1,0,3807.0,5476.0
10,18,1,0,6130.0,6065.0
11,18,1,0,6857.0,6884.0
12,18,1,0,6831.0,6206.0
13,18,1,0,6016.0,4544.0
14,18,1,0,4088.0,2064.0
15,18,1,0,1883.0,412.0
16,18,1,0,464.0,29.0
17,18,1,0,29.0,29.0
18,18,1,0,29.0,29.0
19,18,1,0,29.0,29.0
20,18,1,0,29.0,29.0
21,18,1,0,29.0,29.0
22,18,1,0,29.0,29.0
23,18,1,0,29.0,0.0
0,19,1,1,1.0,0.0
1,19,1,1,1.0,0.0
2,19,1,1,1.0,0.0
3,19,1,1,1.0,0.0
4,19,1,1,0.0,0.0
5,19,1,1,0.0,0.0
6,19,1,1,0.0,55.0
7,19,1,1,34.0,1256.0
8,19,1,1,683.0,3807.0
9,19,1,1,2661.0,6130.0
10,19,1,1,4492.0,6857.0
11,19,1,1,5464.0,6831.0
12,19,1,1,5750.0,6016.0
13,19,1,1,5230.0,4088.0
14,19,1,1,3928.0,1883.0
15,19,1,1,2034.0,464.0
16,19,1,1,372.0,29.0
17,19,1,1,29.0,29.0
18,19,1,1,29.0,29.0
19,19,1,1,29.0,29.0
20,19,1,1,29.0,29.0
21,19,1,1,29.0,29.0
22,19,1,1,29.0,29.0
23,19,1,1,29.0,1.0
0,20,1,2,0.0,1.0
1,20,1,2,0.0,1.0
2,20,1,2,0.0,1.0
3,20,1,2,0.0,0.0
4,20,1,2,0.0,0.0
5,20,1,2,0.0,0.0
6,20,1,2,0.0,34.0
7,20,1,2,44.0,683.0
8,20,1,2,1245.0,2661.0
9,20,1,2,3416.0,4492.0
10,20,1,2,5578.0,5464.0
11,20,1,2,6585.0,5750.0
12,20,1,2,6730.0,5230.0
13,20,1,2,5970.0,3928.0
14,20,1,2,4497.0,2034.0
15,20,1,2,2178.0,372.0
16,20,1,2,441.0,29.0
17,20,1,2,29.0,29.0
18,20,1,2,29.0,29.0
19,20,1,2,29.0,29.0
20,20,1,2,29.0,29.0
21,20,1,2,29.0,29.0
22,20,1,2,29.0,29.0
23,20,1,2,29.0,0.0
0,21,1,3,1.0,0.0
1,21,1,3,1.0,0.0
2,21,1,3,1.0,0.0
3,21,1,3,1.0,0.0
4,21,1,3,0.0,0.0
5,21,1,3,0.0,0.0
6,21,1,3,0.0,44.0
7,21,1,3,20.0,1245.0
8,21,1,3,745.0,3416.0
9,21,1,3,2346.0,5578.0
10,21,1,3,4311.0,6585.0
11,21,1,3,5053.0,6730.0
12,21,1,3,5670.0,5970.0
13,21,1,3,5163.0,4497.0
14,21,1,3,3915.0,2178.0
15,21,1,3,1900.0,441.0
16,21,1,3,476.0,29.0
17,21,1,3,30.0,29.0
18,21,1,3,29.0,29.0
19,21,1,3,29.0,29.0
20,21,1,3,29.0,29.0
21,21,1,3,29.0,29.0
22,21,1,3,29.0,29.0
23,21,1,3,29.0,1.0
0,22,1,4,1.0,1.0
1,22,1,4,1.0,1.0
2,22,1,4,1.0,1.0
3,22,1,4,1.0,0.0
4,22,1,4,0.0,0.0
5,22,1,4,0.0,0.0
6,22,1,4,0.0,20.0
7,22,1,4,27.0,745.0
8,22,1,4,809.0,2346.0
9,22,1,4,2473.0,4311.0
10,22,1,4,4053.0,5053.0
11,22,1,4,4867.0,5670.0
12,22,1,4,5493.0,5163.0
13,22,1,4,5142.0,3915.0
14,22,1,4,4069.0,1900.0
15,22,1,4,1947.0,476.0
16,22,1,4,408.0,30.0
17,22,1,4,30.0,29.0
18,22,1,4,29.0,29.0
19,22,1,4,29.0,29.0
20,22,1,4,29.0,29.0
21,22,1,4,29.0,29.0
22,22,1,4,29.0,29.0
23,22,1,4,29.0,1.0
0,23,1,5,1.0,1.0
1,23,1,5,1.0,1.0
2,23,1,5,1.0,1.0
3,23,1,5,1.0,0.0
4,23,1,5,0.0,0.0
5,23,1,5,0.0,0.0
6,23,1,5,0.0,27.0
7,23,1,5,67.0,809.0
8,23,1,5,1028.0,2473.0
9,23,1,5,2940.0,4053.0
10,23,1,5,4702.0,4867.0
11,23,1,5,5535.0,5493.0
12,23,1,5,5439.0,5142.0
13,23,1,5,4549.0,4069.0
14,23,1,5,4016.0,1947.0
15,23,1,5,1897.0,408.0
16,23,1,5,444.0,30.0
17,23,1,5,34.0,29.0
18,23,1,5,29.0,29.0
19,23,1,5,29.0,29.0
20,23,1,5,29.0,29.0
21,23,1,5,29.0,29.0
22,23,1,5,29.0,29.0
23,23,1,5,29.0,1.0
0,24,1,6,1.0,1.0
1,24,1,6,0.0,1.0
2,24,1,6,1.0,1.0
3,24,1,6,1.0,0.0
4,24,1,6,0.0,0.0
5,24,1,6,0.0,0.0
6,24,1,6,0.0,67.0
7,24,1,6,23.0,1028.0
8,24,1,6,1051.0,2940.0
9,24,1,6,3199.0,4702.0
10,24,1,6,4984.0,5535.0
11,24,1,6,6211.0,5439.0
12,24,1,6,6485.0,4549.0
13,24,1,6,6056.0,4016.0
14,24,1,6,4865.0,1897.0
15,24,1,6,2581.0,444.0
16,24,1,6,609.0,34.0
17,24,1,6,33.0,29.0
18,24,1,6,29.0,29.0
19,24,1,6,29.0,29.0
20,24,1,6,29.0,29.0
21,24,1,6,29.0,29.0
22,24,1,6,29.0,29.0
23,24,1,6,29.0,1.0
0,25,1,0,1.0,0.0
1,25,1,0,0.0,1.0
2,25,1,0,1.0,1.0
3,25,1,0,0.0,0.0
4,25,1,0,0.0,0.0
5,25,1,0,0.0,0.0
6,25,1,0,0.0,23.0
7,25,1,0,84.0,1051.0
8,25,1,0,1517.0,3199.0
9,25,1,0,3927.0,4984.0
10,25,1,0,5876.0,6211.0
11,25,1,0,6781.0,6485.0
12,25,1,0,7134.0,6056.0
13,25,1,0,6762.0,4865.0
14,25,1,0,5176.0,2581.0
15,25,1,0,2716.0,609.0
16,25,1,0,615.0,33.0
17,25,1,0,34.0,29.0
18,25,1,0,29.0,29.0
19,25,1,0,29.0,29.0
20,25,1,0,29.0,29.0
21,25,1,0,29.0,29.0
22,25,1,0,29.0,29.0
23,25,1,0,29.0,1.0
0,26,1,1,0.0,0.0
1,26,1,1,0.0,1.0
2,26,1,1,0.0,0.0
3,26,1,1,0.0,0.0
4,26,1,1,0.0,0.0
5,26,1,1,0.0,0.0
6,26,1,1,0.0,84.0
7,26,1,1,80.0,1517.0
8,26,1,1,1411.0,3927.0
9,26,1,1,3596.0,5876.0
10,26,1,1,5460.0,6781.0
11,26,1,1,6376.0,7134.0
12,26,1,1,6512.0,6762.0
13,26,1,1,6144.0,5176.0
14,26,1,1,4701.0,2716.0
15,26,1,1,2528.0,615.0
16,26,1,1,583.0,34.0
17,26,1,1,34.0,29.0
18,26,1,1,29.0,29.0
19,26,1,1,29.0,29.0
20,26,1,1,29.0,29.0
21,26,1,1,29.0,29.0
22,26,1,1,29.0,29.0
23,26,1,1,29.0,0.0
0,27,1,2,0.0,0.0
1,27,1,2,0.0,0.0
2,27,1,2,0.0,0.0
3,27,1,2,0.0,0.0
4,27,1,2,0.0,0.0
5,27,1,2,0.0,0.0
6,27,1,2,0.0,80.0
7,27,1,2,66.0,1411.0
8,27,1,2,1212.0,3596.0
9,27,1,2,3006.0,5460.0
10,27,1,2,4456.0,6376.0
11,27,1,2,5333.0,6512.0
12,27,1,2,5732.0,6144.0
13,27,1,2,5429.0,4701.0
14,27,1,2,3659.0,2528.0
15,27,1,2,1983.0,583.0
16,27,1,2,439.0,34.0
17,27,1,2,34.0,29.0
18,27,1,2,29.0,29.0
19,27,1,2,29.0,29.0
20,27,1,2,29.0,29.0
21,27,1,2,29.0,29.0
22,27,1,2,29.0,29.0
23,27,1,2,29.0,0.0
0,28,1,3,0.0,0.0
1,28,1,3,0.0,0.0
2,28,1,3,0.0,0.0
3,28,1,3,1.0,0.0
4,28,1,3,0.0,0.0
5,28,1,3,0.0,0.0
6,28,1,3,0.0,66.0
7,28,1,3,56.0,1212.0
8,28,1,3,1041.0,3006.0
9,28,1,3,2462.0,4456.0
10,28,1,3,3594.0,5333.0
11,28,1,3,4270.0,5732.0
12,28,1,3,4688.0,5429.0
13,28,1,3,4310.0,3659.0
14,28,1,3,3598.0,1983.0
15,28,1,3,2018.0,439.0
16,28,1,3,494.0,34.0
17,28,1,3,35.0,29.0
18,28,1,3,29.0,29.0
19,28,1,3,29.0,29.0
20,28,1,3,29.0,29.0
21,28,1,3,29.0,29.0
22,28,1,3,29.0,29.0
23,28,1,3,29.0,0.0
0,29,1,4,0.0,0.0
1,29,1,4,0.0,0.0
2,29,1,4,0.0,1.0
3,29,1,4,0.0,0.0
4,29,1,4,0.0,0.0
5,29,1,4,0.0,0.0
6,29,1,4,0.0,56.0
7,29,1,4,70.0,1041.0
8,29,1,4,975.0,2462.0
9,29,1,4,2398.0,3594.0
10,29,1,4,3616.0,4270.0
11,29,1,4,4536.0,4688.0
12,29,1,4,5197.0,4310.0
13,29,1,4,5208.0,3598.0
14,29,1,4,4182.0,2018.0
15,29,1,4,2255.0,494.0
16,29,1,4,594.0,35.0
17,29,1,4,37.0,29.0
18,29,1,4,29.0,29.0
19,29,1,4,29.0,29.0
20,29,1,4,29.0,29.0
21,29,1,4,29.0,29.0
22,29,1,4,29.0,29.0
23,29,1,4,29.0,0.0
0,30,1,5,0.0,0.0
1,30,1,5,0.0,0.0
2,30,1,5,0.0,0.0
3,30,1,5,0.0,0.0
4,30,1,5,0.0,0.0
5,30,1,5,0.0,0.0
6,30,1,5,0.0,70.0
7,30,1,5,67.0,975.0
8,30,1,5,808.0,2398.0
9,30,1,5,1674.0,3616.0
10,30,1,5,2888.0,4536.0
11,30,1,5,3444.0,5197.0
12,30,1,5,3229.0,5208.0
13,30,1,5,2838.0,4182.0
14,30,1,5,2793.0,2255.0
15,30,1,5,1504.0,594.0
16,30,1,5,419.0,37.0
17,30,1,5,34.0,29.0
18,30,1,5,29.0,29.0
19,30,1,5,29.0,29.0
20,30,1,5,29.0,29.0
21,30,1,5,29.0,29.0
22,30,1,5,29.0,29.0
23,30,1,5,29.0,0.0
0,31,1,6,0.0,0.0
1,31,1,6,0.0,0.0
2,31,1,6,0.0,0.0
3,31,1,6,0.0,0.0
4,31,1,6,0.0,0.0
5,31,1,6,0.0,0.0
6,31,1,6,0.0,67.0
7,31,1,6,97.0,808.0
8,31,1,6,769.0,1674.0
9,31,1,6,2587.0,2888.0
10,31,1,6,3672.0,3444.0
11,31,1,6,4033.0,3229.0
12,31,1,6,4082.0,2838.0
13,31,1,6,3893.0,2793.0
14,31,1,6,3776.0,1504.0
15,31,1,6,2148.0,419.0
16,31,1,6,585.0,34.0
17,31,1,6,39.0,29.0
18,31,1,6,29.0,29.0
19,31,1,6,29.0,29.0
20,31,1,6,29.0,29.0
21,31,1,6,29.0,29.0
22,31,1,6,29.0,29.0
23,31,1,6,29.0,0.0
0,1,2,0,29.0,0.0
1,1,2,0,29.0,0.0
2,1,2,0,29.0,0.0
3,1,2,0,29.0,0.0
4,1,2,0,29.0,0.0
5,1,2,0,29.0,0.0
6,1,2,0,29.0,97.0
7,1,2,0,147.0,769.0
8,1,2,0,1490.0,2587.0
9,1,2,0,3334.0,3672.0
10,1,2,0,4578.0,4033.0
11,1,2,0,5296.0,4082.0
12,1,2,0,5712.0,3893.0
13,1,2,0,5632.0,3776.0
14,1,2,0,4678.0,2148.0
15,1,2,0,2951.0,585.0
16,1,2,0,833.0,39.0
17,1,2,0,44.0,29.0
18,1,2,0,29.0,29.0
19,1,2,0,29.0,29.0
20,1,2,0,29.0,29.0
21,1,2,0,29.0,29.0
22,1,2,0,29.0,29.0
23,1,2,0,29.0,29.0
0,2,2,1,0.0,29.0
1,2,2,1,0.0,29.0
2,2,2,1,0.0,29.0
3,2,2,1,0.0,29.0
4,2,2,1,0.0,29.0
5,2,2,1,0.0,29.0
6,2,2,1,0.0,147.0
7,2,2,1,116.0,1490.0
8,2,2,1,1223.0,3334.0
9,2,2,1,2490.0,4578.0
10,2,2,1,3395.0,5296.0
11,2,2,1,4032.0,5712.0
12,2,2,1,4236.0,5632.0
13,2,2,1,4120.0,4678.0
14,2,2,1,3510.0,2951.0
15,2,2,1,2256.0,833.0
16,2,2,1,638.0,44.0
17,2,2,1,42.0,29.0
18,2,2,1,29.0,29.0
19,2,2,1,29.0,29.0
20,2,2,1,29.0,29.0
21,2,2,1,29.0,29.0
22,2,2,1,29.0,29.0
23,2,2,1,29.0,0.0
0,3,2,2,0.0,0.0
1,3,2,2,0.0,0.0
2,3,2,2,0.0,0.0
3,3,2,2,0.0,0.0
4,3,2,2,0.0,0.0
5,3,2,2,0.0,0.0
6,3,2,2,0.0,116.0
7,3,2,2,92.0,1223.0
8,3,2,2,890.0,2490.0
9,3,2,2,1855.0,3395.0
10,3,2,2,2759.0,4032.0
11,3,2,2,2932.0,4236.0
12,3,2,2,2975.0,4120.0
13,3,2,2,2950.0,3510.0
14,3,2,2,2805.0,2256.0
15,3,2,2,1923.0,638.0
16,3,2,2,608.0,42.0
17,3,2,2,43.0,29.0
18,3,2,2,29.0,29.0
19,3,2,2,29.0,29.0
20,3,2,2,29.0,29.0
21,3,2,2,29.0,29.0
22,3,2,2,29.0,29.0
23,3,2,2,29.0,0.0
0,4,2,3,0.0,0.0
1,4,2,3,0.0,0.0
2,4,2,3,0.0,0.0
3,4,2,3,0.0,0.0
4,4,2,3,0.0,0.0
5,4,2,3,0.0,0.0
6,4,2,3,0.0,92.0
7,4,2,3,56.0,890.0
8,4,2,3,1262.0,1855.0
9,4,2,3,3685.0,2759.0
10,4,2,3,5588.0,2932.0
11,4,2,3,6194.0,2975.0
12,4,2,3,7269.0,2950.0
13,4,2,3,7320.0,2805.0
14,4,2,3,5915.0,1923.0
15,4,2,3,3993.0,608.0
16,4,2,3,1116.0,43.0
17,4,2,3,61.0,29.0
18,4,2,3,29.0,29.0
19,4,2,3,29.0,29.0
20,4,2,3,29.0,29.0
21,4,2,3,29.0,29.0
22,4,2,3,29.0,29.0
23,4,2,3,29.0,0.0
0,5,2,4,0.0,0.0
1,5,2,4,0.0,0.0
2,5,2,4,0.0,0.0
3,5,2,4,0.0,0.0
4,5,2,4,0.0,0.0
5,5,2,4,0.0,0.0
6,5,2,4,0.0,56.0
7,5,2,4,210.0,1262.0
8,5,2,4,2253.0,3685.0
9,5,2,4,5286.0,5588.0
10,5,2,4,7129.0,6194.0
11,5,2,4,8027.0,7269.0
12,5,2,4,8285.0,7320.0
13,5,2,4,7738.0,5915.0
14,5,2,4,6514.0,3993.0
15,5,2,4,4511.0,1116.0
16,5,2,4,1334.0,61.0
17,5,2,4,68.0,29.0
18,5,2,4,29.0,29.0
19,5,2,4,29.0,29.0
20,5,2,4,29.0,29.0
21,5,2,4,29.0,29.0
22,5,2,4,29.0,29.0
23,5,2,4,29.0,0.0
0,6,2,5,0.0,0.0
1,6,2,5,0.0,0.0
2,6,2,5,0.0,0.0
3,6,2,5,0.0,0.0
4,6,2,5,0.0,0.0
5,6,2,5,0.0,0.0
6,6,2,5,0.0,210.0
7,6,2,5,233.0,2253.0
8,6,2,5,2191.0,5286.0
9,6,2,5,4696.0,7129.0
10,6,2,5,6281.0,8027.0
11,6,2,5,6862.0,8285.0
12,6,2,5,6930.0,7738.0
13,6,2,5,6392.0,6514.0
14,6,2,5,5232.0,4511.0
15,6,2,5,3508.0,1334.0
16,6,2,5,1037.0,68.0
17,6,2,5,56.0,29.0
18,6,2,5,29.0,29.0
19,6,2,5,29.0,29.0
20,6,2,5,29.0,29.0
21,6,2,5,29.0,29.0
22,6,2,5,29.0,29.0
23,6,2,5,29.0,0.0
0,7,2,6,0.0,0.0
1,7,2,6,0.0,0.0
2,7,2,6,0.0,0.0
3,7,2,6,0.0,0.0
4,7,2,6,0.0,0.0
5,7,2,6,0.0,0.0
6,7,2,6,0.0,233.0
7,7,2,6,158.0,2191.0
8,7,2,6,901.0,4696.0
9,7,2,6,1765.0,6281.0
10,7,2,6,2200.0,6862.0
11,7,2,6,2668.0,6930.0
12,7,2,6,2844.0,6392.0
13,7,2,6,2033.0,5232.0
14,7,2,6,1820.0,3508.0
15,7,2,6,1007.0,1037.0
16,7,2,6,313.0,56.0
17,7,2,6,36.0,29.0
18,7,2,6,29.0,29.0
19,7,2,6,29.0,29.0
20,7,2,6,29.0,29.0
21,7,2,6,29.0,29.0
22,7,2,6,29.0,29.0
23,7,2,6,29.0,0.0
0,8,2,0,0.0,0.0
1,8,2,0,0.0,0.0
2,8,2,0,0.0,0.0
3,8,2,0,0.0,0.0
4,8,2,0,0.0,0.0
5,8,2,0,0.0,0.0
6,8,2,0,0.0,158.0
7,8,2,0,59.0,901.0
8,8,2,0,734.0,1765.0
9,8,2,0,1888.0,2200.0
10,8,2,0,2915.0,2668.0
11,8,2,0,3517.0,2844.0
12,8,2,0,4322.0,2033.0
13,8,2,0,3775.0,1820.0
14,8,2,0,3353.0,1007.0
15,8,2,0,2388.0,313.0
16,8,2,0,785.0,36.0
17,8,2,0,60.0,29.0
18,8,2,0,29.0,29.0
19,8,2,0,29.0,29.0
20,8,2,0,29.0,29.0
21,8,2,0,29.0,29.0
22,8,2,0,29.0,29.0
23,8,2,0,29.0,0.0
0,9,2,1,0.0,0.0
1,9,2,1,0.0,0.0
2,9,2,1,0.0,0.0
3,9,2,1,0.0,0.0
4,9,2,1,0.0,0.0
5,9,2,1,0.0,0.0
6,9,2,1,0.0,59.0
7,9,2,1,154.0,734.0
8,9,2,1,1447.0,1888.0
9,9,2,1,3193.0,2915.0
10,9,2,1,3904.0,3517.0
11,9,2,1,4265.0,4322.0
12,9,2,1,3964.0,3775.0
13,9,2,1,3459.0,3353.0
14,9,2,1,2991.0,2388.0
15,9,2,1,1650.0,785.0
16,9,2,1,511.0,60.0
17,9,2,1,48.0,29.0
18,9,2,1,29.0,29.0
19,9,2,1,29.0,29.0
20,9,2,1,29.0,29.0
21,9,2,1,29.0,29.0
22,9,2,1,29.0,29.0
23,9,2,1,29.0,0.0
0,10,2,2,0.0,0.0
1,10,2,2,0.0,0.0
2,10,2,2,0.0,0.0
3,10,2,2,0.0,0.0
4,10,2,2,0.0,0.0
5,10,2,2,0.0,0.0
6,10,2,2,0.0,154.0
7,10,2,2,60.0,1447.0
8,10,2,2,1186.0,3193.0
9,10,2,2,3079.0,3904.0
10,10,2,2,4559.0,4265.0
11,10,2,2,5730.0,3964.0
12,10,2,2,6545.0,3459.0
13,10,2,2,6609.0,2991.0
14,10,2,2,5736.0,1650.0
15,10,2,2,4024.0,511.0
16,10,2,2,1249.0,48.0
17,10,2,2,88.0,29.0
18,10,2,2,29.0,29.0
19,10,2,2,29.0,29.0
20,10,2,2,29.0,29.0
21,10,2,2,29.0,29.0
22,10,2,2,29.0,29.0
23,10,2,2,29.0,0.0
0,11,2,3,0.0,0.0
1,11,2,3,0.0,0.0
2,11,2,3,0.0,0.0
3,11,2,3,0.0,0.0
4,11,2,3,0.0,0.0
5,11,2,3,0.0,0.0
6,11,2,3,0.0,60.0
7,11,2,3,112.0,1186.0
8,11,2,3,1277.0,3079.0
9,11,2,3,3452.0,4559.0
10,11,2,3,5196.0,5730.0
11,11,2,3,6019.0,6545.0
12,11,2,3,6459.0,6609.0
13,11,2,3,6286.0,5736.0
14,11,2,3,5349.0,4024.0
15,11,2,3,3971.0,1249.0
16,11,2,3,1508.0,88.0
17,11,2,3,99.0,29.0
18,11,2,3,29.0,29.0
19,11,2,3,29.0,29.0
20,11,2,3,29.0,29.0
21,11,2,3,29.0,29.0
22,11,2,3,29.0,29.0
23,11,2,3,29.0,0.0
0,12,2,4,0.0,0.0
1,12,2,4,0.0,0.0
2,12,2,4,0.0,0.0
3,12,2,4,0.0,0.0
4,12,2,4,0.0,0.0
5,12,2,4,0.0,0.0
6,12,2,4,0.0,112.0
7,12,2,4,77.0,1277.0
8,12,2,4,802.0,3452.0
9,12,2,4,1995.0,5196.0
10,12,2,4,3084.0,6019.0
11,12,2,4,3643.0,6459.0
12,12,2,4,4062.0,6286.0
13,12,2,4,3704.0,5349.0
14,12,2,4,2682.0,3971.0
15,12,2,4,1627.0,1508.0
16,12,2,4,525.0,99.0
17,12,2,4,63.0,29.0
18,12,2,4,29.0,29.0
19,12,2,4,29.0,29.0
20,12,2,4,29.0,29.0
21,12,2,4,29.0,29.0
22,12,2,4,29.0,29.0
23,12,2,4,29.0,0.0
0,13,2,5,0.0,0.0
1,13,2,5,0.0,0.0
2,13,2,5,0.0,0.0
3,13,2,5,0.0,0.0
4,13,2,5,0.0,0.0
5,13,2,5,0.0,0.0
6,13,2,5,0.0,77.0
7,13,2,5,100.0,802.0
8,13,2,5,1433.0,1995.0
9,13,2,5,3357.0,3084.0
10,13,2,5,4855.0,3643.0
11,13,2,5,6356.0,4062.0
12,13,2,5,6898.0,3704.0
13,13,2,5,5733.0,2682.0
14,13,2,5,4562.0,1627.0
15,13,2,5,3126.0,525.0
16,13,2,5,1138.0,63.0
17,13,2,5,88.0,29.0
18,13,2,5,29.0,29.0
19,13,2,5,29.0,29.0
20,13,2,5,29.0,29.0
21,13,2,5,29.0,29.0
22,13,2,5,29.0,29.0
23,13,2,5,29.0,0.0
0,14,2,6,0.0,0.0
1,14,2,6,0.0,0.0
2,14,2,6,0.0,0.0
3,14,2,6,0.0,0.0
4,14,2,6,0.0,0.0
5,14,2,6,0.0,0.0
6,14,2,6,0.0,100.0
7,14,2,6,91.0,1433.0
8,14,2,6,579.0,3357.0
9,14,2,6,1322.0,4855.0
10,14,2,6,1763.0,6356.0
11,14,2,6,2403.0,6898.0
12,14,2,6,1790.0,5733.0
13,14,2,6,2073.0,4562.0
14,14,2,6,2117.0,3126.0
15,14,2,6,1622.0,1138.0
16,14,2,6,876.0,88.0
17,14,2,6,70.0,29.0
18,14,2,6,29.0,29.0
19,14,2,6,29.0,29.0
20,14,2,6,29.0,29.0
21,14,2,6,29.0,29.0
22,14,2,6,29.0,29.0
23,14,2,6,29.0,0.0
0,15,2,0,0.0,0.0
1,15,2,0,0.0,0.0
2,15,2,0,0.0,0.0
3,15,2,0,0.0,0.0
4,15,2,0,0.0,0.0
5,15,2,0,0.0,0.0
6,15,2,0,0.0,91.0
7,15,2,0,77.0,579.0
8,15,2,0,809.0,1322.0
9,15,2,0,1909.0,1763.0
10,15,2,0,3498.0,2403.0
11,15,2,0,4120.0,1790.0
12,15,2,0,4010.0,2073.0
13,15,2,0,4227.0,2117.0
14,15,2,0,4320.0,1622.0
15,15,2,0,2834.0,876.0
16,15,2,0,1075.0,70.0
17,15,2,0,94.0,29.0
18,15,2,0,29.0,29.0
19,15,2,0,29.0,29.0
20,15,2,0,29.0,29.0
21,15,2,0,29.0,29.0
22,15,2,0,29.0,29.0
23,15,2,0,29.0,0.0
0,16,2,1,0.0,0.0
1,16,2,1,1.0,0.0
2,16,2,1,1.0,0.0
3,16,2,1,0.0,0.0
4,16,2,1,0.0,0.0
5,16,2,1,0.0,0.0
6,16,2,1,0.0,77.0
7,16,2,1,147.0,809.0
8,16,2,1,987.0,1909.0
9,16,2,1,2454.0,3498.0
10,16,2,1,3018.0,4120.0
11,16,2,1,2951.0,4010.0
12,16,2,1,3315.0,4227.0
13,16,2,1,2928.0,4320.0
14,16,2,1,2598.0,2834.0
15,16,2,1,1788.0,1075.0
16,16,2,1,684.0,94.0
17,16,2,1,71.0,29.0
18,16,2,1,29.0,29.0
19,16,2,1,29.0,29.0
20,16,2,1,29.0,29.0
21,16,2,1,29.0,29.0
22,16,2,1,29.0,29.0
23,16,2,1,29.0,0.0
0,17,2,2,0.0,1.0
1,17,2,2,0.0,1.0
2,17,2,2,0.0,0.0
3,17,2,2,0.0,0.0
4,17,2,2,0.0,0.0
5,17,2,2,0.0,0.0
6,17,2,2,0.0,147.0
7,17,2,2,135.0,987.0
8,17,2,2,992.0,2454.0
9,17,2,2,2054.0,3018.0
10,17,2,2,3218.0,2951.0
11,17,2,2,3925.0,3315.0
12,17,2,2,3951.0,2928.0
13,17,2,2,3866.0,2598.0
14,17,2,2,3476.0,1788.0
15,17,2,2,2360.0,684.0
16,17,2,2,885.0,71.0
17,17,2,2,81.0,29.0
18,17,2,2,30.0,29.0
19,17,2,2,29.0,29.0
20,17,2,2,29.0,29.0
21,17,2,2,29.0,29.0
22,17,2,2,29.0,29.0
23,17,2,2,29.0,0.0
0,18,2,3,0.0,0.0
1,18,2,3,0.0,0.0
2,18,2,3,0.0,0.0
3,18,2,3,0.0,0.0
4,18,2,3,0.0,0.0
5,18,2,3,0.0,0.0
6,18,2,3,0.0,135.0
7,18,2,3,43.0,992.0
8,18,2,3,738.0,2054.0
9,18,2,3,2337.0,3218.0
10,18,2,3,4055.0,3925.0
11,18,2,3,5055.0,3951.0
12,18,2,3,5604.0,3866.0
13,18,2,3,5396.0,3476.0
14,18,2,3,4183.0,2360.0
15,18,2,3,3132.0,885.0
16,18,2,3,1308.0,81.0
17,18,2,3,139.0,30.0
18,18,2,3,29.0,29.0
19,18,2,3,29.0,29.0
20,18,2,3,29.0,29.0
21,18,2,3,29.0,29.0
22,18,2,3,29.0,29.0
23,18,2,3,29.0,0.0
0,19,2,4,0.0,0.0
1,19,2,4,0.0,0.0
2,19,2,4,0.0,0.0
3,19,2,4,0.0,0.0
4,19,2,4,0.0,0.0
5,19,2,4,0.0,0.0
6,19,2,4,0.0,43.0
7,19,2,4,479.0,738.0
8,19,2,4,2926.0,2337.0
9,19,2,4,5570.0,4055.0
10,19,2,4,7076.0,5055.0
11,19,2,4,7794.0,5604.0
12,19,2,4,8079.0,5396.0
13,19,2,4,7463.0,4183.0
14,19,2,4,6410.0,3132.0
15,19,2,4,4557.0,1308.0
16,19,2,4,1861.0,139.0
17,19,2,4,184.0,29.0
18,19,2,4,29.0,29.0
19,19,2,4,29.0,29.0
20,19,2,4,29.0,29.0
21,19,2,4,29.0,29.0
22,19,2,4,29.0,29.0
23,19,2,4,29.0,0.0
0,20,2,5,0.0,0.0
1,20,2,5,0.0,0.0
2,20,2,5,0.0,0.0
3,20,2,5,0.0,0.0
4,20,2,5,0.0,0.0
5,20,2,5,0.0,0.0
6,20,2,5,0.0,479.0
7,20,2,5,556.0,2926.0
8,20,2,5,2911.0,5570.0
9,20,2,5,5365.0,7076.0
10,20,2,5,7150.0,7794.0
11,20,2,5,8130.0,8079.0
12,20,2,5,8212.0,7463.0
13,20,2,5,8049.0,6410.0
14,20,2,5,7201.0,4557.0
15,20,2,5,5004.0,1861.0
16,20,2,5,2200.0,184.0
17,20,2,5,200.0,29.0
18,20,2,5,29.0,29.0
19,20,2,5,29.0,29.0
20,20,2,5,29.0,29.0
21,20,2,5,29.0,29.0
22,20,2,5,29.0,29.0
23,20,2,5,29.0,0.0
0,21,2,6,0.0,0.0
1,21,2,6,0.0,0.0
2,21,2,6,0.0,0.0
3,21,2,6,0.0,0.0
4,21,2,6,0.0,0.0
5,21,2,6,0.0,0.0
6,21,2,6,2.0,556.0
7,21,2,6,502.0,2911.0
8,21,2,6,2374.0,5365.0
9,21,2,6,4810.0,7150.0
10,21,2,6,6577.0,8130.0
11,21,2,6,7993.0,8212.0
12,21,2,6,8457.0,8049.0
13,21,2,6,8118.0,7201.0
14,21,2,6,7106.0,5004.0
15,21,2,6,5089.0,2200.0
16,21,2,6,2388.0,200.0
17,21,2,6,244.0,29.0
18,21,2,6,29.0,29.0
19,21,2,6,29.0,29.0
20,21,2,6,29.0,29.0
21,21,2,6,29.0,29.0
22,21,2,6,29.0,29.0
23,21,2,6,29.0,0.0
0,22,2,0,0.0,0.0
1,22,2,0,0.0,0.0
2,22,2,0,0.0,0.0
3,22,2,0,0.0,0.0
4,22,2,0,0.0,0.0
5,22,2,0,0.0,2.0
6,22,2,0,2.0,502.0
7,22,2,0,326.0,2374.0
8,22,2,0,1378.0,4810.0
9,22,2,0,2688.0,6577.0
10,22,2,0,3989.0,7993.0
11,22,2,0,5135.0,8457.0
12,22,2,0,5176.0,8118.0
13,22,2,0,4526.0,7106.0
14,22,2,0,4748.0,5089.0
15,22,2,0,3041.0,2388.0
16,22,2,0,1438.0,244.0
17,22,2,0,179.0,29.0
18,22,2,0,29.0,29.0
19,22,2,0,29.0,29.0
20,22,2,0,29.0,29.0
21,22,2,0,29.0,29.0
22,22,2,0,29.0,29.0
23,22,2,0,29.0,0.0
0,23,2,1,0.0,0.0
1,23,2,1,0.0,0.0
2,23,2,1,0.0,0.0
3,23,2,1,0.0,0.0
4,23,2,1,0.0,0.0
5,23,2,1,0.0,2.0
6,23,2,1,2.0,326.0
7,23,2,1,295.0,1378.0
8,23,2,1,1432.0,2688.0
9,23,2,1,2589.0,3989.0
10,23,2,1,3979.0,5135.0
11,23,2,1,4382.0,5176.0
12,23,2,1,4043.0,4526.0
13,23,2,1,4372.0,4748.0
14,23,2,1,3734.0,3041.0
15,23,2,1,2995.0,1438.0
16,23,2,1,1477.0,179.0
17,23,2,1,189.0,29.0
18,23,2,1,0.0,29.0
19,23,2,1,0.0,29.0
20,23,2,1,0.0,29.0
21,23,2,1,0.0,29.0
22,23,2,1,0.0,29.0
23,23,2,1,0.0,0.0
0,24,2,2,0.0,0.0
1,24,2,2,0.0,0.0
2,24,2,2,0.0,0.0
3,24,2,2,0.0,0.0
4,24,2,2,0.0,0.0
5,24,2,2,0.0,2.0
6,24,2,2,1.0,295.0
7,24,2,2,389.0,1432.0
8,24,2,2,2189.0,2589.0
9,24,2,2,4531.0,3979.0
10,24,2,2,6105.0,4382.0
11,24,2,2,6493.0,4043.0
12,24,2,2,6567.0,4372.0
13,24,2,2,6351.0,3734.0
14,24,2,2,5740.0,2995.0
15,24,2,2,4501.0,1477.0
16,24,2,2,2045.0,189.0
17,24,2,2,252.0,0.0
18,24,2,2,0.0,0.0
19,24,2,2,0.0,0.0
20,24,2,2,0.0,0.0
21,24,2,2,0.0,0.0
22,24,2,2,0.0,0.0
23,24,2,2,0.0,0.0
0,25,2,3,0.0,0.0
1,25,2,3,0.0,0.0
2,25,2,3,0.0,0.0
3,25,2,3,0.0,0.0
4,25,2,3,0.0,0.0
5,25,2,3,0.0,1.0
6,25,2,3,7.0,389.0
7,25,2,3,542.0,2189.0
8,25,2,3,1715.0,4531.0
9,25,2,3,3030.0,6105.0
10,25,2,3,3736.0,6493.0
11,25,2,3,4340.0,6567.0
12,25,2,3,4658.0,6351.0
13,25,2,3,4625.0,5740.0
14,25,2,3,3963.0,4501.0
15,25,2,3,2826.0,2045.0
16,25,2,3,1262.0,252.0
17,25,2,3,168.0,0.0
18,25,2,3,0.0,0.0
19,25,2,3,0.0,0.0
20,25,2,3,0.0,0.0
21,25,2,3,0.0,0.0
22,25,2,3,0.0,0.0
23,25,2,3,0.0,0.0
0,26,2,4,0.0,0.0
1,26,2,4,0.0,0.0
2,26,2,4,0.0,0.0
3,26,2,4,0.0,0.0
4,26,2,4,0.0,0.0
5,26,2,4,0.0,7.0
6,26,2,4,10.0,542.0
7,26,2,4,348.0,1715.0
8,26,2,4,1859.0,3030.0
9,26,2,4,3419.0,3736.0
10,26,2,4,4387.0,4340.0
11,26,2,4,4904.0,4658.0
12,26,2,4,5028.0,4625.0
13,26,2,4,4760.0,3963.0
14,26,2,4,4034.0,2826.0
15,26,2,4,2703.0,1262.0
16,26,2,4,1518.0,168.0
17,26,2,4,174.0,0.0
18,26,2,4,0.0,0.0
19,26,2,4,0.0,0.0
20,26,2,4,0.0,0.0
21,26,2,4,0.0,0.0
22,26,2,4,0.0,0.0
23,26,2,4,0.0,0.0
0,27,2,5,0.0,0.0
1,27,2,5,0.0,0.0
2,27,2,5,0.0,0.0
3,27,2,5,0.0,0.0
4,27,2,5,0.0,0.0
5,27,2,5,0.0,10.0
6,27,2,5,17.0,348.0
7,27,2,5,535.0,1859.0
8,27,2,5,1596.0,3419.0
9,27,2,5,2544.0,4387.0
10,27,2,5,2721.0,4904.0
11,27,2,5,2733.0,5028.0
12,27,2,5,3121.0,4760.0
13,27,2,5,3151.0,4034.0
14,27,2,5,2549.0,2703.0
15,27,2,5,1545.0,1518.0
16,27,2,5,594.0,174.0
17,27,2,5,60.0,0.0
18,27,2,5,0.0,0.0
19,27,2,5,0.0,0.0
20,27,2,5,0.0,0.0
21,27,2,5,0.0,0.0
22,27,2,5,0.0,0.0
23,27,2,5,0.0,0.0
0,28,2,6,0.0,0.0
1,28,2,6,0.0,0.0
2,28,2,6,0.0,0.0
3,28,2,6,0.0,0.0
4,28,2,6,0.0,0.0
5,28,2,6,0.0,17.0
6,28,2,6,1.0,535.0
7,28,2,6,140.0,1596.0
8,28,2,6,594.0,2544.0
9,28,2,6,1342.0,2721.0
10,28,2,6,1918.0,2733.0
11,28,2,6,2032.0,3121.0
12,28,2,6,1969.0,3151.0
13,28,2,6,1734.0,2549.0
14,28,2,6,1653.0,1545.0
15,28,2,6,1029.0,594.0
16,28,2,6,452.0,60.0
17,28,2,6,60.0,0.0
18,28,2,6,0.0,0.0
19,28,2,6,0.0,0.0
20,28,2,6,0.0,0.0
21,28,2,6,0.0,0.0
22,28,2,6,0.0,0.0
23,28,2,6,0.0,0.0
0,29,2,0,1.0,0.0
1,29,2,0,1.0,0.0
2,29,2,0,0.0,0.0
3,29,2,0,1.0,0.0
4,29,2,0,0.0,0.0
5,29,2,0,0.0,1.0
6,29,2,0,1.0,140.0
7,29,2,0,252.0,594.0
8,29,2,0,1214.0,1342.0
9,29,2,0,2496.0,1918.0
10,29,2,0,3025.0,2032.0
11,29,2,0,3494.0,1969.0
12,29,2,0,3498.0,1734.0
13,29,2,0,3453.0,1653.0
14,29,2,0,2937.0,1029.0
15,29,2,0,2120.0,452.0
16,29,2,0,1058.0,60.0
17,29,2,0,164.0,0.0
18,29,2,0,0.0,0.0
19,29,2,0,0.0,0.0
20,29,2,0,0.0,0.0
21,29,2,0,0.0,0.0
22,29,2,0,0.0,0.0
23,29,2,0,0.0,1.0
0,1,3,1,0.0,1.0
1,1,3,1,0.0,0.0
2,1,3,1,0.0,1.0
3,1,3,1,0.0,0.0
4,1,3,1,0.0,0.0
5,1,3,1,0.0,1.0
6,1,3,1,28.0,252.0
7,1,3,1,649.0,1214.0
8,1,3,1,2282.0,2496.0
9,1,3,1,3886.0,3025.0
10,1,3,1,5368.0,3494.0
11,1,3,1,6452.0,3498.0
12,1,3,1,6473.0,3453.0
13,1,3,1,5670.0,2937.0
14,1,3,1,5313.0,2120.0
15,1,3,1,4073.0,1058.0
16,1,3,1,2302.0,164.0
17,1,3,1,427.0,0.0
18,1,3,1,0.0,0.0
19,1,3,1,0.0,0.0
20,1,3,1,0.0,0.0
21,1,3,1,0.0,0.0
22,1,3,1,0.0,0.0
23,1,3,1,0.0,0.0
0,2,3,2,0.0,0.0
1,2,3,2,0.0,0.0
2,2,3,2,0.0,0.0
3,2,3,2,0.0,0.0
4,2,3,2,0.0,0.0
5,2,3,2,0.0,28.0
6,2,3,2,22.0,649.0
7,2,3,2,961.0,2282.0
8,2,3,2,3290.0,3886.0
9,2,3,2,5591.0,5368.0
10,2,3,2,7262.0,6452.0
11,2,3,2,7562.0,6473.0
12,2,3,2,7185.0,5670.0
13,2,3,2,7099.0,5313.0
14,2,3,2,6317.0,4073.0
15,2,3,2,5031.0,2302.0
16,2,3,2,2319.0,427.0
17,2,3,2,327.0,0.0
18,2,3,2,0.0,0.0
19,2,3,2,0.0,0.0
20,2,3,2,0.0,0.0
21,2,3,2,0.0,0.0
22,2,3,2,0.0,0.0
23,2,3,2,0.0,0.0
0,3,3,3,0.0,0.0
1,3,3,3,0.0,0.0
2,3,3,3,0.0,0.0
3,3,3,3,0.0,0.0
4,3,3,3,0.0,0.0
5,3,3,3,0.0,22.0
6,3,3,3,36.0,961.0
7,3,3,3,347.0,3290.0
8,3,3,3,1208.0,5591.0
9,3,3,3,2655.0,7262.0
10,3,3,3,3827.0,7562.0
11,3,3,3,5083.0,7185.0
12,3,3,3,5069.0,7099.0
13,3,3,3,5335.0,6317.0
14,3,3,3,4626.0,5031.0
15,3,3,3,3571.0,2319.0
16,3,3,3,2310.0,327.0
17,3,3,3,402.0,0.0
18,3,3,3,1.0,0.0
19,3,3,3,0.0,0.0
20,3,3,3,0.0,0.0
21,3,3,3,0.0,0.0
22,3,3,3,0.0,0.0
23,3,3,3,0.0,0.0
0,4,3,4,0.0,0.0
1,4,3,4,0.0,0.0
2,4,3,4,0.0,0.0
3,4,3,4,0.0,0.0
4,4,3,4,0.0,0.0
5,4,3,4,0.0,36.0
6,4,3,4,12.0,347.0
7,4,3,4,1014.0,1208.0
8,4,3,4,3613.0,2655.0
9,4,3,4,5944.0,3827.0
10,4,3,4,7176.0,5083.0
11,4,3,4,7883.0,5069.0
12,4,3,4,7971.0,5335.0
13,4,3,4,7125.0,4626.0
14,4,3,4,5989.0,3571.0
15,4,3,4,4556.0,2310.0
16,4,3,4,2409.0,402.0
17,4,3,4,448.0,1.0
18,4,3,4,0.0,0.0
19,4,3,4,0.0,0.0
20,4,3,4,0.0,0.0
21,4,3,4,0.0,0.0
22,4,3,4,0.0,0.0
23,4,3,4,0.0,0.0
0,5,3,5,0.0,0.0
1,5,3,5,0.0,0.0
2,5,3,5,0.0,0.0
3,5,3,5,0.0,0.0
4,5,3,5,0.0,0.0
5,5,3,5,0.0,12.0
6,5,3,5,62.0,1014.0
7,5,3,5,832.0,3613.0
8,5,3,5,2092.0,5944.0
9,5,3,5,3185.0,7176.0
10,5,3,5,3805.0,7883.0
11,5,3,5,3730.0,7971.0
12,5,3,5,3411.0,7125.0
13,5,3,5,3070.0,5989.0
14,5,3,5,2452.0,4556.0
15,5,3,5,1730.0,2409.0
16,5,3,5,923.0,448.0
17,5,3,5,214.0,0.0
18,5,3,5,0.0,0.0
19,5,3,5,0.0,0.0
20,5,3,5,0.0,0.0
21,5,3,5,0.0,0.0
22,5,3,5,0.0,0.0
23,5,3,5,0.0,0.0
0,6,3,6,0.0,0.0
1,6,3,6,0.0,0.0
2,6,3,6,0.0,0.0
3,6,3,6,0.0,0.0
4,6,3,6,0.0,0.0
5,6,3,6,0.0,62.0
6,6,3,6,20.0,832.0
7,6,3,6,586.0,2092.0
8,6,3,6,1688.0,3185.0
9,6,3,6,2993.0,3805.0
10,6,3,6,3968.0,3730.0
11,6,3,6,4126.0,3411.0
12,6,3,6,3689.0,3070.0
13,6,3,6,3609.0,2452.0
14,6,3,6,3843.0,1730.0
15,6,3,6,3226.0,923.0
16,6,3,6,1958.0,214.0
17,6,3,6,412.0,0.0
18,6,3,6,0.0,0.0
19,6,3,6,0.0,0.0
20,6,3,6,0.0,0.0
21,6,3,6,0.0,0.0
22,6,3,6,0.0,0.0
23,6,3,6,0.0,0.0
0,7,3,0,0.0,0.0
1,7,3,0,0.0,0.0
2,7,3,0,0.0,0.0
3,7,3,0,0.0,0.0
4,7,3,0,0.0,0.0
5,7,3,0,0.0,20.0
6,7,3,0,19.0,586.0
7,7,3,0,672.0,1688.0
8,7,3,0,2361.0,2993.0
9,7,3,0,3862.0,3968.0
10,7,3,0,4856.0,4126.0
11,7,3,0,5929.0,3689.0
12,7,3,0,5790.0,3609.0
13,7,3,0,5619.0,3843.0
14,7,3,0,5082.0,3226.0
15,7,3,0,4463.0,1958.0
16,7,3,0,2521.0,412.0
17,7,3,0,533.0,0.0
18,7,3,0,1.0,0.0
19,7,3,0,0.0,0.0
20,7,3,0,0.0,0.0
21,7,3,0,0.0,0.0
22,7,3,0,0.0,0.0
23,7,3,0,0.0,0.0
0,8,3,1,0.0,0.0
1,8,3,1,0.0,0.0
2,8,3,1,0.0,0.0
3,8,3,1,0.0,0.0
4,8,3,1,0.0,0.0
5,8,3,1,0.0,19.0
6,8,3,1,51.0,672.0
7,8,3,1,850.0,2361.0
8,8,3,1,2579.0,3862.0
9,8,3,1,4010.0,4856.0
10,8,3,1,5012.0,5929.0
11,8,3,1,5079.0,5790.0
12,8,3,1,5263.0,5619.0
13,8,3,1,4778.0,5082.0
14,8,3,1,4393.0,4463.0
15,8,3,1,3283.0,2521.0
16,8,3,1,1553.0,533.0
17,8,3,1,393.0,1.0
18,8,3,1,1.0,0.0
19,8,3,1,0.0,0.0
20,8,3,1,0.0,0.0
21,8,3,1,0.0,0.0
22,8,3,1,0.0,0.0
23,8,3,1,0.0,0.0
0,9,3,2,0.0,0.0
1,9,3,2,0.0,0.0
2,9,3,2,0.0,0.0
3,9,3,2,0.0,0.0
4,9,3,2,0.0,0.0
5,9,3,2,0.0,51.0
6,9,3,2,66.0,850.0
7,9,3,2,723.0,2579.0
8,9,3,2,1707.0,4010.0
9,9,3,2,2624.0,5012.0
10,9,3,2,3721.0,5079.0
11,9,3,2,4170.0,5263.0
12,9,3,2,4639.0,4778.0
13,9,3,2,4608.0,4393.0
14,9,3,2,4231.0,3283.0
15,9,3,2,2765.0,1553.0
16,9,3,2,1566.0,393.0
17,9,3,2,377.0,1.0
18,9,3,2,1.0,0.0
19,9,3,2,0.0,0.0
20,9,3,2,0.0,0.0
21,9,3,2,0.0,0.0
22,9,3,2,0.0,0.0
23,9,3,2,0.0,0.0
0,10,3,3,0.0,0.0
1,10,3,3,0.0,0.0
2,10,3,3,0.0,0.0
3,10,3,3,0.0,0.0
4,10,3,3,0.0,0.0
5,10,3,3,0.0,66.0
6,10,3,3,29.0,723.0
7,10,3,3,857.0,1707.0
8,10,3,3,2312.0,2624.0
9,10,3,3,4314.0,3721.0
10,10,3,3,5526.0,4170.0
11,10,3,3,5812.0,4639.0
12,10,3,3,5398.0,4608.0
13,10,3,3,5329.0,4231.0
14,10,3,3,4676.0,2765.0
15,10,3,3,3593.0,1566.0
16,10,3,3,2233.0,377.0
17,10,3,3,669.0,1.0
18,10,3,3,29.0,0.0
19,10,3,3,29.0,0.0
20,10,3,3,29.0,0.0
21,10,3,3,29.0,0.0
22,10,3,3,29.0,0.0
23,10,3,3,29.0,0.0
0,11,3,4,0.0,0.0
1,11,3,4,0.0,0.0
2,11,3,4,0.0,0.0
3,11,3,4,0.0,0.0
4,11,3,4,0.0,0.0
5,11,3,4,0.0,29.0
6,11,3,4,53.0,857.0
7,11,3,4,797.0,2312.0
8,11,3,4,2131.0,4314.0
9,11,3,4,3319.0,5526.0
10,11,3,4,4052.0,5812.0
11,11,3,4,4493.0,5398.0
12,11,3,4,4847.0,5329.0
13,11,3,4,4683.0,4676.0
14,11,3,4,4040.0,3593.0
15,11,3,4,3168.0,2233.0
16,11,3,4,1924.0,669.0
17,11,3,4,625.0,29.0
18,11,3,4,31.0,29.0
19,11,3,4,29.0,29.0
20,11,3,4,29.0,29.0
21,11,3,4,29.0,29.0
22,11,3,4,29.0,29.0
23,11,3,4,29.0,0.0
0,12,3,5,0.0,0.0
1,12,3,5,0.0,0.0
2,12,3,5,0.0,0.0
3,12,3,5,0.0,0.0
4,12,3,5,0.0,0.0
5,12,3,5,0.0,53.0
6,12,3,5,18.0,797.0
7,12,3,5,723.0,2131.0
8,12,3,5,2453.0,3319.0
9,12,3,5,4228.0,4052.0
10,12,3,5,5581.0,4493.0
11,12,3,5,6307.0,4847.0
12,12,3,5,6053.0,4683.0
13,12,3,5,5764.0,4040.0
14,12,3,5,4376.0,3168.0
15,12,3,5,3652.0,1924.0
16,12,3,5,2209.0,625.0
17,12,3,5,725.0,31.0
18,12,3,5,32.0,29.0
19,12,3,5,29.0,29.0
20,12,3,5,29.0,29.0
21,12,3,5,29.0,29.0
22,12,3,5,29.0,29.0
23,12,3,5,29.0,0.0
0,13,3,6,0.0,0.0
1,13,3,6,0.0,0.0
2,13,3,6,0.0,0.0
3,13,3,6,0.0,0.0
4,13,3,6,0.0,0.0
5,13,3,6,0.0,18.0
6,13,3,6,27.0,723.0
7,13,3,6,704.0,2453.0
8,13,3,6,2264.0,4228.0
9,13,3,6,3963.0,5581.0
10,13,3,6,4598.0,6307.0
11,13,3,6,4860.0,6053.0
12,13,3,6,4474.0,5764.0
13,13,3,6,4700.0,4376.0
14,13,3,6,4140.0,3652.0
15,13,3,6,3280.0,2209.0
16,13,3,6,1927.0,725.0
17,13,3,6,659.0,32.0
18,13,3,6,32.0,29.0
19,13,3,6,29.0,29.0
20,13,3,6,29.0,29.0
21,13,3,6,29.0,29.0
22,13,3,6,29.0,29.0
23,13,3,6,29.0,0.0
0,14,3,0,0.0,0.0
1,14,3,0,0.0,0.0
2,14,3,0,0.0,0.0
3,14,3,0,0.0,0.0
4,14,3,0,0.0,0.0
5,14,3,0,0.0,27.0
6,14,3,0,39.0,704.0
7,14,3,0,1061.0,2264.0
8,14,3,0,3049.0,3963.0
9,14,3,0,4988.0,4598.0
10,14,3,0,5648.0,4860.0
11,14,3,0,5372.0,4474.0
12,14,3,0,5288.0,4700.0
13,14,3,0,5003.0,4140.0
14,14,3,0,4744.0,3280.0
15,14,3,0,3648.0,1927.0
16,14,3,0,2191.0,659.0
17,14,3,0,753.0,32.0
18,14,3,0,47.0,29.0
19,14,3,0,29.0,29.0
20,14,3,0,29.0,29.0
21,14,3,0,29.0,29.0
22,14,3,0,29.0,29.0
23,14,3,0,29.0,0.0
0,15,3,1,0.0,0.0
1,15,3,1,0.0,0.0
2,15,3,1,0.0,0.0
3,15,3,1,0.0,0.0
4,15,3,1,0.0,0.0
5,15,3,1,0.0,39.0
6,15,3,1,53.0,1061.0
7,15,3,1,1192.0,3049.0
8,15,3,1,3348.0,4988.0
9,15,3,1,5593.0,5648.0
10,15,3,1,6355.0,5372.0
11,15,3,1,6073.0,5288.0
12,15,3,1,5940.0,5003.0
13,15,3,1,5484.0,4744.0
14,15,3,1,4459.0,3648.0
15,15,3,1,3180.0,2191.0
16,15,3,1,1793.0,753.0
17,15,3,1,578.0,47.0
18,15,3,1,31.0,29.0
19,15,3,1,29.0,29.0
20,15,3,1,29.0,29.0
21,15,3,1,29.0,29.0
22,15,3,1,29.0,29.0
23,15,3,1,29.0,0.0
0,16,3,2,0.0,0.0
1,16,3,2,0.0,0.0
2,16,3,2,0.0,0.0
3,16,3,2,0.0,0.0
4,16,3,2,0.0,0.0
5,16,3,2,0.0,53.0
6,16,3,2,75.0,1192.0
7,16,3,2,865.0,3348.0
8,16,3,2,2506.0,5593.0
9,16,3,2,3781.0,6355.0
10,16,3,2,4389.0,6073.0
11,16,3,2,4780.0,5940.0
12,16,3,2,4992.0,5484.0
13,16,3,2,4903.0,4459.0
14,16,3,2,4341.0,3180.0
15,16,3,2,3280.0,1793.0
16,16,3,2,1767.0,578.0
17,16,3,2,648.0,31.0
18,16,3,2,56.0,29.0
19,16,3,2,29.0,29.0
20,16,3,2,29.0,29.0
21,16,3,2,29.0,29.0
22,16,3,2,29.0,29.0
23,16,3,2,29.0,0.0
0,17,3,3,0.0,0.0
1,17,3,3,0.0,0.0
2,17,3,3,0.0,0.0
3,17,3,3,0.0,0.0
4,17,3,3,0.0,0.0
5,17,3,3,0.0,75.0
6,17,3,3,48.0,865.0
7,17,3,3,853.0,2506.0
8,17,3,3,2198.0,3781.0
9,17,3,3,3495.0,4389.0
10,17,3,3,4690.0,4780.0
11,17,3,3,6057.0,4992.0
12,17,3,3,6236.0,4903.0
13,17,3,3,5390.0,4341.0
14,17,3,3,4893.0,3280.0
15,17,3,3,3376.0,1767.0
16,17,3,3,2068.0,648.0
17,17,3,3,881.0,56.0
18,17,3,3,77.0,29.0
19,17,3,3,29.0,29.0
20,17,3,3,29.0,29.0
21,17,3,3,29.0,29.0
22,17,3,3,29.0,29.0
23,17,3,3,29.0,0.0
0,18,3,4,0.0,0.0
1,18,3,4,0.0,0.0
2,18,3,4,0.0,0.0
3,18,3,4,0.0,0.0
4,18,3,4,0.0,0.0
5,18,3,4,0.0,48.0
6,18,3,4,59.0,853.0
7,18,3,4,1239.0,2198.0
8,18,3,4,3209.0,3495.0
9,18,3,4,5354.0,4690.0
10,18,3,4,6825.0,6057.0
11,18,3,4,7100.0,6236.0
12,18,3,4,7048.0,5390.0
13,18,3,4,6585.0,4893.0
14,18,3,4,6170.0,3376.0
15,18,3,4,4736.0,2068.0
16,18,3,4,3017.0,881.0
17,18,3,4,1259.0,77.0
18,18,3,4,104.0,29.0
19,18,3,4,29.0,29.0
20,18,3,4,29.0,29.0
21,18,3,4,29.0,29.0
22,18,3,4,29.0,29.0
23,18,3,4,29.0,0.0
0,19,3,5,0.0,0.0
1,19,3,5,0.0,0.0
2,19,3,5,0.0,0.0
3,19,3,5,0.0,0.0
4,19,3,5,0.0,0.0
5,19,3,5,0.0,59.0
6,19,3,5,193.0,1239.0
7,19,3,5,2240.0,3209.0
8,19,3,5,5133.0,5354.0
9,19,3,5,7350.0,6825.0
10,19,3,5,8882.0,7100.0
11,19,3,5,9145.0,7048.0
12,19,3,5,9305.0,6585.0
13,19,3,5,9018.0,6170.0
14,19,3,5,7599.0,4736.0
15,19,3,5,6132.0,3017.0
16,19,3,5,3831.0,1259.0
17,19,3,5,1469.0,104.0
18,19,3,5,114.0,29.0
19,19,3,5,29.0,29.0
20,19,3,5,29.0,29.0
21,19,3,5,29.0,29.0
22,19,3,5,29.0,29.0
23,19,3,5,29.0,0.0
0,20,3,6,0.0,0.0
1,20,3,6,0.0,0.0
2,20,3,6,0.0,0.0
3,20,3,6,0.0,0.0
4,20,3,6,0.0,0.0
5,20,3,6,0.0,193.0
6,20,3,6,226.0,2240.0
7,20,3,6,2096.0,5133.0
8,20,3,6,4588.0,7350.0
9,20,3,6,6634.0,8882.0
10,20,3,6,8114.0,9145.0
11,20,3,6,8643.0,9305.0
12,20,3,6,8751.0,9018.0
13,20,3,6,7909.0,7599.0
14,20,3,6,6736.0,6132.0
15,20,3,6,4865.0,3831.0
16,20,3,6,2936.0,1469.0
17,20,3,6,1172.0,114.0
18,20,3,6,96.0,29.0
19,20,3,6,29.0,29.0
20,20,3,6,29.0,29.0
21,20,3,6,29.0,29.0
22,20,3,6,29.0,29.0
23,20,3,6,29.0,0.0
0,21,3,0,0.0,0.0
1,21,3,0,0.0,0.0
2,21,3,0,0.0,0.0
3,21,3,0,0.0,0.0
4,21,3,0,0.0,0.0
5,21,3,0,0.0,226.0
6,21,3,0,159.0,2096.0
7,21,3,0,1233.0,4588.0
8,21,3,0,2790.0,6634.0
9,21,3,0,4336.0,8114.0
10,21,3,0,5529.0,8643.0
11,21,3,0,6188.0,8751.0
12,21,3,0,6322.0,7909.0
13,21,3,0,5778.0,6736.0
14,21,3,0,5855.0,4865.0
15,21,3,0,4363.0,2936.0
16,21,3,0,2761.0,1172.0
17,21,3,0,1177.0,96.0
18,21,3,0,106.0,29.0
19,21,3,0,29.0,29.0
20,21,3,0,29.0,29.0
21,21,3,0,29.0,29.0
22,21,3,0,29.0,29.0
23,21,3,0,29.0,0.0
0,22,3,1,0.0,0.0
1,22,3,1,0.0,0.0
2,22,3,1,0.0,0.0
3,22,3,1,0.0,0.0
4,22,3,1,0.0,0.0
5,22,3,1,0.0,159.0
6,22,3,1,143.0,1233.0
7,22,3,1,1164.0,2790.0
8,22,3,1,2726.0,4336.0
9,22,3,1,4140.0,5529.0
10,22,3,1,4925.0,6188.0
11,22,3,1,5254.0,6322.0
12,22,3,1,5192.0,5778.0
13,22,3,1,4811.0,5855.0
14,22,3,1,4809.0,4363.0
15,22,3,1,3597.0,2761.0
16,22,3,1,2336.0,1177.0
17,22,3,1,1042.0,106.0
18,22,3,1,108.0,29.0
19,22,3,1,29.0,29.0
20,22,3,1,29.0,29.0
21,22,3,1,29.0,29.0
22,22,3,1,29.0,29.0
23,22,3,1,29.0,0.0
0,23,3,2,0.0,0.0
1,23,3,2,0.0,0.0
2,23,3,2,0.0,0.0
3,23,3,2,0.0,0.0
4,23,3,2,0.0,0.0
5,23,3,2,0.0,143.0
6,23,3,2,122.0,1164.0
7,23,3,2,881.0,2726.0
8,23,3,2,1820.0,4140.0
9,23,3,2,3201.0,4925.0
10,23,3,2,4261.0,5254.0
11,23,3,2,5307.0,5192.0
12,23,3,2,5584.0,4811.0
13,23,3,2,4754.0,4809.0
14,23,3,2,4598.0,3597.0
15,23,3,2,3567.0,2336.0
16,23,3,2,2357.0,1042.0
17,23,3,2,1064.0,108.0
18,23,3,2,120.0,29.0
19,23,3,2,29.0,29.0
20,23,3,2,29.0,29.0
21,23,3,2,29.0,29.0
22,23,3,2,29.0,29.0
23,23,3,2,29.0,0.0
0,24,3,3,0.0,0.0
1,24,3,3,0.0,0.0
2,24,3,3,0.0,0.0
3,24,3,3,0.0,0.0
4,24,3,3,0.0,0.0
5,24,3,3,0.0,122.0
6,24,3,3,134.0,881.0
7,24,3,3,1494.0,1820.0
8,24,3,3,3559.0,3201.0
9,24,3,3,5243.0,4261.0
10,24,3,3,6852.0,5307.0
11,24,3,3,7427.0,5584.0
12,24,3,3,7860.0,4754.0
13,24,3,3,6938.0,4598.0
14,24,3,3,6490.0,3567.0
15,24,3,3,5082.0,2357.0
16,24,3,3,3347.0,1064.0
17,24,3,3,1485.0,120.0
18,24,3,3,161.0,29.0
19,24,3,3,29.0,29.0
20,24,3,3,29.0,29.0
21,24,3,3,29.0,29.0
22,24,3,3,29.0,29.0
23,24,3,3,29.0,0.0
0,25,3,4,0.0,0.0
1,25,3,4,0.0,0.0
2,25,3,4,0.0,0.0
3,25,3,4,0.0,0.0
4,25,3,4,0.0,0.0
5,25,3,4,0.0,134.0
6,25,3,4,320.0,1494.0
7,25,3,4,2436.0,3559.0
8,25,3,4,4890.0,5243.0
9,25,3,4,6745.0,6852.0
10,25,3,4,8031.0,7427.0
11,25,3,4,8292.0,7860.0
12,25,3,4,8264.0,6938.0
13,25,3,4,7911.0,6490.0
14,25,3,4,7350.0,5082.0
15,25,3,4,5647.0,3347.0
16,25,3,4,3494.0,1485.0
17,25,3,4,1396.0,161.0
18,25,3,4,138.0,29.0
19,25,3,4,29.0,29.0
20,25,3,4,29.0,29.0
21,25,3,4,29.0,29.0
22,25,3,4,29.0,29.0
23,25,3,4,29.0,0.0
0,26,3,5,0.0,0.0
1,26,3,5,0.0,0.0
2,26,3,5,0.0,0.0
3,26,3,5,0.0,0.0
4,26,3,5,0.0,0.0
5,26,3,5,0.0,320.0
6,26,3,5,190.0,2436.0
7,26,3,5,1480.0,4890.0
8,26,3,5,3866.0,6745.0
9,26,3,5,6108.0,8031.0
10,26,3,5,6947.0,8292.0
11,26,3,5,7280.0,8264.0
12,26,3,5,7335.0,7911.0
13,26,3,5,6604.0,7350.0
14,26,3,5,6038.0,5647.0
15,26,3,5,5077.0,3494.0
16,26,3,5,3261.0,1396.0
17,26,3,5,1544.0,138.0
18,26,3,5,178.0,29.0
19,26,3,5,29.0,29.0
20,26,3,5,29.0,29.0
21,26,3,5,29.0,29.0
22,26,3,5,29.0,29.0
23,26,3,5,29.0,0.0
0,27,3,6,0.0,0.0
1,27,3,6,0.0,0.0
2,27,3,6,0.0,0.0
3,27,3,6,0.0,0.0
4,27,3,6,0.0,0.0
5,27,3,6,2.0,190.0
6,27,3,6,463.0,1480.0
7,27,3,6,2294.0,3866.0
8,27,3,6,4626.0,6108.0
9,27,3,6,6238.0,6947.0
10,27,3,6,7613.0,7280.0
11,27,3,6,8074.0,7335.0
12,27,3,6,8548.0,6604.0
13,27,3,6,8197.0,6038.0
14,27,3,6,7107.0,5077.0
15,27,3,6,5304.0,3261.0
16,27,3,6,3109.0,1544.0
17,27,3,6,743.0,178.0
18,27,3,6,29.0,29.0
19,27,3,6,29.0,29.0
20,27,3,6,29.0,29.0
21,27,3,6,29.0,29.0
22,27,3,6,29.0,29.0
23,27,3,6,0.0,0.0
0,28,3,0,0.0,0.0
1,28,3,0,0.0,0.0
2,28,3,0,0.0,0.0
3,28,3,0,0.0,0.0
4,28,3,0,0.0,2.0
5,28,3,0,0.0,463.0
6,28,3,0,154.0,2294.0
7,28,3,0,919.0,4626.0
8,28,3,0,2041.0,6238.0
9,28,3,0,3045.0,7613.0
10,28,3,0,4429.0,8074.0
11,28,3,0,4872.0,8548.0
12,28,3,0,4603.0,8197.0
13,28,3,0,5282.0,7107.0
14,28,3,0,4268.0,5304.0
15,28,3,0,3121.0,3109.0
16,28,3,0,2128.0,743.0
17,28,3,0,1003.0,29.0
18,28,3,0,133.0,29.0
19,28,3,0,29.0,29.0
20,28,3,0,29.0,29.0
21,28,3,0,29.0,29.0
22,28,3,0,29.0,0.0
23,28,3,0,0.0,0.0
0,29,3,1,0.0,0.0
1,29,3,1,0.0,0.0
2,29,3,1,0.0,0.0
3,29,3,1,0.0,0.0
4,29,3,1,0.0,0.0
5,29,3,1,1.0,154.0
6,29,3,1,365.0,919.0
7,29,3,1,2023.0,2041.0
8,29,3,1,4493.0,3045.0
9,29,3,1,6538.0,4429.0
10,29,3,1,7597.0,4872.0
11,29,3,1,7541.0,4603.0
12,29,3,1,7933.0,5282.0
13,29,3,1,7518.0,4268.0
14,29,3,1,6824.0,3121.0
15,29,3,1,5310.0,2128.0
16,29,3,1,3424.0,1003.0
17,29,3,1,1513.0,133.0
18,29,3,1,193.0,29.0
19,29,3,1,29.0,29.0
20,29,3,1,29.0,29.0
21,29,3,1,29.0,29.0
22,29,3,1,29.0,0.0
23,29,3,1,0.0,0.0
0,30,3,2,0.0,0.0
1,30,3,2,0.0,0.0
2,30,3,2,0.0,0.0
3,30,3,2,0.0,0.0
4,30,3,2,0.0,1.0
5,30,3,2,1.0,365.0
6,30,3,2,410.0,2023.0
7,30,3,2,2386.0,4493.0
8,30,3,2,4668.0,6538.0
9,30,3,2,6392.0,7597.0
10,30,3,2,7084.0,7541.0
11,30,3,2,7479.0,7933.0
12,30,3,2,7455.0,7518.0
13,30,3,2,7223.0,6824.0
14,30,3,2,6564.0,5310.0
15,30,3,2,5056.0,3424.0
16,30,3,2,3053.0,1513.0
17,30,3,2,1040.0,193.0
18,30,3,2,57.0,29.0
19,30,3,2,0.0,29.0
20,30,3,2,0.0,29.0
21,30,3,2,0.0,29.0
22,30,3,2,0.0,0.0
23,30,3,2,0.0,0.0
0,31,3,3,0.0,0.0
1,31,3,3,0.0,0.0
2,31,3,3,0.0,0.0
3,31,3,3,0.0,0.0
4,31,3,3,0.0,1.0
5,31,3,3,1.0,410.0
6,31,3,3,418.0,2386.0
7,31,3,3,2118.0,4668.0
8,31,3,3,4040.0,6392.0
9,31,3,3,6155.0,7084.0
10,31,3,3,7310.0,7479.0
11,31,3,3,7242.0,7455.0
12,31,3,3,6915.0,7223.0
13,31,3,3,6525.0,6564.0
14,31,3,3,5696.0,5056.0
15,31,3,3,4185.0,3053.0
16,31,3,3,2429.0,1040.0
17,31,3,3,749.0,57.0
18,31,3,3,46.0,0.0
19,31,3,3,0.0,0.0
20,31,3,3,0.0,0.0
21,31,3,3,0.0,0.0
22,31,3,3,0.0,0.0
23,31,3,3,0.0,0.0
0,1,4,4,0.0,0.0
1,1,4,4,0.0,0.0
2,1,4,4,0.0,0.0
3,1,4,4,0.0,0.0
4,1,4,4,0.0,1.0
5,1,4,4,0.0,418.0
6,1,4,4,266.0,2118.0
7,1,4,4,1338.0,4040.0
8,1,4,4,2818.0,6155.0
9,1,4,4,4124.0,7310.0
10,1,4,4,5025.0,7242.0
11,1,4,4,5264.0,6915.0
12,1,4,4,5304.0,6525.0
13,1,4,4,6265.0,5696.0
14,1,4,4,5690.0,4185.0
15,1,4,4,4509.0,2429.0
16,1,4,4,3029.0,749.0
17,1,4,4,1391.0,46.0
18,1,4,4,198.0,0.0
19,1,4,4,32.0,0.0
20,1,4,4,32.0,0.0
21,1,4,4,32.0,0.0
22,1,4,4,32.0,0.0
23,1,4,4,180.0,0.0
0,2,4,5,180.0,0.0
1,2,4,5,180.0,0.0
2,2,4,5,180.0,0.0
3,2,4,5,180.0,0.0
4,2,4,5,180.0,0.0
5,2,4,5,157.0,266.0
6,2,4,5,208.0,1338.0
7,2,4,5,1058.0,2818.0
8,2,4,5,2347.0,4124.0
9,2,4,5,3627.0,5025.0
10,2,4,5,4166.0,5264.0
11,2,4,5,4844.0,5304.0
12,2,4,5,5219.0,6265.0
13,2,4,5,5621.0,5690.0
14,2,4,5,5554.0,4509.0
15,2,4,5,4726.0,3029.0
16,2,4,5,2915.0,1391.0
17,2,4,5,1376.0,198.0
18,2,4,5,206.0,32.0
19,2,4,5,29.0,32.0
20,2,4,5,29.0,32.0
21,2,4,5,29.0,32.0
22,2,4,5,29.0,180.0
23,2,4,5,0.0,180.0
0,3,4,6,0.0,180.0
1,3,4,6,0.0,180.0
2,3,4,6,0.0,180.0
3,3,4,6,0.0,180.0
4,3,4,6,0.0,157.0
5,3,4,6,1.0,208.0
6,3,4,6,401.0,1058.0
7,3,4,6,1921.0,2347.0
8,3,4,6,3751.0,3627.0
9,3,4,6,5464.0,4166.0
10,3,4,6,6102.0,4844.0
11,3,4,6,6668.0,5219.0
12,3,4,6,7157.0,5621.0
13,3,4,6,7875.0,5554.0
14,3,4,6,7120.0,4726.0
15,3,4,6,5600.0,2915.0
16,3,4,6,3603.0,1376.0
17,3,4,6,1535.0,206.0
18,3,4,6,227.0,29.0
19,3,4,6,29.0,29.0
20,3,4,6,29.0,29.0
21,3,4,6,29.0,29.0
22,3,4,6,29.0,0.0
23,3,4,6,0.0,0.0
0,4,4,0,0.0,0.0
1,4,4,0,0.0,0.0
2,4,4,0,0.0,0.0
3,4,4,0,0.0,0.0
4,4,4,0,0.0,1.0
5,4,4,0,2.0,401.0
6,4,4,0,427.0,1921.0
7,4,4,0,1884.0,3751.0
8,4,4,0,3622.0,5464.0
9,4,4,0,5439.0,6102.0
10,4,4,0,6397.0,6668.0
11,4,4,0,7198.0,7157.0
12,4,4,0,7237.0,7875.0
13,4,4,0,7830.0,7120.0
14,4,4,0,6970.0,5600.0
15,4,4,0,5375.0,3603.0
16,4,4,0,3524.0,1535.0
17,4,4,0,1603.0,227.0
18,4,4,0,229.0,29.0
19,4,4,0,29.0,29.0
20,4,4,0,29.0,29.0
21,4,4,0,29.0,29.0
22,4,4,0,29.0,0.0
23,4,4,0,0.0,0.0
0,5,4,1,0.0,0.0
1,5,4,1,0.0,0.0
2,5,4,1,0.0,0.0
3,5,4,1,0.0,0.0
4,5,4,1,0.0,2.0
5,5,4,1,5.0,427.0
6,5,4,1,486.0,1884.0
7,5,4,1,1931.0,3622.0
8,5,4,1,3532.0,5439.0
9,5,4,1,5115.0,6397.0
10,5,4,1,6088.0,7198.0
11,5,4,1,7233.0,7237.0
12,5,4,1,8129.0,7830.0
13,5,4,1,7775.0,6970.0
14,5,4,1,6757.0,5375.0
15,5,4,1,5203.0,3524.0
16,5,4,1,3436.0,1603.0
17,5,4,1,1550.0,229.0
18,5,4,1,244.0,29.0
19,5,4,1,29.0,29.0
20,5,4,1,29.0,29.0
21,5,4,1,29.0,29.0
22,5,4,1,29.0,0.0
23,5,4,1,0.0,0.0
0,6,4,2,0.0,0.0
1,6,4,2,0.0,0.0
2,6,4,2,0.0,0.0
3,6,4,2,0.0,0.0
4,6,4,2,0.0,5.0
5,6,4,2,0.0,486.0
6,6,4,2,483.0,1931.0
7,6,4,2,2186.0,3532.0
8,6,4,2,4124.0,5115.0
9,6,4,2,5742.0,6088.0
10,6,4,2,7080.0,7233.0
11,6,4,2,8083.0,8129.0
12,6,4,2,8387.0,7775.0
13,6,4,2,8150.0,6757.0
14,6,4,2,7352.0,5203.0
15,6,4,2,5688.0,3436.0
16,6,4,2,3500.0,1550.0
17,6,4,2,1592.0,244.0
18,6,4,2,273.0,29.0
19,6,4,2,29.0,29.0
20,6,4,2,29.0,29.0
21,6,4,2,29.0,29.0
22,6,4,2,29.0,0.0
23,6,4,2,0.0,0.0
0,7,4,3,0.0,0.0
1,7,4,3,0.0,0.0
2,7,4,3,0.0,0.0
3,7,4,3,0.0,0.0
4,7,4,3,0.0,0.0
5,7,4,3,3.0,483.0
6,7,4,3,442.0,2186.0
7,7,4,3,1707.0,4124.0
8,7,4,3,3385.0,5742.0
9,7,4,3,4907.0,7080.0
10,7,4,3,5462.0,8083.0
11,7,4,3,5921.0,8387.0
12,7,4,3,6116.0,8150.0
13,7,4,3,6434.0,7352.0
14,7,4,3,5481.0,5688.0
15,7,4,3,4050.0,3500.0
16,7,4,3,2551.0,1592.0
17,7,4,3,1281.0,273.0
18,7,4,3,299.0,29.0
19,7,4,3,57.0,29.0
20,7,4,3,48.0,29.0
21,7,4,3,48.0,29.0
22,7,4,3,48.0,0.0
23,7,4,3,0.0,0.0
0,8,4,4,0.0,0.0
1,8,4,4,0.0,0.0
2,8,4,4,0.0,0.0
3,8,4,4,0.0,0.0
4,8,4,4,0.0,3.0
5,8,4,4,0.0,442.0
6,8,4,4,248.0,1707.0
7,8,4,4,1061.0,3385.0
8,8,4,4,1908.0,4907.0
9,8,4,4,2770.0,5462.0
10,8,4,4,3491.0,5921.0
11,8,4,4,3906.0,6116.0
12,8,4,4,3877.0,6434.0
13,8,4,4,4529.0,5481.0
14,8,4,4,3807.0,4050.0
15,8,4,4,3239.0,2551.0
16,8,4,4,2237.0,1281.0
17,8,4,4,1004.0,299.0
18,8,4,4,228.0,57.0
19,8,4,4,57.0,48.0
20,8,4,4,48.0,48.0
21,8,4,4,47.0,48.0
22,8,4,4,47.0,0.0
23,8,4,4,0.0,0.0
0,9,4,5,0.0,0.0
1,9,4,5,0.0,0.0
2,9,4,5,0.0,0.0
3,9,4,5,0.0,0.0
4,9,4,5,0.0,0.0
5,9,4,5,2.0,248.0
6,9,4,5,426.0,1061.0
7,9,4,5,1829.0,1908.0
8,9,4,5,3408.0,2770.0
9,9,4,5,4878.0,3491.0
10,9,4,5,6058.0,3906.0
11,9,4,5,6557.0,3877.0
12,9,4,5,6371.0,4529.0
13,9,4,5,7085.0,3807.0
14,9,4,5,5524.0,3239.0
15,9,4,5,3906.0,2237.0
16,9,4,5,2738.0,1004.0
17,9,4,5,1366.0,228.0
18,9,4,5,281.0,57.0
19,9,4,5,53.0,48.0
20,9,4,5,47.0,47.0
21,9,4,5,48.0,47.0
22,9,4,5,48.0,0.0
23,9,4,5,0.0,0.0
0,10,4,6,0.0,0.0
1,10,4,6,0.0,0.0
2,10,4,6,0.0,0.0
3,10,4,6,0.0,0.0
4,10,4,6,0.0,2.0
5,10,4,6,2.0,426.0
6,10,4,6,460.0,1829.0
7,10,4,6,2034.0,3408.0
8,10,4,6,4145.0,4878.0
9,10,4,6,5653.0,6058.0
10,10,4,6,7042.0,6557.0
11,10,4,6,7913.0,6371.0
12,10,4,6,8266.0,7085.0
13,10,4,6,7953.0,5524.0
14,10,4,6,7031.0,3906.0
15,10,4,6,5868.0,2738.0
16,10,4,6,4023.0,1366.0
17,10,4,6,1948.0,281.0
18,10,4,6,406.0,53.0
19,10,4,6,57.0,47.0
20,10,4,6,47.0,48.0
21,10,4,6,47.0,48.0
22,10,4,6,47.0,0.0
23,10,4,6,0.0,0.0
0,11,4,0,0.0,0.0
1,11,4,0,0.0,0.0
2,11,4,0,0.0,0.0
3,11,4,0,0.0,0.0
4,11,4,0,0.0,2.0
5,11,4,0,13.0,460.0
6,11,4,0,834.0,2034.0
7,11,4,0,3187.0,4145.0
8,11,4,0,5687.0,5653.0
9,11,4,0,7645.0,7042.0
10,11,4,0,8655.0,7913.0
11,11,4,0,9495.0,8266.0
12,11,4,0,9574.0,7953.0
13,11,4,0,9046.0,7031.0
14,11,4,0,8363.0,5868.0
15,11,4,0,6708.0,4023.0
16,11,4,0,4442.0,1948.0
17,11,4,0,2080.0,406.0
18,11,4,0,416.0,57.0
19,11,4,0,58.0,47.0
20,11,4,0,55.0,47.0
21,11,4,0,60.0,47.0
22,11,4,0,55.0,0.0
23,11,4,0,0.0,0.0
0,12,4,1,0.0,0.0
1,12,4,1,0.0,0.0
2,12,4,1,0.0,0.0
3,12,4,1,0.0,0.0
4,12,4,1,0.0,13.0
5,12,4,1,16.0,834.0
6,12,4,1,775.0,3187.0
7,12,4,1,2977.0,5687.0
8,12,4,1,5540.0,7645.0
9,12,4,1,7371.0,8655.0
10,12,4,1,8098.0,9495.0
11,12,4,1,8679.0,9574.0
12,12,4,1,8771.0,9046.0
13,12,4,1,8410.0,8363.0
14,12,4,1,7599.0,6708.0
15,12,4,1,5870.0,4442.0
16,12,4,1,3849.0,2080.0
17,12,4,1,1835.0,416.0
18,12,4,1,371.0,58.0
19,12,4,1,30.0,55.0
20,12,4,1,29.0,60.0
21,12,4,1,29.0,55.0
22,12,4,1,31.0,0.0
23,12,4,1,0.0,0.0
0,13,4,2,0.0,0.0
1,13,4,2,0.0,0.0
2,13,4,2,0.0,0.0
3,13,4,2,0.0,0.0
4,13,4,2,0.0,16.0
5,13,4,2,32.0,775.0
6,13,4,2,604.0,2977.0
7,13,4,2,1924.0,5540.0
8,13,4,2,3466.0,7371.0
9,13,4,2,5343.0,8098.0
10,13,4,2,6343.0,8679.0
11,13,4,2,7161.0,8771.0
12,13,4,2,6838.0,8410.0
13,13,4,2,6781.0,7599.0
14,13,4,2,5943.0,5870.0
15,13,4,2,4576.0,3849.0
16,13,4,2,3004.0,1835.0
17,13,4,2,1583.0,371.0
18,13,4,2,355.0,30.0
19,13,4,2,34.0,29.0
20,13,4,2,32.0,29.0
21,13,4,2,36.0,31.0
22,13,4,2,43.0,0.0
23,13,4,2,0.0,0.0
0,14,4,3,0.0,0.0
1,14,4,3,0.0,0.0
2,14,4,3,0.0,0.0
3,14,4,3,0.0,0.0
4,14,4,3,0.0,32.0
5,14,4,3,9.0,604.0
6,14,4,3,706.0,1924.0
7,14,4,3,2923.0,3466.0
8,14,4,3,5251.0,5343.0
9,14,4,3,7520.0,6343.0
10,14,4,3,8505.0,7161.0
11,14,4,3,8834.0,6838.0
12,14,4,3,9137.0,6781.0
13,14,4,3,8641.0,5943.0
14,14,4,3,7892.0,4576.0
15,14,4,3,6280.0,3004.0
16,14,4,3,4115.0,1583.0
17,14,4,3,1866.0,355.0
18,14,4,3,411.0,34.0
19,14,4,3,64.0,32.0
20,14,4,3,52.0,36.0
21,14,4,3,58.0,43.0
22,14,4,3,54.0,0.0
23,14,4,3,0.0,0.0
0,15,4,4,0.0,0.0
1,15,4,4,0.0,0.0
2,15,4,4,0.0,0.0
3,15,4,4,0.0,0.0
4,15,4,4,0.0,9.0
5,15,4,4,24.0,706.0
6,15,4,4,1028.0,2923.0
7,15,4,4,3483.0,5251.0
8,15,4,4,5831.0,7520.0
9,15,4,4,7803.0,8505.0
10,15,4,4,8493.0,8834.0
11,15,4,4,8819.0,9137.0
12,15,4,4,8562.0,8641.0
13,15,4,4,8107.0,7892.0
14,15,4,4,7376.0,6280.0
15,15,4,4,5895.0,4115.0
16,15,4,4,3900.0,1866.0
17,15,4,4,1762.0,411.0
18,15,4,4,353.0,64.0
19,15,4,4,31.0,52.0
20,15,4,4,31.0,58.0
21,15,4,4,32.0,54.0
22,15,4,4,41.0,0.0
23,15,4,4,0.0,0.0
0,16,4,5,0.0,0.0
1,16,4,5,0.0,0.0
2,16,4,5,0.0,0.0
3,16,4,5,0.0,0.0
4,16,4,5,1587.0,24.0
5,16,4,5,38.0,1028.0
6,16,4,5,1051.0,3483.0
7,16,4,5,2002.0,5831.0
8,16,4,5,3428.0,7803.0
9,16,4,5,7729.0,8493.0
10,16,4,5,8427.0,8819.0
11,16,4,5,8772.0,8562.0
12,16,4,5,8532.0,8107.0
13,16,4,5,8091.0,7376.0
14,16,4,5,7658.0,5895.0
15,16,4,5,5773.0,3900.0
16,16,4,5,3491.0,1762.0
17,16,4,5,1273.0,353.0
18,16,4,5,132.0,31.0
19,16,4,5,0.0,31.0
20,16,4,5,0.0,32.0
21,16,4,5,0.0,41.0
22,16,4,5,0.0,0.0
23,16,4,5,0.0,0.0
0,17,4,6,0.0,0.0
1,17,4,6,0.0,0.0
2,17,4,6,0.0,0.0
3,17,4,6,0.0,1587.0
4,17,4,6,0.0,38.0
5,17,4,6,34.0,1051.0
6,17,4,6,854.0,2002.0
7,17,4,6,2675.0,3428.0
8,17,4,6,4366.0,7729.0
9,17,4,6,5681.0,8427.0
10,17,4,6,6847.0,8772.0
11,17,4,6,7506.0,8532.0
12,17,4,6,7703.0,8091.0
13,17,4,6,7026.0,7658.0
14,17,4,6,6194.0,5773.0
15,17,4,6,4808.0,3491.0
16,17,4,6,3055.0,1273.0
17,17,4,6,1260.0,132.0
18,17,4,6,151.0,0.0
19,17,4,6,29.0,0.0
20,17,4,6,29.0,0.0
21,17,4,6,29.0,0.0
22,17,4,6,29.0,0.0
23,17,4,6,0.0,0.0
0,18,4,0,0.0,0.0
1,18,4,0,0.0,0.0
2,18,4,0,0.0,0.0
3,18,4,0,0.0,0.0
4,18,4,0,0.0,34.0
5,18,4,0,30.0,854.0
6,18,4,0,710.0,2675.0
7,18,4,0,2050.0,4366.0
8,18,4,0,3693.0,5681.0
9,18,4,0,4806.0,6847.0
10,18,4,0,5666.0,7506.0
11,18,4,0,6665.0,7703.0
12,18,4,0,7105.0,7026.0
13,18,4,0,6992.0,6194.0
14,18,4,0,6077.0,4808.0
15,18,4,0,5038.0,3055.0
16,18,4,0,3302.0,1260.0
17,18,4,0,1338.0,151.0
18,18,4,0,181.0,29.0
19,18,4,0,29.0,29.0
20,18,4,0,29.0,29.0
21,18,4,0,30.0,29.0
22,18,4,0,36.0,0.0
23,18,4,0,0.0,0.0
0,19,4,1,0.0,0.0
1,19,4,1,0.0,0.0
2,19,4,1,0.0,0.0
3,19,4,1,0.0,0.0
4,19,4,1,0.0,30.0
5,19,4,1,40.0,710.0
6,19,4,1,882.0,2050.0
7,19,4,1,2898.0,3693.0
8,19,4,1,4828.0,4806.0
9,19,4,1,6713.0,5666.0
10,19,4,1,7997.0,6665.0
11,19,4,1,8986.0,7105.0
12,19,4,1,8478.0,6992.0
13,19,4,1,8070.0,6077.0
14,19,4,1,7664.0,5038.0
15,19,4,1,6005.0,3302.0
16,19,4,1,4041.0,1338.0
17,19,4,1,1674.0,181.0
18,19,4,1,233.0,29.0
19,19,4,1,56.0,29.0
20,19,4,1,47.0,30.0
21,19,4,1,46.0,36.0
22,19,4,1,46.0,0.0
23,19,4,1,0.0,0.0
0,20,4,2,0.0,0.0
1,20,4,2,0.0,0.0
2,20,4,2,0.0,0.0
3,20,4,2,0.0,0.0
4,20,4,2,0.0,40.0
5,20,4,2,43.0,882.0
6,20,4,2,1149.0,2898.0
7,20,4,2,3694.0,4828.0
8,20,4,2,6201.0,6713.0
9,20,4,2,8304.0,7997.0
10,20,4,2,9272.0,8986.0
11,20,4,2,9667.0,8478.0
12,20,4,2,9720.0,8070.0
13,20,4,2,8849.0,7664.0
14,20,4,2,8154.0,6005.0
15,20,4,2,6486.0,4041.0
16,20,4,2,4241.0,1674.0
17,20,4,2,1655.0,233.0
18,20,4,2,205.0,56.0
19,20,4,2,32.0,47.0
20,20,4,2,31.0,46.0
21,20,4,2,33.0,46.0
22,20,4,2,33.0,0.0
23,20,4,2,0.0,0.0
0,21,4,3,0.0,0.0
1,21,4,3,0.0,0.0
2,21,4,3,0.0,0.0
3,21,4,3,0.0,0.0
4,21,4,3,0.0,43.0
5,21,4,3,70.0,1149.0
6,21,4,3,1132.0,3694.0
7,21,4,3,3526.0,6201.0
8,21,4,3,6024.0,8304.0
9,21,4,3,7663.0,9272.0
10,21,4,3,8226.0,9667.0
11,21,4,3,8485.0,9720.0
12,21,4,3,8330.0,8849.0
13,21,4,3,8126.0,8154.0
14,21,4,3,7284.0,6486.0
15,21,4,3,5665.0,4241.0
16,21,4,3,3387.0,1655.0
17,21,4,3,1401.0,205.0
18,21,4,3,188.0,32.0
19,21,4,3,30.0,31.0
20,21,4,3,32.0,33.0
21,21,4,3,34.0,33.0
22,21,4,3,32.0,0.0
23,21,4,3,0.0,0.0
0,22,4,4,0.0,0.0
1,22,4,4,0.0,0.0
2,22,4,4,0.0,0.0
3,22,4,4,0.0,0.0
4,22,4,4,0.0,70.0
5,22,4,4,52.0,1132.0
6,22,4,4,975.0,3526.0
7,22,4,4,2894.0,6024.0
8,22,4,4,4874.0,7663.0
9,22,4,4,6126.0,8226.0
10,22,4,4,6691.0,8485.0
11,22,4,4,7263.0,8330.0
12,22,4,4,7388.0,8126.0
13,22,4,4,6812.0,7284.0
14,22,4,4,5820.0,5665.0
15,22,4,4,4571.0,3387.0
16,22,4,4,2819.0,1401.0
17,22,4,4,1235.0,188.0
18,22,4,4,201.0,30.0
19,22,4,4,52.0,32.0
20,22,4,4,50.0,34.0
21,22,4,4,59.0,32.0
22,22,4,4,59.0,0.0
23,22,4,4,0.0,0.0
0,23,4,5,5758.0,0.0
1,23,4,5,0.0,0.0
2,23,4,5,0.0,0.0
3,23,4,5,0.0,0.0
4,23,4,5,0.0,52.0
5,23,4,5,49.0,975.0
6,23,4,5,702.0,2894.0
7,23,4,5,2050.0,4874.0
8,23,4,5,3554.0,6126.0
9,23,4,5,4520.0,6691.0
10,23,4,5,5213.0,7263.0
11,23,4,5,5758.0,7388.0
12,23,4,5,5569.0,6812.0
13,23,4,5,5375.0,5820.0
14,23,4,5,5147.0,4571.0
15,23,4,5,3476.0,2819.0
16,23,4,5,2089.0,1235.0
17,23,4,5,960.0,201.0
18,23,4,5,32.0,52.0
19,23,4,5,0.0,50.0
20,23,4,5,0.0,59.0
21,23,4,5,0.0,59.0
22,23,4,5,0.0,0.0
23,23,4,5,0.0,5758.0
0,24,4,6,0.0,0.0
1,24,4,6,0.0,0.0
2,24,4,6,0.0,0.0
3,24,4,6,0.0,0.0
4,24,4,6,0.0,49.0
5,24,4,6,47.0,702.0
6,24,4,6,629.0,2050.0
7,24,4,6,1892.0,3554.0
8,24,4,6,3223.0,4520.0
9,24,4,6,4415.0,5213.0
10,24,4,6,5526.0,5758.0
11,24,4,6,5410.0,5569.0
12,24,4,6,6059.0,5375.0
13,24,4,6,5669.0,5147.0
14,24,4,6,4894.0,3476.0
15,24,4,6,3930.0,2089.0
16,24,4,6,2614.0,960.0
17,24,4,6,1176.0,32.0
18,24,4,6,215.0,0.0
19,24,4,6,58.0,0.0
20,24,4,6,48.0,0.0
21,24,4,6,68.0,0.0
22,24,4,6,68.0,0.0
23,24,4,6,0.0,0.0
0,25,4,0,0.0,0.0
1,25,4,0,0.0,0.0
2,25,4,0,0.0,0.0
3,25,4,0,0.0,0.0
4,25,4,0,0.0,47.0
5,25,4,0,25.0,629.0
6,25,4,0,792.0,1892.0
7,25,4,0,2613.0,3223.0
8,25,4,0,4584.0,4415.0
9,25,4,0,6279.0,5526.0
10,25,4,0,7655.0,5410.0
11,25,4,0,7356.0,6059.0
12,25,4,0,8142.0,5669.0
13,25,4,0,7206.0,4894.0
14,25,4,0,6942.0,3930.0
15,25,4,0,5640.0,2614.0
16,25,4,0,3610.0,1176.0
17,25,4,0,1612.0,215.0
18,25,4,0,254.0,58.0
19,25,4,0,63.0,48.0
20,25,4,0,64.0,68.0
21,25,4,0,67.0,68.0
22,25,4,0,68.0,0.0
23,25,4,0,0.0,0.0
0,26,4,1,0.0,0.0
1,26,4,1,0.0,0.0
2,26,4,1,0.0,0.0
3,26,4,1,0.0,0.0
4,26,4,1,0.0,25.0
5,26,4,1,76.0,792.0
6,26,4,1,1285.0,2613.0
7,26,4,1,3566.0,4584.0
8,26,4,1,5429.0,6279.0
9,26,4,1,6369.0,7655.0
10,26,4,1,6681.0,7356.0
11,26,4,1,6328.0,8142.0
12,26,4,1,6281.0,7206.0
13,26,4,1,7146.0,6942.0
14,26,4,1,6291.0,5640.0
15,26,4,1,4519.0,3610.0
16,26,4,1,3136.0,1612.0
17,26,4,1,1493.0,254.0
18,26,4,1,214.0,63.0
19,26,4,1,45.0,64.0
20,26,4,1,47.0,67.0
21,26,4,1,50.0,68.0
22,26,4,1,48.0,0.0
23,26,4,1,0.0,0.0
0,27,4,2,0.0,0.0
1,27,4,2,0.0,0.0
2,27,4,2,0.0,0.0
3,27,4,2,0.0,0.0
4,27,4,2,0.0,76.0
5,27,4,2,81.0,1285.0
6,27,4,2,1216.0,3566.0
7,27,4,2,3601.0,5429.0
8,27,4,2,5693.0,6369.0
9,27,4,2,7442.0,6681.0
10,27,4,2,7723.0,6328.0
11,27,4,2,7979.0,6281.0
12,27,4,2,8170.0,7146.0
13,27,4,2,8096.0,6291.0
14,27,4,2,7342.0,4519.0
15,27,4,2,5743.0,3136.0
16,27,4,2,3638.0,1493.0
17,27,4,2,1598.0,214.0
18,27,4,2,242.0,45.0
19,27,4,2,30.0,47.0
20,27,4,2,31.0,50.0
21,27,4,2,31.0,48.0
22,27,4,2,32.0,0.0
23,27,4,2,0.0,0.0
0,28,4,3,0.0,0.0
1,28,4,3,0.0,0.0
2,28,4,3,0.0,0.0
3,28,4,3,0.0,0.0
4,28,4,3,0.0,81.0
5,28,4,3,108.0,1216.0
6,28,4,3,1018.0,3601.0
7,28,4,3,2513.0,5693.0
8,28,4,3,3666.0,7442.0
9,28,4,3,4916.0,7723.0
10,28,4,3,5455.0,7979.0
11,28,4,3,5946.0,8170.0
12,28,4,3,5895.0,8096.0
13,28,4,3,5436.0,7342.0
14,28,4,3,3723.0,5743.0
15,28,4,3,2928.0,3638.0
16,28,4,3,2064.0,1598.0
17,28,4,3,1037.0,242.0
18,28,4,3,207.0,30.0
19,28,4,3,40.0,31.0
20,28,4,3,35.0,31.0
21,28,4,3,31.0,32.0
22,28,4,3,31.0,0.0
23,28,4,3,0.0,0.0
0,29,4,4,0.0,0.0
1,29,4,4,0.0,0.0
2,29,4,4,0.0,0.0
3,29,4,4,0.0,0.0
4,29,4,4,0.0,108.0
5,29,4,4,88.0,1018.0
6,29,4,4,1065.0,2513.0
7,29,4,4,3091.0,3666.0
8,29,4,4,5370.0,4916.0
9,29,4,4,7169.0,5455.0
10,29,4,4,7620.0,5946.0
11,29,4,4,8362.0,5895.0
12,29,4,4,8923.0,5436.0
13,29,4,4,8107.0,3723.0
14,29,4,4,7212.0,2928.0
15,29,4,4,5628.0,2064.0
16,29,4,4,3600.0,1037.0
17,29,4,4,1545.0,207.0
18,29,4,4,250.0,40.0
19,29,4,4,29.0,35.0
20,29,4,4,32.0,31.0
21,29,4,4,32.0,31.0
22,29,4,4,29.0,0.0
23,29,4,4,0.0,0.0
0,30,4,5,0.0,0.0
1,30,4,5,0.0,0.0
2,30,4,5,0.0,0.0
3,30,4,5,0.0,0.0
4,30,4,5,0.0,88.0
5,30,4,5,139.0,1065.0
6,30,4,5,1319.0,3091.0
7,30,4,5,3618.0,5370.0
8,30,4,5,5858.0,7169.0
9,30,4,5,7449.0,7620.0
10,30,4,5,8359.0,8362.0
11,30,4,5,8526.0,8923.0
12,30,4,5,8815.0,8107.0
13,30,4,5,7602.0,7212.0
14,30,4,5,6948.0,5628.0
15,30,4,5,5244.0,3600.0
16,30,4,5,3236.0,1545.0
17,30,4,5,1379.0,250.0
18,30,4,5,237.0,29.0
19,30,4,5,29.0,32.0
20,30,4,5,30.0,32.0
21,30,4,5,35.0,29.0
22,30,4,5,39.0,0.0
23,30,4,5,0.0,0.0
0,1,5,6,0.0,0.0
1,1,5,6,0.0,0.0
2,1,5,6,0.0,0.0
3,1,5,6,0.0,0.0
4,1,5,6,0.0,139.0
5,1,5,6,95.0,1319.0
6,1,5,6,619.0,3618.0
7,1,5,6,1589.0,5858.0
8,1,5,6,2648.0,7449.0
9,1,5,6,3285.0,8359.0
10,1,5,6,3501.0,8526.0
11,1,5,6,3484.0,8815.0
12,1,5,6,3818.0,7602.0
13,1,5,6,4449.0,6948.0
14,1,5,6,4495.0,5244.0
15,1,5,6,3645.0,3236.0
16,1,5,6,2617.0,1379.0
17,1,5,6,1105.0,237.0
18,1,5,6,183.0,29.0
19,1,5,6,0.0,30.0
20,1,5,6,0.0,35.0
21,1,5,6,0.0,39.0
22,1,5,6,0.0,0.0
23,1,5,6,0.0,0.0
0,2,5,0,0.0,0.0
1,2,5,0,0.0,0.0
2,2,5,0,0.0,0.0
3,2,5,0,0.0,0.0
4,2,5,0,0.0,95.0
5,2,5,0,98.0,619.0
6,2,5,0,741.0,1589.0
7,2,5,0,1625.0,2648.0
8,2,5,0,2381.0,3285.0
9,2,5,0,3334.0,3501.0
10,2,5,0,4020.0,3484.0
11,2,5,0,4826.0,3818.0
12,2,5,0,5374.0,4449.0
13,2,5,0,4406.0,4495.0
14,2,5,0,4292.0,3645.0
15,2,5,0,3440.0,2617.0
16,2,5,0,2311.0,1105.0
17,2,5,0,1041.0,183.0
18,2,5,0,221.0,0.0
19,2,5,0,56.0,0.0
20,2,5,0,59.0,0.0
21,2,5,0,59.0,0.0
22,2,5,0,65.0,0.0
23,2,5,0,0.0,0.0
0,3,5,1,0.0,0.0
1,3,5,1,0.0,0.0
2,3,5,1,0.0,0.0
3,3,5,1,0.0,0.0
4,3,5,1,0.0,98.0
5,3,5,1,99.0,741.0
6,3,5,1,1039.0,1625.0
7,3,5,1,2894.0,2381.0
8,3,5,1,4779.0,3334.0
9,3,5,1,6916.0,4020.0
10,3,5,1,7898.0,4826.0
11,3,5,1,8358.0,5374.0
12,3,5,1,7957.0,4406.0
13,3,5,1,7502.0,4292.0
14,3,5,1,7472.0,3440.0
15,3,5,1,5923.0,2311.0
16,3,5,1,3728.0,1041.0
17,3,5,1,1459.0,221.0
18,3,5,1,241.0,56.0
19,3,5,1,46.0,59.0
20,3,5,1,54.0,59.0
21,3,5,1,54.0,65.0
22,3,5,1,52.0,0.0
23,3,5,1,0.0,0.0
0,4,5,2,0.0,0.0
1,4,5,2,0.0,0.0
2,4,5,2,0.0,0.0
3,4,5,2,0.0,0.0
4,4,5,2,0.0,99.0
5,4,5,2,87.0,1039.0
6,4,5,2,1044.0,2894.0
7,4,5,2,3239.0,4779.0
8,4,5,2,5730.0,6916.0
9,4,5,2,7266.0,7898.0
10,4,5,2,8808.0,8358.0
11,4,5,2,9284.0,7957.0
12,4,5,2,8704.0,7502.0
13,4,5,2,7926.0,7472.0
14,4,5,2,7919.0,5923.0
15,4,5,2,6326.0,3728.0
16,4,5,2,4186.0,1459.0
17,4,5,2,1640.0,241.0
18,4,5,2,290.0,46.0
19,4,5,2,46.0,54.0
20,4,5,2,46.0,54.0
21,4,5,2,39.0,52.0
22,4,5,2,37.0,0.0
23,4,5,2,0.0,0.0
0,5,5,3,0.0,0.0
1,5,5,3,0.0,0.0
2,5,5,3,0.0,0.0
3,5,5,3,0.0,0.0
4,5,5,3,0.0,87.0
5,5,5,3,153.0,1044.0
6,5,5,3,1460.0,3239.0
7,5,5,3,3782.0,5730.0
8,5,5,3,5826.0,7266.0
9,5,5,3,7196.0,8808.0
10,5,5,3,8473.0,9284.0
11,5,5,3,9606.0,8704.0
12,5,5,3,9793.0,7926.0
13,5,5,3,9086.0,7919.0
14,5,5,3,8358.0,6326.0
15,5,5,3,5959.0,4186.0
16,5,5,3,3989.0,1640.0
17,5,5,3,1812.0,290.0
18,5,5,3,292.0,46.0
19,5,5,3,29.0,46.0
20,5,5,3,29.0,39.0
21,5,5,3,29.0,37.0
22,5,5,3,30.0,0.0
23,5,5,3,0.0,0.0
0,6,5,4,0.0,0.0
1,6,5,4,0.0,0.0
2,6,5,4,0.0,0.0
3,6,5,4,0.0,0.0
4,6,5,4,0.0,153.0
5,6,5,4,165.0,1460.0
6,6,5,4,1561.0,3782.0
7,6,5,4,4062.0,5826.0
8,6,5,4,6584.0,7196.0
9,6,5,4,8425.0,8473.0
10,6,5,4,9590.0,9606.0
11,6,5,4,9938.0,9793.0
12,6,5,4,9931.0,9086.0
13,6,5,4,8192.0,8358.0
14,6,5,4,7563.0,5959.0
15,6,5,4,6382.0,3989.0
16,6,5,4,4153.0,1812.0
17,6,5,4,1740.0,292.0
18,6,5,4,289.0,29.0
19,6,5,4,30.0,29.0
20,6,5,4,30.0,29.0
21,6,5,4,31.0,30.0
22,6,5,4,32.0,0.0
23,6,5,4,0.0,0.0
0,7,5,5,0.0,0.0
1,7,5,5,0.0,0.0
2,7,5,5,0.0,0.0
3,7,5,5,0.0,0.0
4,7,5,5,0.0,165.0
5,7,5,5,177.0,1561.0
6,7,5,5,1468.0,4062.0
7,7,5,5,3729.0,6584.0
8,7,5,5,5806.0,8425.0
9,7,5,5,7570.0,9590.0
10,7,5,5,8543.0,9938.0
11,7,5,5,9060.0,9931.0
12,7,5,5,8615.0,8192.0
13,7,5,5,8310.0,7563.0
14,7,5,5,7431.0,6382.0
15,7,5,5,5747.0,4153.0
16,7,5,5,3673.0,1740.0
17,7,5,5,1538.0,289.0
18,7,5,5,305.0,30.0
19,7,5,5,42.0,30.0
20,7,5,5,44.0,31.0
21,7,5,5,45.0,32.0
22,7,5,5,44.0,0.0
23,7,5,5,0.0,0.0
0,8,5,6,0.0,0.0
1,8,5,6,0.0,0.0
2,8,5,6,0.0,0.0
3,8,5,6,0.0,0.0
4,8,5,6,0.0,177.0
5,8,5,6,181.0,1468.0
6,8,5,6,1300.0,3729.0
7,8,5,6,3213.0,5806.0
8,8,5,6,5209.0,7570.0
9,8,5,6,7009.0,8543.0
10,8,5,6,7824.0,9060.0
11,8,5,6,7923.0,8615.0
12,8,5,6,7735.0,8310.0
13,8,5,6,7430.0,7431.0
14,8,5,6,6770.0,5747.0
15,8,5,6,5302.0,3673.0
16,8,5,6,3313.0,1538.0
17,8,5,6,1444.0,305.0
18,8,5,6,287.0,42.0
19,8,5,6,35.0,44.0
20,8,5,6,33.0,45.0
21,8,5,6,32.0,44.0
22,8,5,6,33.0,0.0
23,8,5,6,0.0,0.0
0,9,5,0,0.0,0.0
1,9,5,0,0.0,0.0
2,9,5,0,0.0,0.0
3,9,5,0,0.0,0.0
4,9,5,0,0.0,181.0
5,9,5,0,183.0,1300.0
6,9,5,0,1092.0,3213.0
7,9,5,0,2586.0,5209.0
8,9,5,0,4386.0,7009.0
9,9,5,0,5347.0,7824.0
10,9,5,0,6619.0,7923.0
11,9,5,0,6940.0,7735.0
12,9,5,0,6794.0,7430.0
13,9,5,0,5637.0,6770.0
14,9,5,0,5290.0,5302.0
15,9,5,0,4330.0,3313.0
16,9,5,0,2999.0,1444.0
17,9,5,0,1300.0,287.0
18,9,5,0,253.0,35.0
19,9,5,0,29.0,33.0
20,9,5,0,29.0,32.0
21,9,5,0,29.0,33.0
22,9,5,0,29.0,0.0
23,9,5,0,0.0,0.0
0,10,5,1,0.0,0.0
1,10,5,1,0.0,0.0
2,10,5,1,0.0,0.0
3,10,5,1,0.0,0.0
4,10,5,1,0.0,183.0
5,10,5,1,156.0,1092.0
6,10,5,1,1032.0,2586.0
7,10,5,1,2812.0,4386.0
8,10,5,1,4685.0,5347.0
9,10,5,1,6263.0,6619.0
10,10,5,1,7421.0,6940.0
11,10,5,1,7712.0,6794.0
12,10,5,1,7710.0,5637.0
13,10,5,1,7146.0,5290.0
14,10,5,1,6179.0,4330.0
15,10,5,1,4843.0,2999.0
16,10,5,1,3090.0,1300.0
17,10,5,1,1418.0,253.0
18,10,5,1,288.0,29.0
19,10,5,1,29.0,29.0
20,10,5,1,29.0,29.0
21,10,5,1,29.0,29.0
22,10,5,1,29.0,0.0
23,10,5,1,0.0,0.0
0,11,5,2,0.0,0.0
1,11,5,2,0.0,0.0
2,11,5,2,0.0,0.0
3,11,5,2,0.0,0.0
4,11,5,2,0.0,156.0
5,11,5,2,71.0,1032.0
6,11,5,2,659.0,2812.0
7,11,5,2,1241.0,4685.0
8,11,5,2,1763.0,6263.0
9,11,5,2,2726.0,7421.0
10,11,5,2,3993.0,7712.0
11,11,5,2,4142.0,7710.0
12,11,5,2,4756.0,7146.0
13,11,5,2,4858.0,6179.0
14,11,5,2,4322.0,4843.0
15,11,5,2,3279.0,3090.0
16,11,5,2,2300.0,1418.0
17,11,5,2,1024.0,288.0
18,11,5,2,247.0,29.0
19,11,5,2,39.0,29.0
20,11,5,2,33.0,29.0
21,11,5,2,29.0,29.0
22,11,5,2,31.0,0.0
23,11,5,2,0.0,0.0
0,12,5,3,0.0,0.0
1,12,5,3,0.0,0.0
2,12,5,3,0.0,0.0
3,12,5,3,0.0,0.0
4,12,5,3,0.0,71.0
5,12,5,3,68.0,659.0
6,12,5,3,690.0,1241.0
7,12,5,3,1988.0,1763.0
8,12,5,3,4032.0,2726.0
9,12,5,3,5753.0,3993.0
10,12,5,3,7154.0,4142.0
11,12,5,3,7316.0,4756.0
12,12,5,3,6830.0,4858.0
13,12,5,3,7268.0,4322.0
14,12,5,3,6491.0,3279.0
15,12,5,3,4919.0,2300.0
16,12,5,3,3295.0,1024.0
17,12,5,3,1575.0,247.0
18,12,5,3,348.0,39.0
19,12,5,3,46.0,33.0
20,12,5,3,45.0,29.0
21,12,5,3,46.0,31.0
22,12,5,3,46.0,0.0
23,12,5,3,0.0,0.0
0,13,5,4,0.0,0.0
1,13,5,4,0.0,0.0
2,13,5,4,0.0,0.0
3,13,5,4,0.0,0.0
4,13,5,4,0.0,68.0
5,13,5,4,180.0,690.0
6,13,5,4,1251.0,1988.0
7,13,5,4,2820.0,4032.0
8,13,5,4,4336.0,5753.0
9,13,5,4,5909.0,7154.0
10,13,5,4,5670.0,7316.0
11,13,5,4,5568.0,6830.0
12,13,5,4,5925.0,7268.0
13,13,5,4,6915.0,6491.0
14,13,5,4,5784.0,4919.0
15,13,5,4,4263.0,3295.0
16,13,5,4,2870.0,1575.0
17,13,5,4,1377.0,348.0
18,13,5,4,338.0,46.0
19,13,5,4,48.0,45.0
20,13,5,4,48.0,46.0
21,13,5,4,48.0,46.0
22,13,5,4,48.0,0.0
23,13,5,4,0.0,0.0
0,14,5,5,0.0,0.0
1,14,5,5,0.0,0.0
2,14,5,5,0.0,0.0
3,14,5,5,0.0,0.0
4,14,5,5,0.0,180.0
5,14,5,5,174.0,1251.0
6,14,5,5,1232.0,2820.0
7,14,5,5,2622.0,4336.0
8,14,5,5,4165.0,5909.0
9,14,5,5,5553.0,5670.0
10,14,5,5,6302.0,5568.0
11,14,5,5,7065.0,5925.0
12,14,5,5,7286.0,6915.0
13,14,5,5,6607.0,5784.0
14,14,5,5,5855.0,4263.0
15,14,5,5,4522.0,2870.0
16,14,5,5,2971.0,1377.0
17,14,5,5,1290.0,338.0
18,14,5,5,328.0,48.0
19,14,5,5,43.0,48.0
20,14,5,5,39.0,48.0
21,14,5,5,41.0,48.0
22,14,5,5,40.0,0.0
23,14,5,5,0.0,0.0
0,15,5,6,0.0,0.0
1,15,5,6,0.0,0.0
2,15,5,6,0.0,0.0
3,15,5,6,0.0,0.0
4,15,5,6,0.0,174.0
5,15,5,6,199.0,1232.0
6,15,5,6,1113.0,2622.0
7,15,5,6,2760.0,4165.0
8,15,5,6,4678.0,5553.0
9,15,5,6,5801.0,6302.0
10,15,5,6,6615.0,7065.0
11,15,5,6,7722.0,7286.0
12,15,5,6,7842.0,6607.0
13,15,5,6,6959.0,5855.0
14,15,5,6,5893.0,4522.0
15,15,5,6,4421.0,2971.0
16,15,5,6,3032.0,1290.0
17,15,5,6,1450.0,328.0
18,15,5,6,365.0,43.0
19,15,5,6,51.0,39.0
20,15,5,6,48.0,41.0
21,15,5,6,48.0,40.0
22,15,5,6,48.0,0.0
23,15,5,6,0.0,0.0
0,16,5,0,0.0,0.0
1,16,5,0,0.0,0.0
2,16,5,0,0.0,0.0
3,16,5,0,0.0,0.0
4,16,5,0,0.0,199.0
5,16,5,0,202.0,1113.0
6,16,5,0,1556.0,2760.0
7,16,5,0,3570.0,4678.0
8,16,5,0,5804.0,5801.0
9,16,5,0,7476.0,6615.0
10,16,5,0,8012.0,7722.0
11,16,5,0,8765.0,7842.0
12,16,5,0,9275.0,6959.0
13,16,5,0,8780.0,5893.0
14,16,5,0,7030.0,4421.0
15,16,5,0,4791.0,3032.0
16,16,5,0,3408.0,1450.0
17,16,5,0,1668.0,365.0
18,16,5,0,451.0,51.0
19,16,5,0,52.0,48.0
20,16,5,0,39.0,48.0
21,16,5,0,31.0,48.0
22,16,5,0,32.0,0.0
23,16,5,0,0.0,0.0
0,17,5,1,0.0,0.0
1,17,5,1,0.0,0.0
2,17,5,1,0.0,0.0
3,17,5,1,0.0,0.0
4,17,5,1,0.0,202.0
5,17,5,1,176.0,1556.0
6,17,5,1,1129.0,3570.0
7,17,5,1,3023.0,5804.0
8,17,5,1,5255.0,7476.0
9,17,5,1,7497.0,8012.0
10,17,5,1,8088.0,8765.0
11,17,5,1,7517.0,9275.0
12,17,5,1,7504.0,8780.0
13,17,5,1,7482.0,7030.0
14,17,5,1,6414.0,4791.0
15,17,5,1,5138.0,3408.0
16,17,5,1,3654.0,1668.0
17,17,5,1,2009.0,451.0
18,17,5,1,560.0,52.0
19,17,5,1,73.0,39.0
20,17,5,1,43.0,31.0
21,17,5,1,41.0,32.0
22,17,5,1,38.0,0.0
23,17,5,1,0.0,0.0
0,18,5,2,0.0,0.0
1,18,5,2,0.0,0.0
2,18,5,2,0.0,0.0
3,18,5,2,0.0,0.0
4,18,5,2,1.0,176.0
5,18,5,2,246.0,1129.0
6,18,5,2,1726.0,3023.0
7,18,5,2,4194.0,5255.0
8,18,5,2,6428.0,7497.0
9,18,5,2,8031.0,8088.0
10,18,5,2,8952.0,7517.0
11,18,5,2,9020.0,7504.0
12,18,5,2,9206.0,7482.0
13,18,5,2,8898.0,6414.0
14,18,5,2,7314.0,5138.0
15,18,5,2,5762.0,3654.0
16,18,5,2,3830.0,2009.0
17,18,5,2,1804.0,560.0
18,18,5,2,471.0,73.0
19,18,5,2,49.0,43.0
20,18,5,2,29.0,41.0
21,18,5,2,30.0,38.0
22,18,5,2,30.0,0.0
23,18,5,2,0.0,0.0
0,19,5,3,0.0,0.0
1,19,5,3,0.0,0.0
2,19,5,3,0.0,0.0
3,19,5,3,0.0,1.0
4,19,5,3,5.0,246.0
5,19,5,3,261.0,1726.0
6,19,5,3,1196.0,4194.0
7,19,5,3,2463.0,6428.0
8,19,5,3,3677.0,8031.0
9,19,5,3,4479.0,8952.0
10,19,5,3,5679.0,9020.0
11,19,5,3,6261.0,9206.0
12,19,5,3,5630.0,8898.0
13,19,5,3,5693.0,7314.0
14,19,5,3,4791.0,5762.0
15,19,5,3,3803.0,3830.0
16,19,5,3,2770.0,1804.0
17,19,5,3,1475.0,471.0
18,19,5,3,411.0,49.0
19,19,5,3,45.0,29.0
20,19,5,3,32.0,30.0
21,19,5,3,34.0,30.0
22,19,5,3,34.0,0.0
23,19,5,3,0.0,0.0
0,20,5,4,0.0,0.0
1,20,5,4,0.0,0.0
2,20,5,4,0.0,0.0
3,20,5,4,0.0,5.0
4,20,5,4,2.0,261.0
5,20,5,4,187.0,1196.0
6,20,5,4,1271.0,2463.0
7,20,5,4,3111.0,3677.0
8,20,5,4,4791.0,4479.0
9,20,5,4,6421.0,5679.0
10,20,5,4,7678.0,6261.0
11,20,5,4,8084.0,5630.0
12,20,5,4,8320.0,5693.0
13,20,5,4,8695.0,4791.0
14,20,5,4,7323.0,3803.0
15,20,5,4,5872.0,2770.0
16,20,5,4,4234.0,1475.0
17,20,5,4,2077.0,411.0
18,20,5,4,527.0,45.0
19,20,5,4,54.0,32.0
20,20,5,4,42.0,34.0
21,20,5,4,37.0,34.0
22,20,5,4,36.0,0.0
23,20,5,4,0.0,0.0
0,21,5,5,0.0,0.0
1,21,5,5,0.0,0.0
2,21,5,5,0.0,0.0
3,21,5,5,0.0,2.0
4,21,5,5,1.0,187.0
5,21,5,5,238.0,1271.0
6,21,5,5,1447.0,3111.0
7,21,5,5,3666.0,4791.0
8,21,5,5,5828.0,6421.0
9,21,5,5,7654.0,7678.0
10,21,5,5,9117.0,8084.0
11,21,5,5,9715.0,8320.0
12,21,5,5,9671.0,8695.0
13,21,5,5,9721.0,7323.0
14,21,5,5,8070.0,5872.0
15,21,5,5,6785.0,4234.0
16,21,5,5,4777.0,2077.0
17,21,5,5,2342.0,527.0
18,21,5,5,551.0,54.0
19,21,5,5,51.0,42.0
20,21,5,5,33.0,37.0
21,21,5,5,33.0,36.0
22,21,5,5,34.0,0.0
23,21,5,5,0.0,0.0
0,22,5,6,0.0,0.0
1,22,5,6,0.0,0.0
2,22,5,6,0.0,0.0
3,22,5,6,0.0,1.0
4,22,5,6,1.0,238.0
5,22,5,6,264.0,1447.0
6,22,5,6,1769.0,3666.0
7,22,5,6,4311.0,5828.0
8,22,5,6,6621.0,7654.0
9,22,5,6,8395.0,9117.0
10,22,5,6,9547.0,9715.0
11,22,5,6,10074.0,9671.0
12,22,5,6,10101.0,9721.0
13,22,5,6,10124.0,8070.0
14,22,5,6,8608.0,6785.0
15,22,5,6,7051.0,4777.0
16,22,5,6,4868.0,2342.0
17,22,5,6,2324.0,551.0
18,22,5,6,526.0,51.0
19,22,5,6,48.0,33.0
20,22,5,6,30.0,33.0
21,22,5,6,29.0,34.0
22,22,5,6,29.0,0.0
23,22,5,6,0.0,0.0
0,23,5,0,0.0,0.0
1,23,5,0,0.0,0.0
2,23,5,0,0.0,0.0
3,23,5,0,0.0,1.0
4,23,5,0,4.0,264.0
5,23,5,0,322.0,1769.0
6,23,5,0,1415.0,4311.0
7,23,5,0,3062.0,6621.0
8,23,5,0,4739.0,8395.0
9,23,5,0,6072.0,9547.0
10,23,5,0,7126.0,10074.0
11,23,5,0,6500.0,10101.0
12,23,5,0,7034.0,10124.0
13,23,5,0,8233.0,8608.0
14,23,5,0,7285.0,7051.0
15,23,5,0,6033.0,4868.0
16,23,5,0,4229.0,2324.0
17,23,5,0,2162.0,526.0
18,23,5,0,574.0,48.0
19,23,5,0,66.0,30.0
20,23,5,0,47.0,29.0
21,23,5,0,48.0,29.0
22,23,5,0,47.0,0.0
23,23,5,0,0.0,0.0
0,24,5,1,0.0,0.0
1,24,5,1,0.0,0.0
2,24,5,1,0.0,0.0
3,24,5,1,0.0,4.0
4,24,5,1,2.0,322.0
5,24,5,1,319.0,1415.0
6,24,5,1,1703.0,3062.0
7,24,5,1,3842.0,4739.0
8,24,5,1,6130.0,6072.0
9,24,5,1,7548.0,7126.0
10,24,5,1,7945.0,6500.0
11,24,5,1,8071.0,7034.0
12,24,5,1,8104.0,8233.0
13,24,5,1,8789.0,7285.0
14,24,5,1,7393.0,6033.0
15,24,5,1,6571.0,4229.0
16,24,5,1,4373.0,2162.0
17,24,5,1,2072.0,574.0
18,24,5,1,540.0,66.0
19,24,5,1,67.0,47.0
20,24,5,1,46.0,48.0
21,24,5,1,43.0,47.0
22,24,5,1,44.0,0.0
23,24,5,1,0.0,0.0
0,25,5,2,0.0,0.0
1,25,5,2,0.0,0.0
2,25,5,2,0.0,0.0
3,25,5,2,0.0,2.0
4,25,5,2,5.0,319.0
5,25,5,2,384.0,1703.0
6,25,5,2,1823.0,3842.0
7,25,5,2,4064.0,6130.0
8,25,5,2,6179.0,7548.0
9,25,5,2,7959.0,7945.0
10,25,5,2,9047.0,8071.0
11,25,5,2,9295.0,8104.0
12,25,5,2,9259.0,8789.0
13,25,5,2,9255.0,7393.0
14,25,5,2,8204.0,6571.0
15,25,5,2,6857.0,4373.0
16,25,5,2,4838.0,2072.0
17,25,5,2,2303.0,540.0
18,25,5,2,586.0,67.0
19,25,5,2,71.0,46.0
20,25,5,2,49.0,43.0
21,25,5,2,38.0,44.0
22,25,5,2,45.0,0.0
23,25,5,2,0.0,0.0
0,26,5,3,0.0,0.0
1,26,5,3,0.0,0.0
2,26,5,3,0.0,0.0
3,26,5,3,0.0,5.0
4,26,5,3,7.0,384.0
5,26,5,3,421.0,1823.0
6,26,5,3,1833.0,4064.0
7,26,5,3,4019.0,6179.0
8,26,5,3,4253.0,7959.0
9,26,5,3,7886.0,9047.0
10,26,5,3,8851.0,9295.0
11,26,5,3,9498.0,9259.0
12,26,5,3,9395.0,9255.0
13,26,5,3,9113.0,8204.0
14,26,5,3,7814.0,6857.0
15,26,5,3,6253.0,4838.0
16,26,5,3,4253.0,2303.0
17,26,5,3,2078.0,586.0
18,26,5,3,608.0,71.0
19,26,5,3,53.0,49.0
20,26,5,3,30.0,38.0
21,26,5,3,30.0,45.0
22,26,5,3,30.0,0.0
23,26,5,3,0.0,0.0
0,27,5,4,1.0,0.0
1,27,5,4,13.0,0.0
2,27,5,4,0.0,0.0
3,27,5,4,0.0,7.0
4,27,5,4,12.0,421.0
5,27,5,4,451.0,1833.0
6,27,5,4,1805.0,4019.0
7,27,5,4,3812.0,4253.0
8,27,5,4,6008.0,7886.0
9,27,5,4,7712.0,8851.0
10,27,5,4,8857.0,9498.0
11,27,5,4,9447.0,9395.0
12,27,5,4,9510.0,9113.0
13,27,5,4,9018.0,7814.0
14,27,5,4,7930.0,6253.0
15,27,5,4,6307.0,4253.0
16,27,5,4,4283.0,2078.0
17,27,5,4,2069.0,608.0
18,27,5,4,588.0,53.0
19,27,5,4,38.0,30.0
20,27,5,4,0.0,30.0
21,27,5,4,0.0,30.0
22,27,5,4,0.0,0.0
23,27,5,4,0.0,1.0
0,28,5,5,0.0,13.0
1,28,5,5,0.0,0.0
2,28,5,5,0.0,0.0
3,28,5,5,0.0,12.0
4,28,5,5,8.0,451.0
5,28,5,5,397.0,1805.0
6,28,5,5,1716.0,3812.0
7,28,5,5,3752.0,6008.0
8,28,5,5,6005.0,7712.0
9,28,5,5,7678.0,8857.0
10,28,5,5,8679.0,9447.0
11,28,5,5,9078.0,9510.0
12,28,5,5,8814.0,9018.0
13,28,5,5,8134.0,7930.0
14,28,5,5,7370.0,6307.0
15,28,5,5,5779.0,4283.0
16,28,5,5,3744.0,2069.0
17,28,5,5,1621.0,588.0
18,28,5,5,498.0,38.0
19,28,5,5,27.0,0.0
20,28,5,5,0.0,0.0
21,28,5,5,0.0,0.0
22,28,5,5,0.0,0.0
23,28,5,5,0.0,0.0
0,29,5,6,0.0,0.0
1,29,5,6,0.0,0.0
2,29,5,6,0.0,0.0
3,29,5,6,0.0,8.0
4,29,5,6,2.0,397.0
5,29,5,6,250.0,1716.0
6,29,5,6,960.0,3752.0
7,29,5,6,2180.0,6005.0
8,29,5,6,3396.0,7678.0
9,29,5,6,4108.0,8679.0
10,29,5,6,4292.0,9078.0
11,29,5,6,4795.0,8814.0
12,29,5,6,5134.0,8134.0
13,29,5,6,5812.0,7370.0
14,29,5,6,4940.0,5779.0
15,29,5,6,4400.0,3744.0
16,29,5,6,3184.0,1621.0
17,29,5,6,1611.0,498.0
18,29,5,6,496.0,27.0
19,29,5,6,68.0,0.0
20,29,5,6,63.0,0.0
21,29,5,6,45.0,0.0
22,29,5,6,46.0,0.0
23,29,5,6,0.0,0.0
0,30,5,0,0.0,0.0
1,30,5,0,0.0,0.0
2,30,5,0,0.0,0.0
3,30,5,0,0.0,2.0
4,30,5,0,7.0,250.0
5,30,5,0,340.0,960.0
6,30,5,0,1531.0,2180.0
7,30,5,0,3404.0,3396.0
8,30,5,0,5295.0,4108.0
9,30,5,0,6732.0,4292.0
10,30,5,0,8210.0,4795.0
11,30,5,0,8790.0,5134.0
12,30,5,0,8533.0,5812.0
13,30,5,0,8134.0,4940.0
14,30,5,0,7445.0,4400.0
15,30,5,0,5956.0,3184.0
16,30,5,0,4450.0,1611.0
17,30,5,0,2311.0,496.0
18,30,5,0,608.0,68.0
19,30,5,0,37.0,63.0
20,30,5,0,0.0,45.0
21,30,5,0,0.0,46.0
22,30,5,0,0.0,0.0
23,30,5,0,0.0,0.0
0,31,5,1,0.0,0.0
1,31,5,1,0.0,0.0
2,31,5,1,0.0,0.0
3,31,5,1,0.0,7.0
4,31,5,1,5.0,340.0
5,31,5,1,369.0,1531.0
6,31,5,1,1700.0,3404.0
7,31,5,1,3647.0,5295.0
8,31,5,1,5488.0,6732.0
9,31,5,1,6923.0,8210.0
10,31,5,1,8421.0,8790.0
11,31,5,1,8391.0,8533.0
12,31,5,1,8573.0,8134.0
13,31,5,1,7993.0,7445.0
14,31,5,1,6893.0,5956.0
15,31,5,1,5999.0,4450.0
16,31,5,1,3883.0,2311.0
17,31,5,1,1759.0,608.0
18,31,5,1,514.0,37.0
19,31,5,1,36.0,0.0
20,31,5,1,0.0,0.0
21,31,5,1,0.0,0.0
22,31,5,1,0.0,0.0
23,31,5,1,0.0,0.0
0,1,6,2,0.0,0.0
1,1,6,2,0.0,0.0
2,1,6,2,0.0,0.0
3,1,6,2,0.0,5.0
4,1,6,2,3.0,369.0
5,1,6,2,376.0,1700.0
6,1,6,2,1446.0,3647.0
7,1,6,2,3017.0,5488.0
8,1,6,2,4084.0,6923.0
9,1,6,2,4797.0,8421.0
10,1,6,2,5426.0,8391.0
11,1,6,2,5810.0,8573.0
12,1,6,2,5698.0,7993.0
13,1,6,2,5354.0,6893.0
14,1,6,2,4960.0,5999.0
15,1,6,2,4515.0,3883.0
16,1,6,2,3351.0,1759.0
17,1,6,2,1768.0,514.0
18,1,6,2,637.0,36.0
19,1,6,2,41.0,0.0
20,1,6,2,0.0,0.0
21,1,6,2,0.0,0.0
22,1,6,2,0.0,0.0
23,1,6,2,0.0,0.0
0,2,6,3,0.0,0.0
1,2,6,3,0.0,0.0
2,2,6,3,0.0,0.0
3,2,6,3,0.0,3.0
4,2,6,3,6.0,376.0
5,2,6,3,304.0,1446.0
6,2,6,3,1555.0,3017.0
7,2,6,3,3321.0,4084.0
8,2,6,3,4801.0,4797.0
9,2,6,3,6121.0,5426.0
10,2,6,3,6303.0,5810.0
11,2,6,3,6825.0,5698.0
12,2,6,3,6591.0,5354.0
13,2,6,3,6156.0,4960.0
14,2,6,3,6720.0,4515.0
15,2,6,3,5396.0,3351.0
16,2,6,3,3653.0,1768.0
17,2,6,3,1927.0,637.0
18,2,6,3,608.0,41.0
19,2,6,3,24.0,0.0
20,2,6,3,0.0,0.0
21,2,6,3,0.0,0.0
22,2,6,3,0.0,0.0
23,2,6,3,0.0,0.0
0,3,6,4,0.0,0.0
1,3,6,4,0.0,0.0
2,3,6,4,0.0,0.0
3,3,6,4,0.0,6.0
4,3,6,4,3.0,304.0
5,3,6,4,314.0,1555.0
6,3,6,4,1548.0,3321.0
7,3,6,4,3353.0,4801.0
8,3,6,4,5180.0,6121.0
9,3,6,4,6451.0,6303.0
10,3,6,4,7037.0,6825.0
11,3,6,4,7487.0,6591.0
12,3,6,4,7166.0,6156.0
13,3,6,4,6630.0,6720.0
14,3,6,4,5926.0,5396.0
15,3,6,4,4176.0,3653.0
16,3,6,4,3245.0,1927.0
17,3,6,4,1766.0,608.0
18,3,6,4,548.0,24.0
19,3,6,4,66.0,0.0
20,3,6,4,31.0,0.0
21,3,6,4,31.0,0.0
22,3,6,4,31.0,0.0
23,3,6,4,0.0,0.0
0,4,6,5,0.0,0.0
1,4,6,5,0.0,0.0
2,4,6,5,0.0,0.0
3,4,6,5,0.0,3.0
4,4,6,5,7.0,314.0
5,4,6,5,393.0,1548.0
6,4,6,5,1599.0,3353.0
7,4,6,5,3304.0,5180.0
8,4,6,5,5085.0,6451.0
9,4,6,5,6339.0,7037.0
10,4,6,5,7412.0,7487.0
11,4,6,5,7857.0,7166.0
12,4,6,5,7184.0,6630.0
13,4,6,5,6953.0,5926.0
14,4,6,5,6019.0,4176.0
15,4,6,5,4779.0,3245.0
16,4,6,5,3365.0,1766.0
17,4,6,5,1732.0,548.0
18,4,6,5,597.0,66.0
19,4,6,5,79.0,31.0
20,4,6,5,36.0,31.0
21,4,6,5,34.0,31.0
22,4,6,5,34.0,0.0
23,4,6,5,0.0,0.0
0,5,6,6,0.0,0.0
1,5,6,6,0.0,0.0
2,5,6,6,0.0,0.0
3,5,6,6,0.0,7.0
4,5,6,6,10.0,393.0
5,5,6,6,382.0,1599.0
6,5,6,6,1544.0,3304.0
7,5,6,6,3089.0,5085.0
8,5,6,6,4725.0,6339.0
9,5,6,6,6221.0,7412.0
10,5,6,6,7149.0,7857.0
11,5,6,6,7503.0,7184.0
12,5,6,6,7174.0,6953.0
13,5,6,6,7117.0,6019.0
14,5,6,6,6026.0,4779.0
15,5,6,6,4920.0,3365.0
16,5,6,6,3510.0,1732.0
17,5,6,6,1938.0,597.0
18,5,6,6,753.0,79.0
19,5,6,6,128.0,36.0
20,5,6,6,37.0,34.0
21,5,6,6,36.0,34.0
22,5,6,6,40.0,0.0
23,5,6,6,0.0,0.0
0,6,6,0,0.0,0.0
1,6,6,0,0.0,0.0
2,6,6,0,0.0,0.0
3,6,6,0,0.0,10.0
4,6,6,0,20.0,382.0
5,6,6,0,379.0,1544.0
6,6,6,0,1753.0,3089.0
7,6,6,0,3901.0,4725.0
8,6,6,0,5991.0,6221.0
9,6,6,0,7872.0,7149.0
10,6,6,0,8945.0,7503.0
11,6,6,0,9101.0,7174.0
12,6,6,0,8423.0,7117.0
13,6,6,0,7141.0,6026.0
14,6,6,0,6084.0,4920.0
15,6,6,0,5048.0,3510.0
16,6,6,0,3593.0,1938.0
17,6,6,0,2069.0,753.0
18,6,6,0,817.0,128.0
19,6,6,0,135.0,37.0
20,6,6,0,44.0,36.0
21,6,6,0,40.0,40.0
22,6,6,0,42.0,0.0
23,6,6,0,0.0,0.0
0,7,6,1,0.0,0.0
1,7,6,1,0.0,0.0
2,7,6,1,0.0,0.0
3,7,6,1,0.0,20.0
4,7,6,1,5.0,379.0
5,7,6,1,407.0,1753.0
6,7,6,1,1872.0,3901.0
7,7,6,1,4138.0,5991.0
8,7,6,1,6200.0,7872.0
9,7,6,1,7736.0,8945.0
10,7,6,1,8720.0,9101.0
11,7,6,1,9414.0,8423.0
12,7,6,1,9092.0,7141.0
13,7,6,1,8597.0,6084.0
14,7,6,1,7810.0,5048.0
15,7,6,1,6367.0,3593.0
16,7,6,1,4379.0,2069.0
17,7,6,1,1989.0,817.0
18,7,6,1,538.0,135.0
19,7,6,1,31.0,44.0
20,7,6,1,0.0,40.0
21,7,6,1,0.0,42.0
22,7,6,1,0.0,0.0
23,7,6,1,0.0,0.0
0,8,6,2,0.0,0.0
1,8,6,2,0.0,0.0
2,8,6,2,0.0,0.0
3,8,6,2,0.0,5.0
4,8,6,2,9.0,407.0
5,8,6,2,417.0,1872.0
6,8,6,2,1813.0,4138.0
7,8,6,2,3810.0,6200.0
8,8,6,2,5647.0,7736.0
9,8,6,2,7282.0,8720.0
10,8,6,2,8837.0,9414.0
11,8,6,2,9302.0,9092.0
12,8,6,2,9239.0,8597.0
13,8,6,2,7804.0,7810.0
14,8,6,2,6740.0,6367.0
15,8,6,2,5143.0,4379.0
16,8,6,2,3154.0,1989.0
17,8,6,2,1801.0,538.0
18,8,6,2,765.0,31.0
19,8,6,2,75.0,0.0
20,8,6,2,0.0,0.0
21,8,6,2,0.0,0.0
22,8,6,2,0.0,0.0
23,8,6,2,0.0,0.0
0,9,6,3,0.0,0.0
1,9,6,3,0.0,0.0
2,9,6,3,0.0,0.0
3,9,6,3,0.0,9.0
4,9,6,3,10.0,417.0
5,9,6,3,292.0,1813.0
6,9,6,3,1271.0,3810.0
7,9,6,3,2731.0,5647.0
8,9,6,3,4001.0,7282.0
9,9,6,3,4558.0,8837.0
10,9,6,3,5112.0,9302.0
11,9,6,3,5793.0,9239.0
12,9,6,3,6158.0,7804.0
13,9,6,3,5527.0,6740.0
14,9,6,3,4946.0,5143.0
15,9,6,3,4001.0,3154.0
16,9,6,3,3136.0,1801.0
17,9,6,3,1687.0,765.0
18,9,6,3,613.0,75.0
19,9,6,3,120.0,0.0
20,9,6,3,0.0,0.0
21,9,6,3,0.0,0.0
22,9,6,3,0.0,0.0
23,9,6,3,0.0,0.0
0,10,6,4,0.0,0.0
1,10,6,4,0.0,0.0
2,10,6,4,0.0,0.0
3,10,6,4,0.0,10.0
4,10,6,4,7.0,292.0
5,10,6,4,333.0,1271.0
6,10,6,4,1631.0,2731.0
7,10,6,4,3364.0,4001.0
8,10,6,4,4617.0,4558.0
9,10,6,4,5921.0,5112.0
10,10,6,4,7103.0,5793.0
11,10,6,4,7822.0,6158.0
12,10,6,4,7342.0,5527.0
13,10,6,4,7467.0,4946.0
14,10,6,4,6484.0,4001.0
15,10,6,4,5064.0,3136.0
16,10,6,4,3898.0,1687.0
17,10,6,4,2425.0,613.0
18,10,6,4,714.0,120.0
19,10,6,4,54.0,0.0
20,10,6,4,0.0,0.0
21,10,6,4,0.0,0.0
22,10,6,4,0.0,0.0
23,10,6,4,0.0,0.0
0,11,6,5,0.0,0.0
1,11,6,5,0.0,0.0
2,11,6,5,0.0,0.0
3,11,6,5,0.0,7.0
4,11,6,5,9.0,333.0
5,11,6,5,422.0,1631.0
6,11,6,5,1645.0,3364.0
7,11,6,5,3203.0,4617.0
8,11,6,5,4795.0,5921.0
9,11,6,5,6216.0,7103.0
10,11,6,5,7253.0,7822.0
11,11,6,5,7763.0,7342.0
12,11,6,5,8606.0,7467.0
13,11,6,5,8016.0,6484.0
14,11,6,5,6919.0,5064.0
15,11,6,5,5459.0,3898.0
16,11,6,5,3827.0,2425.0
17,11,6,5,2152.0,714.0
18,11,6,5,702.0,54.0
19,11,6,5,76.0,0.0
20,11,6,5,0.0,0.0
21,11,6,5,0.0,0.0
22,11,6,5,0.0,0.0
23,11,6,5,0.0,0.0
0,12,6,6,0.0,0.0
1,12,6,6,0.0,0.0
2,12,6,6,0.0,0.0
3,12,6,6,0.0,9.0
4,12,6,6,6.0,422.0
5,12,6,6,375.0,1645.0
6,12,6,6,1130.0,3203.0
7,12,6,6,1981.0,4795.0
8,12,6,6,3079.0,6216.0
9,12,6,6,4744.0,7253.0
10,12,6,6,5841.0,7763.0
11,12,6,6,5883.0,8606.0
12,12,6,6,5537.0,8016.0
13,12,6,6,6578.0,6919.0
14,12,6,6,6083.0,5459.0
15,12,6,6,5179.0,3827.0
16,12,6,6,3728.0,2152.0
17,12,6,6,1999.0,702.0
18,12,6,6,815.0,76.0
19,12,6,6,99.0,0.0
20,12,6,6,0.0,0.0
21,12,6,6,0.0,0.0
22,12,6,6,0.0,0.0
23,12,6,6,0.0,0.0
0,13,6,0,0.0,0.0
1,13,6,0,0.0,0.0
2,13,6,0,0.0,0.0
3,13,6,0,0.0,6.0
4,13,6,0,12.0,375.0
5,13,6,0,403.0,1130.0
6,13,6,0,1595.0,1981.0
7,13,6,0,3625.0,3079.0
8,13,6,0,5584.0,4744.0
9,13,6,0,7507.0,5841.0
10,13,6,0,8382.0,5883.0
11,13,6,0,8603.0,5537.0
12,13,6,0,8574.0,6578.0
13,13,6,0,8438.0,6083.0
14,13,6,0,7124.0,5179.0
15,13,6,0,5564.0,3728.0
16,13,6,0,4262.0,1999.0
17,13,6,0,2293.0,815.0
18,13,6,0,760.0,99.0
19,13,6,0,81.0,0.0
20,13,6,0,0.0,0.0
21,13,6,0,0.0,0.0
22,13,6,0,0.0,0.0
23,13,6,0,0.0,0.0
0,14,6,1,0.0,0.0
1,14,6,1,0.0,0.0
2,14,6,1,0.0,0.0
3,14,6,1,0.0,12.0
4,14,6,1,10.0,403.0
5,14,6,1,386.0,1595.0
6,14,6,1,1697.0,3625.0
7,14,6,1,3211.0,5584.0
8,14,6,1,5380.0,7507.0
9,14,6,1,6428.0,8382.0
10,14,6,1,7051.0,8603.0
11,14,6,1,7390.0,8574.0
12,14,6,1,7531.0,8438.0
13,14,6,1,7240.0,7124.0
14,14,6,1,6134.0,5564.0
15,14,6,1,5401.0,4262.0
16,14,6,1,4076.0,2293.0
17,14,6,1,2050.0,760.0
18,14,6,1,709.0,81.0
19,14,6,1,70.0,0.0
20,14,6,1,0.0,0.0
21,14,6,1,0.0,0.0
22,14,6,1,0.0,0.0
23,14,6,1,0.0,0.0
0,15,6,2,0.0,0.0
1,15,6,2,0.0,0.0
2,15,6,2,0.0,0.0
3,15,6,2,0.0,10.0
4,15,6,2,5.0,386.0
5,15,6,2,386.0,1697.0
6,15,6,2,1907.0,3211.0
7,15,6,2,3986.0,5380.0
8,15,6,2,6235.0,6428.0
9,15,6,2,7850.0,7051.0
10,15,6,2,8826.0,7390.0
11,15,6,2,9518.0,7531.0
12,15,6,2,9245.0,7240.0
13,15,6,2,8781.0,6134.0
14,15,6,2,7373.0,5401.0
15,15,6,2,5749.0,4076.0
16,15,6,2,4072.0,2050.0
17,15,6,2,2257.0,709.0
18,15,6,2,662.0,70.0
19,15,6,2,68.0,0.0
20,15,6,2,0.0,0.0
21,15,6,2,0.0,0.0
22,15,6,2,0.0,0.0
23,15,6,2,0.0,0.0
0,16,6,3,0.0,0.0
1,16,6,3,0.0,0.0
2,16,6,3,0.0,0.0
3,16,6,3,0.0,5.0
4,16,6,3,2.0,386.0
5,16,6,3,342.0,1907.0
6,16,6,3,1189.0,3986.0
7,16,6,3,2645.0,6235.0
8,16,6,3,3911.0,7850.0
9,16,6,3,4685.0,8826.0
10,16,6,3,5360.0,9518.0
11,16,6,3,6219.0,9245.0
12,16,6,3,6950.0,8781.0
13,16,6,3,6175.0,7373.0
14,16,6,3,5888.0,5749.0
15,16,6,3,4639.0,4072.0
16,16,6,3,3110.0,2257.0
17,16,6,3,1543.0,662.0
18,16,6,3,561.0,68.0
19,16,6,3,74.0,0.0
20,16,6,3,0.0,0.0
21,16,6,3,0.0,0.0
22,16,6,3,0.0,0.0
23,16,6,3,0.0,0.0
0,17,6,4,0.0,0.0
1,17,6,4,0.0,0.0
2,17,6,4,0.0,0.0
3,17,6,4,0.0,2.0
4,17,6,4,3.0,342.0
5,17,6,4,321.0,1189.0
6,17,6,4,1585.0,2645.0
7,17,6,4,3994.0,3911.0
8,17,6,4,6139.0,4685.0
9,17,6,4,7637.0,5360.0
10,17,6,4,8405.0,6219.0
11,17,6,4,8770.0,6950.0
12,17,6,4,8152.0,6175.0
13,17,6,4,7751.0,5888.0
14,17,6,4,6566.0,4639.0
15,17,6,4,5540.0,3110.0
16,17,6,4,4192.0,1543.0
17,17,6,4,2283.0,561.0
18,17,6,4,745.0,74.0
19,17,6,4,90.0,0.0
20,17,6,4,0.0,0.0
21,17,6,4,0.0,0.0
22,17,6,4,0.0,0.0
23,17,6,4,0.0,0.0
0,18,6,5,0.0,0.0
1,18,6,5,0.0,0.0
2,18,6,5,0.0,0.0
3,18,6,5,0.0,3.0
4,18,6,5,8.0,321.0
5,18,6,5,388.0,1585.0
6,18,6,5,1790.0,3994.0
7,18,6,5,3976.0,6139.0
8,18,6,5,6104.0,7637.0
9,18,6,5,7715.0,8405.0
10,18,6,5,8841.0,8770.0
11,18,6,5,9423.0,8152.0
12,18,6,5,9489.0,7751.0
13,18,6,5,8480.0,6566.0
14,18,6,5,7552.0,5540.0
15,18,6,5,5535.0,4192.0
16,18,6,5,3852.0,2283.0
17,18,6,5,2043.0,745.0
18,18,6,5,737.0,90.0
19,18,6,5,63.0,0.0
20,18,6,5,0.0,0.0
21,18,6,5,0.0,0.0
22,18,6,5,0.0,0.0
23,18,6,5,0.0,0.0
0,19,6,6,0.0,0.0
1,19,6,6,0.0,0.0
2,19,6,6,0.0,0.0
3,19,6,6,0.0,8.0
4,19,6,6,6.0,388.0
5,19,6,6,313.0,1790.0
6,19,6,6,1065.0,3976.0
7,19,6,6,2502.0,6104.0
8,19,6,6,4554.0,7715.0
9,19,6,6,5734.0,8841.0
10,19,6,6,5869.0,9423.0
11,19,6,6,7161.0,9489.0
12,19,6,6,7297.0,8480.0
13,19,6,6,6599.0,7552.0
14,19,6,6,6100.0,5535.0
15,19,6,6,5009.0,3852.0
16,19,6,6,3649.0,2043.0
17,19,6,6,2047.0,737.0
18,19,6,6,849.0,63.0
19,19,6,6,134.0,0.0
20,19,6,6,9.0,0.0
21,19,6,6,6.0,0.0
22,19,6,6,4.0,0.0
23,19,6,6,0.0,0.0
0,20,6,0,0.0,0.0
1,20,6,0,0.0,0.0
2,20,6,0,0.0,0.0
3,20,6,0,0.0,6.0
4,20,6,0,4.0,313.0
5,20,6,0,276.0,1065.0
6,20,6,0,1496.0,2502.0
7,20,6,0,3260.0,4554.0
8,20,6,0,5044.0,5734.0
9,20,6,0,6603.0,5869.0
10,20,6,0,7034.0,7161.0
11,20,6,0,7661.0,7297.0
12,20,6,0,8001.0,6599.0
13,20,6,0,7456.0,6100.0
14,20,6,0,6755.0,5009.0
15,20,6,0,5871.0,3649.0
16,20,6,0,3808.0,2047.0
17,20,6,0,2368.0,849.0
18,20,6,0,812.0,134.0
19,20,6,0,75.0,9.0
20,20,6,0,4.0,6.0
21,20,6,0,6.0,4.0
22,20,6,0,6.0,0.0
23,20,6,0,0.0,0.0
0,21,6,1,0.0,0.0
1,21,6,1,0.0,0.0
2,21,6,1,0.0,0.0
3,21,6,1,0.0,4.0
4,21,6,1,13.0,276.0
5,21,6,1,396.0,1496.0
6,21,6,1,1524.0,3260.0
7,21,6,1,3174.0,5044.0
8,21,6,1,5363.0,6603.0
9,21,6,1,7370.0,7034.0
10,21,6,1,8309.0,7661.0
11,21,6,1,8919.0,8001.0
12,21,6,1,9014.0,7456.0
13,21,6,1,8783.0,6755.0
14,21,6,1,7775.0,5871.0
15,21,6,1,6243.0,3808.0
16,21,6,1,4349.0,2368.0
17,21,6,1,2475.0,812.0
18,21,6,1,798.0,75.0
19,21,6,1,78.0,4.0
20,21,6,1,0.0,6.0
21,21,6,1,0.0,6.0
22,21,6,1,0.0,0.0
23,21,6,1,0.0,0.0
0,22,6,2,0.0,0.0
1,22,6,2,0.0,0.0
2,22,6,2,0.0,0.0
3,22,6,2,0.0,13.0
4,22,6,2,11.0,396.0
5,22,6,2,403.0,1524.0
6,22,6,2,1684.0,3174.0
7,22,6,2,3887.0,5363.0
8,22,6,2,5926.0,7370.0
9,22,6,2,7608.0,8309.0
10,22,6,2,8792.0,8919.0
11,22,6,2,9284.0,9014.0
12,22,6,2,9404.0,8783.0
13,22,6,2,8776.0,7775.0
14,22,6,2,7786.0,6243.0
15,22,6,2,6211.0,4349.0
16,22,6,2,4330.0,2475.0
17,22,6,2,2321.0,798.0
18,22,6,2,741.0,78.0
19,22,6,2,93.0,0.0
20,22,6,2,0.0,0.0
21,22,6,2,0.0,0.0
22,22,6,2,0.0,0.0
23,22,6,2,0.0,0.0
0,23,6,3,0.0,0.0
1,23,6,3,0.0,0.0
2,23,6,3,0.0,0.0
3,23,6,3,0.0,11.0
4,23,6,3,5.0,403.0
5,23,6,3,359.0,1684.0
6,23,6,3,1494.0,3887.0
7,23,6,3,3426.0,5926.0
8,23,6,3,5565.0,7608.0
9,23,6,3,6880.0,8792.0
10,23,6,3,7851.0,9284.0
11,23,6,3,8446.0,9404.0
12,23,6,3,9015.0,8776.0
13,23,6,3,8649.0,7786.0
14,23,6,3,7775.0,6211.0
15,23,6,3,6203.0,4330.0
16,23,6,3,4252.0,2321.0
17,23,6,3,2290.0,741.0
18,23,6,3,724.0,93.0
19,23,6,3,93.0,0.0
20,23,6,3,0.0,0.0
21,23,6,3,0.0,0.0
22,23,6,3,0.0,0.0
23,23,6,3,0.0,0.0
0,24,6,4,0.0,0.0
1,24,6,4,0.0,0.0
2,24,6,4,0.0,0.0
3,24,6,4,0.0,5.0
4,24,6,4,2.0,359.0
5,24,6,4,335.0,1494.0
6,24,6,4,1496.0,3426.0
7,24,6,4,3590.0,5565.0
8,24,6,4,5584.0,6880.0
9,24,6,4,7061.0,7851.0
10,24,6,4,8470.0,8446.0
11,24,6,4,8816.0,9015.0
12,24,6,4,8593.0,8649.0
13,24,6,4,7935.0,7775.0
14,24,6,4,7300.0,6203.0
15,24,6,4,6287.0,4252.0
16,24,6,4,4213.0,2290.0
17,24,6,4,2197.0,724.0
18,24,6,4,806.0,93.0
19,24,6,4,130.0,0.0
20,24,6,4,4.0,0.0
21,24,6,4,6.0,0.0
22,24,6,4,2.0,0.0
23,24,6,4,0.0,0.0
0,25,6,5,0.0,0.0
1,25,6,5,0.0,0.0
2,25,6,5,0.0,0.0
3,25,6,5,0.0,2.0
4,25,6,5,7.0,335.0
5,25,6,5,401.0,1496.0
6,25,6,5,1671.0,3590.0
7,25,6,5,3638.0,5584.0
8,25,6,5,5641.0,7061.0
9,25,6,5,7261.0,8470.0
10,25,6,5,8369.0,8816.0
11,25,6,5,8850.0,8593.0
12,25,6,5,8812.0,7935.0
13,25,6,5,7620.0,7300.0
14,25,6,5,6523.0,6287.0
15,25,6,5,5246.0,4213.0
16,25,6,5,3800.0,2197.0
17,25,6,5,2204.0,806.0
18,25,6,5,888.0,130.0
19,25,6,5,153.0,4.0
20,25,6,5,12.0,6.0
21,25,6,5,13.0,2.0
22,25,6,5,12.0,0.0
23,25,6,5,0.0,0.0
0,26,6,6,0.0,0.0
1,26,6,6,0.0,0.0
2,26,6,6,0.0,0.0
3,26,6,6,0.0,7.0
4,26,6,6,2.0,401.0
5,26,6,6,355.0,1671.0
6,26,6,6,1702.0,3638.0
7,26,6,6,3487.0,5641.0
8,26,6,6,5292.0,7261.0
9,26,6,6,7339.0,8369.0
10,26,6,6,8598.0,8850.0
11,26,6,6,9153.0,8812.0
12,26,6,6,9031.0,7620.0
13,26,6,6,7077.0,6523.0
14,26,6,6,6416.0,5246.0
15,26,6,6,5308.0,3800.0
16,26,6,6,3720.0,2204.0
17,26,6,6,2256.0,888.0
18,26,6,6,826.0,153.0
19,26,6,6,128.0,12.0
20,26,6,6,8.0,13.0
21,26,6,6,12.0,12.0
22,26,6,6,13.0,0.0
23,26,6,6,0.0,0.0
0,27,6,0,0.0,0.0
1,27,6,0,0.0,0.0
2,27,6,0,0.0,0.0
3,27,6,0,0.0,2.0
4,27,6,0,7.0,355.0
5,27,6,0,356.0,1702.0
6,27,6,0,1509.0,3487.0
7,27,6,0,3567.0,5292.0
8,27,6,0,5310.0,7339.0
9,27,6,0,6478.0,8598.0
10,27,6,0,7909.0,9153.0
11,27,6,0,8203.0,9031.0
12,27,6,0,8593.0,7077.0
13,27,6,0,8280.0,6416.0
14,27,6,0,7440.0,5308.0
15,27,6,0,6102.0,3720.0
16,27,6,0,4371.0,2256.0
17,27,6,0,2410.0,826.0
18,27,6,0,836.0,128.0
19,27,6,0,129.0,8.0
20,27,6,0,16.0,12.0
21,27,6,0,18.0,13.0
22,27,6,0,15.0,0.0
23,27,6,0,0.0,0.0
0,28,6,1,0.0,0.0
1,28,6,1,0.0,0.0
2,28,6,1,0.0,0.0
3,28,6,1,0.0,7.0
4,28,6,1,3.0,356.0
5,28,6,1,320.0,1509.0
6,28,6,1,1767.0,3567.0
7,28,6,1,3972.0,5310.0
8,28,6,1,6221.0,6478.0
9,28,6,1,7901.0,7909.0
10,28,6,1,8871.0,8203.0
11,28,6,1,9330.0,8593.0
12,28,6,1,9311.0,8280.0
13,28,6,1,8828.0,7440.0
14,28,6,1,7932.0,6102.0
15,28,6,1,6616.0,4371.0
16,28,6,1,4772.0,2410.0
17,28,6,1,2691.0,836.0
18,28,6,1,1010.0,129.0
19,28,6,1,162.0,16.0
20,28,6,1,10.0,18.0
21,28,6,1,9.0,15.0
22,28,6,1,9.0,0.0
23,28,6,1,8.0,0.0
0,29,6,2,4.0,0.0
1,29,6,2,3.0,0.0
2,29,6,2,7.0,0.0
3,29,6,2,5.0,3.0
4,29,6,2,11.0,320.0
5,29,6,2,317.0,1767.0
6,29,6,2,1730.0,3972.0
7,29,6,2,3949.0,6221.0
8,29,6,2,6064.0,7901.0
9,29,6,2,7667.0,8871.0
10,29,6,2,8900.0,9330.0
11,29,6,2,9472.0,9311.0
12,29,6,2,9421.0,8828.0
13,29,6,2,9098.0,7932.0
14,29,6,2,7837.0,6616.0
15,29,6,2,6151.0,4772.0
16,29,6,2,4565.0,2691.0
17,29,6,2,2446.0,1010.0
18,29,6,2,787.0,162.0
19,29,6,2,99.0,10.0
20,29,6,2,2.0,9.0
21,29,6,2,4.0,9.0
22,29,6,2,6.0,8.0
23,29,6,2,0.0,4.0
0,30,6,3,0.0,3.0
1,30,6,3,0.0,7.0
2,30,6,3,0.0,5.0
3,30,6,3,0.0,11.0
4,30,6,3,3.0,317.0
5,30,6,3,308.0,1730.0
6,30,6,3,1453.0,3949.0
7,30,6,3,3539.0,6064.0
8,30,6,3,5670.0,7667.0
9,30,6,3,7197.0,8900.0
10,30,6,3,8366.0,9472.0
11,30,6,3,8797.0,9421.0
12,30,6,3,8180.0,9098.0
13,30,6,3,8088.0,7837.0
14,30,6,3,7354.0,6151.0
15,30,6,3,6174.0,4565.0
16,30,6,3,4093.0,2446.0
17,30,6,3,2329.0,787.0
18,30,6,3,897.0,99.0
19,30,6,3,147.0,2.0
20,30,6,3,10.0,4.0
21,30,6,3,10.0,6.0
22,30,6,3,10.0,0.0
23,30,6,3,0.0,0.0
0,1,7,4,0.0,0.0
1,1,7,4,0.0,0.0
2,1,7,4,0.0,0.0
3,1,7,4,0.0,3.0
4,1,7,4,2.0,308.0
5,1,7,4,286.0,1453.0
6,1,7,4,1430.0,3539.0
7,1,7,4,3617.0,5670.0
8,1,7,4,5668.0,7197.0
9,1,7,4,7276.0,8366.0
10,1,7,4,8459.0,8797.0
11,1,7,4,9103.0,8180.0
12,1,7,4,9060.0,8088.0
13,1,7,4,8660.0,7354.0
14,1,7,4,7580.0,6174.0
15,1,7,4,5958.0,4093.0
16,1,7,4,4122.0,2329.0
17,1,7,4,2373.0,897.0
18,1,7,4,794.0,147.0
19,1,7,4,115.0,10.0
20,1,7,4,0.0,10.0
21,1,7,4,0.0,10.0
22,1,7,4,0.0,0.0
23,1,7,4,0.0,0.0
0,2,7,5,0.0,0.0
1,2,7,5,0.0,0.0
2,2,7,5,0.0,0.0
3,2,7,5,0.0,2.0
4,2,7,5,2.0,286.0
5,2,7,5,276.0,1430.0
6,2,7,5,1524.0,3617.0
7,2,7,5,3531.0,5668.0
8,2,7,5,5750.0,7276.0
9,2,7,5,7270.0,8459.0
10,2,7,5,8463.0,9103.0
11,2,7,5,8797.0,9060.0
12,2,7,5,8991.0,8660.0
13,2,7,5,8312.0,7580.0
14,2,7,5,6678.0,5958.0
15,2,7,5,5375.0,4122.0
16,2,7,5,3757.0,2373.0
17,2,7,5,2166.0,794.0
18,2,7,5,797.0,115.0
19,2,7,5,119.0,0.0
20,2,7,5,8.0,0.0
21,2,7,5,7.0,0.0
22,2,7,5,6.0,0.0
23,2,7,5,0.0,0.0
0,3,7,6,0.0,0.0
1,3,7,6,0.0,0.0
2,3,7,6,0.0,0.0
3,3,7,6,0.0,2.0
4,3,7,6,2.0,276.0
5,3,7,6,268.0,1524.0
6,3,7,6,1519.0,3531.0
7,3,7,6,3638.0,5750.0
8,3,7,6,5760.0,7270.0
9,3,7,6,7500.0,8463.0
10,3,7,6,8505.0,8797.0
11,3,7,6,8960.0,8991.0
12,3,7,6,8941.0,8312.0
13,3,7,6,8287.0,6678.0
14,3,7,6,7373.0,5375.0
15,3,7,6,6018.0,3757.0
16,3,7,6,4306.0,2166.0
17,3,7,6,2264.0,797.0
18,3,7,6,802.0,119.0
19,3,7,6,130.0,8.0
20,3,7,6,14.0,7.0
21,3,7,6,14.0,6.0
22,3,7,6,13.0,0.0
23,3,7,6,0.0,0.0
0,4,7,0,0.0,0.0
1,4,7,0,0.0,0.0
2,4,7,0,0.0,0.0
3,4,7,0,0.0,2.0
4,4,7,0,2.0,268.0
5,4,7,0,247.0,1519.0
6,4,7,0,1430.0,3638.0
7,4,7,0,3477.0,5760.0
8,4,7,0,5097.0,7500.0
9,4,7,0,6245.0,8505.0
10,4,7,0,7684.0,8960.0
11,4,7,0,8643.0,8941.0
12,4,7,0,8967.0,8287.0
13,4,7,0,8077.0,7373.0
14,4,7,0,7190.0,6018.0
15,4,7,0,5887.0,4306.0
16,4,7,0,4282.0,2264.0
17,4,7,0,2476.0,802.0
18,4,7,0,930.0,130.0
19,4,7,0,136.0,14.0
20,4,7,0,0.0,14.0
21,4,7,0,0.0,13.0
22,4,7,0,0.0,0.0
23,4,7,0,0.0,0.0
0,5,7,1,0.0,0.0
1,5,7,1,0.0,0.0
2,5,7,1,0.0,0.0
3,5,7,1,0.0,2.0
4,5,7,1,2.0,247.0
5,5,7,1,288.0,1430.0
6,5,7,1,1609.0,3477.0
7,5,7,1,3735.0,5097.0
8,5,7,1,5782.0,6245.0
9,5,7,1,7388.0,7684.0
10,5,7,1,8375.0,8643.0
11,5,7,1,8989.0,8967.0
12,5,7,1,9001.0,8077.0
13,5,7,1,8316.0,7190.0
14,5,7,1,7323.0,5887.0
15,5,7,1,5880.0,4282.0
16,5,7,1,4139.0,2476.0
17,5,7,1,2337.0,930.0
18,5,7,1,853.0,136.0
19,5,7,1,129.0,0.0
20,5,7,1,10.0,0.0
21,5,7,1,12.0,0.0
22,5,7,1,12.0,0.0
23,5,7,1,0.0,0.0
0,6,7,2,0.0,0.0
1,6,7,2,0.0,0.0
2,6,7,2,0.0,0.0
3,6,7,2,0.0,2.0
4,6,7,2,3.0,288.0
5,6,7,2,271.0,1609.0
6,6,7,2,1552.0,3735.0
7,6,7,2,3567.0,5782.0
8,6,7,2,5420.0,7388.0
9,6,7,2,7146.0,8375.0
10,6,7,2,8362.0,8989.0
11,6,7,2,8911.0,9001.0
12,6,7,2,8763.0,8316.0
13,6,7,2,7447.0,7323.0
14,6,7,2,6774.0,5880.0
15,6,7,2,5632.0,4139.0
16,6,7,2,4172.0,2337.0
17,6,7,2,2459.0,853.0
18,6,7,2,936.0,129.0
19,6,7,2,149.0,10.0
20,6,7,2,5.0,12.0
21,6,7,2,4.0,12.0
22,6,7,2,4.0,0.0
23,6,7,2,0.0,0.0
0,7,7,3,0.0,0.0
1,7,7,3,0.0,0.0
2,7,7,3,0.0,0.0
3,7,7,3,0.0,3.0
4,7,7,3,0.0,271.0
5,7,7,3,242.0,1552.0
6,7,7,3,1500.0,3567.0
7,7,7,3,3645.0,5420.0
8,7,7,3,5831.0,7146.0
9,7,7,3,7457.0,8362.0
10,7,7,3,8626.0,8911.0
11,7,7,3,9280.0,8763.0
12,7,7,3,9191.0,7447.0
13,7,7,3,8215.0,6774.0
14,7,7,3,7573.0,5632.0
15,7,7,3,6352.0,4172.0
16,7,7,3,4559.0,2459.0
17,7,7,3,2456.0,936.0
18,7,7,3,820.0,149.0
19,7,7,3,116.0,5.0
20,7,7,3,0.0,4.0
21,7,7,3,0.0,4.0
22,7,7,3,0.0,0.0
23,7,7,3,0.0,0.0
0,8,7,4,0.0,0.0
1,8,7,4,0.0,0.0
2,8,7,4,0.0,0.0
3,8,7,4,0.0,0.0
4,8,7,4,2.0,242.0
5,8,7,4,290.0,1500.0
6,8,7,4,1581.0,3645.0
7,8,7,4,3443.0,5831.0
8,8,7,4,5416.0,7457.0
9,8,7,4,6824.0,8626.0
10,8,7,4,7622.0,9280.0
11,8,7,4,8506.0,9191.0
12,8,7,4,8335.0,8215.0
13,8,7,4,8412.0,7573.0
14,8,7,4,7390.0,6352.0
15,8,7,4,6137.0,4559.0
16,8,7,4,4418.0,2456.0
17,8,7,4,2408.0,820.0
18,8,7,4,852.0,116.0
19,8,7,4,123.0,0.0
20,8,7,4,6.0,0.0
21,8,7,4,7.0,0.0
22,8,7,4,8.0,0.0
23,8,7,4,0.0,0.0
0,9,7,5,0.0,0.0
1,9,7,5,0.0,0.0
2,9,7,5,0.0,0.0
3,9,7,5,0.0,2.0
4,9,7,5,2.0,290.0
5,9,7,5,274.0,1581.0
6,9,7,5,1460.0,3443.0
7,9,7,5,3514.0,5416.0
8,9,7,5,5675.0,6824.0
9,9,7,5,7221.0,7622.0
10,9,7,5,8342.0,8506.0
11,9,7,5,8751.0,8335.0
12,9,7,5,8762.0,8412.0
13,9,7,5,8296.0,7390.0
14,9,7,5,7301.0,6137.0
15,9,7,5,6017.0,4418.0
16,9,7,5,4398.0,2408.0
17,9,7,5,2565.0,852.0
18,9,7,5,939.0,123.0
19,9,7,5,134.0,6.0
20,9,7,5,9.0,7.0
21,9,7,5,10.0,8.0
22,9,7,5,8.0,0.0
23,9,7,5,0.0,0.0
0,10,7,6,0.0,0.0
1,10,7,6,0.0,0.0
2,10,7,6,0.0,0.0
3,10,7,6,0.0,2.0
4,10,7,6,1.0,274.0
5,10,7,6,241.0,1460.0
6,10,7,6,1394.0,3514.0
7,10,7,6,3486.0,5675.0
8,10,7,6,5512.0,7221.0
9,10,7,6,7254.0,8342.0
10,10,7,6,8409.0,8751.0
11,10,7,6,8893.0,8762.0
12,10,7,6,9018.0,8296.0
13,10,7,6,8269.0,7301.0
14,10,7,6,7075.0,6017.0
15,10,7,6,5567.0,4398.0
16,10,7,6,3636.0,2565.0
17,10,7,6,1976.0,939.0
18,10,7,6,801.0,134.0
19,10,7,6,120.0,9.0
20,10,7,6,0.0,10.0
21,10,7,6,0.0,8.0
22,10,7,6,0.0,0.0
23,10,7,6,0.0,0.0
0,11,7,0,0.0,0.0
1,11,7,0,0.0,0.0
2,11,7,0,0.0,0.0
3,11,7,0,0.0,1.0
4,11,7,0,1.0,241.0
5,11,7,0,259.0,1394.0
6,11,7,0,1436.0,3486.0
7,11,7,0,3565.0,5512.0
8,11,7,0,5645.0,7254.0
9,11,7,0,7257.0,8409.0
10,11,7,0,8340.0,8893.0
11,11,7,0,8960.0,9018.0
12,11,7,0,9016.0,8269.0
13,11,7,0,8221.0,7075.0
14,11,7,0,7338.0,5567.0
15,11,7,0,6133.0,3636.0
16,11,7,0,4476.0,1976.0
17,11,7,0,2560.0,801.0
18,11,7,0,929.0,120.0
19,11,7,0,129.0,0.0
20,11,7,0,2.0,0.0
21,11,7,0,4.0,0.0
22,11,7,0,5.0,0.0
23,11,7,0,0.0,0.0
0,12,7,1,0.0,0.0
1,12,7,1,0.0,0.0
2,12,7,1,0.0,0.0
3,12,7,1,0.0,1.0
4,12,7,1,1.0,259.0
5,12,7,1,235.0,1436.0
6,12,7,1,1471.0,3565.0
7,12,7,1,3552.0,5645.0
8,12,7,1,5552.0,7257.0
9,12,7,1,6993.0,8340.0
10,12,7,1,7879.0,8960.0
11,12,7,1,8401.0,9016.0
12,12,7,1,8525.0,8221.0
13,12,7,1,8245.0,7338.0
14,12,7,1,7052.0,6133.0
15,12,7,1,5887.0,4476.0
16,12,7,1,4332.0,2560.0
17,12,7,1,2492.0,929.0
18,12,7,1,906.0,129.0
19,12,7,1,120.0,2.0
20,12,7,1,3.0,4.0
21,12,7,1,4.0,5.0
22,12,7,1,4.0,0.0
23,12,7,1,0.0,0.0
0,13,7,2,0.0,0.0
1,13,7,2,0.0,0.0
2,13,7,2,0.0,0.0
3,13,7,2,0.0,1.0
4,13,7,2,0.0,235.0
5,13,7,2,205.0,1471.0
6,13,7,2,1333.0,3552.0
7,13,7,2,3454.0,5552.0
8,13,7,2,5381.0,6993.0
9,13,7,2,6917.0,7879.0
10,13,7,2,8173.0,8401.0
11,13,7,2,8188.0,8525.0
12,13,7,2,7992.0,8245.0
13,13,7,2,7984.0,7052.0
14,13,7,2,7133.0,5887.0
15,13,7,2,5936.0,4332.0
16,13,7,2,4316.0,2492.0
17,13,7,2,2354.0,906.0
18,13,7,2,838.0,120.0
19,13,7,2,113.0,3.0
20,13,7,2,4.0,4.0
21,13,7,2,3.0,4.0
22,13,7,2,3.0,0.0
23,13,7,2,0.0,0.0
0,14,7,3,0.0,0.0
1,14,7,3,0.0,0.0
2,14,7,3,0.0,0.0
3,14,7,3,0.0,0.0
4,14,7,3,1.0,205.0
5,14,7,3,200.0,1333.0
6,14,7,3,1396.0,3454.0
7,14,7,3,3556.0,5381.0
8,14,7,3,5742.0,6917.0
9,14,7,3,7635.0,8173.0
10,14,7,3,8493.0,8188.0
11,14,7,3,9151.0,7992.0
12,14,7,3,8805.0,7984.0
13,14,7,3,8705.0,7133.0
14,14,7,3,7789.0,5936.0
15,14,7,3,6383.0,4316.0
16,14,7,3,4519.0,2354.0
17,14,7,3,2523.0,838.0
18,14,7,3,907.0,113.0
19,14,7,3,130.0,4.0
20,14,7,3,18.0,3.0
21,14,7,3,19.0,3.0
22,14,7,3,17.0,0.0
23,14,7,3,0.0,0.0
0,15,7,4,0.0,0.0
1,15,7,4,0.0,0.0
2,15,7,4,0.0,0.0
3,15,7,4,0.0,1.0
4,15,7,4,1.0,200.0
5,15,7,4,155.0,1396.0
6,15,7,4,1046.0,3556.0
7,15,7,4,2681.0,5742.0
8,15,7,4,3861.0,7635.0
9,15,7,4,4983.0,8493.0
10,15,7,4,5849.0,9151.0
11,15,7,4,6832.0,8805.0
12,15,7,4,7116.0,8705.0
13,15,7,4,7060.0,7789.0
14,15,7,4,6617.0,6383.0
15,15,7,4,5603.0,4519.0
16,15,7,4,4087.0,2523.0
17,15,7,4,2366.0,907.0
18,15,7,4,874.0,130.0
19,15,7,4,126.0,18.0
20,15,7,4,19.0,19.0
21,15,7,4,19.0,17.0
22,15,7,4,19.0,0.0
23,15,7,4,0.0,0.0
0,16,7,5,0.0,0.0
1,16,7,5,0.0,0.0
2,16,7,5,0.0,0.0
3,16,7,5,0.0,1.0
4,16,7,5,0.0,155.0
5,16,7,5,150.0,1046.0
6,16,7,5,1079.0,2681.0
7,16,7,5,2871.0,3861.0
8,16,7,5,4858.0,4983.0
9,16,7,5,6440.0,5849.0
10,16,7,5,7664.0,6832.0
11,16,7,5,8144.0,7116.0
12,16,7,5,8628.0,7060.0
13,16,7,5,8270.0,6617.0
14,16,7,5,7359.0,5603.0
15,16,7,5,5837.0,4087.0
16,16,7,5,4279.0,2366.0
17,16,7,5,2458.0,874.0
18,16,7,5,792.0,126.0
19,16,7,5,99.0,19.0
20,16,7,5,5.0,19.0
21,16,7,5,3.0,19.0
22,16,7,5,2.0,0.0
23,16,7,5,0.0,0.0
0,17,7,6,0.0,0.0
1,17,7,6,0.0,0.0
2,17,7,6,0.0,0.0
3,17,7,6,0.0,0.0
4,17,7,6,0.0,150.0
5,17,7,6,181.0,1079.0
6,17,7,6,1470.0,2871.0
7,17,7,6,3907.0,4858.0
8,17,7,6,6182.0,6440.0
9,17,7,6,7541.0,7664.0
10,17,7,6,8575.0,8144.0
11,17,7,6,8948.0,8628.0
12,17,7,6,8998.0,8270.0
13,17,7,6,8464.0,7359.0
14,17,7,6,7869.0,5837.0
15,17,7,6,6657.0,4279.0
16,17,7,6,4855.0,2458.0
17,17,7,6,2699.0,792.0
18,17,7,6,941.0,99.0
19,17,7,6,117.0,5.0
20,17,7,6,6.0,3.0
21,17,7,6,5.0,2.0
22,17,7,6,4.0,0.0
23,17,7,6,0.0,0.0
0,18,7,0,0.0,0.0
1,18,7,0,0.0,0.0
2,18,7,0,0.0,0.0
3,18,7,0,0.0,0.0
4,18,7,0,0.0,181.0
5,18,7,0,170.0,1470.0
6,18,7,0,1456.0,3907.0
7,18,7,0,3836.0,6182.0
8,18,7,0,6027.0,7541.0
9,18,7,0,7744.0,8575.0
10,18,7,0,8936.0,8948.0
11,18,7,0,9541.0,8998.0
12,18,7,0,9605.0,8464.0
13,18,7,0,8901.0,7869.0
14,18,7,0,8135.0,6657.0
15,18,7,0,6797.0,4855.0
16,18,7,0,4866.0,2699.0
17,18,7,0,2717.0,941.0
18,18,7,0,933.0,117.0
19,18,7,0,101.0,6.0
20,18,7,0,0.0,5.0
21,18,7,0,0.0,4.0
22,18,7,0,0.0,0.0
23,18,7,0,0.0,0.0
0,19,7,1,0.0,0.0
1,19,7,1,0.0,0.0
2,19,7,1,0.0,0.0
3,19,7,1,0.0,0.0
4,19,7,1,0.0,170.0
5,19,7,1,167.0,1456.0
6,19,7,1,1438.0,3836.0
7,19,7,1,3762.0,6027.0
8,19,7,1,5974.0,7744.0
9,19,7,1,7692.0,8936.0
10,19,7,1,8819.0,9541.0
11,19,7,1,9421.0,9605.0
12,19,7,1,9462.0,8901.0
13,19,7,1,8858.0,8135.0
14,19,7,1,8045.0,6797.0
15,19,7,1,6635.0,4866.0
16,19,7,1,4769.0,2717.0
17,19,7,1,2624.0,933.0
18,19,7,1,859.0,101.0
19,19,7,1,101.0,0.0
20,19,7,1,1.0,0.0
21,19,7,1,1.0,0.0
22,19,7,1,0.0,0.0
23,19,7,1,0.0,0.0
0,20,7,2,0.0,0.0
1,20,7,2,0.0,0.0
2,20,7,2,0.0,0.0
3,20,7,2,0.0,0.0
4,20,7,2,0.0,167.0
5,20,7,2,146.0,1438.0
6,20,7,2,1392.0,3762.0
7,20,7,2,3712.0,5974.0
8,20,7,2,5944.0,7692.0
9,20,7,2,7642.0,8819.0
10,20,7,2,8750.0,9421.0
11,20,7,2,9409.0,9462.0
12,20,7,2,9486.0,8858.0
13,20,7,2,8972.0,8045.0
14,20,7,2,8212.0,6635.0
15,20,7,2,6745.0,4769.0
16,20,7,2,4806.0,2624.0
17,20,7,2,2635.0,859.0
18,20,7,2,858.0,101.0
19,20,7,2,102.0,1.0
20,20,7,2,6.0,1.0
21,20,7,2,5.0,0.0
22,20,7,2,4.0,0.0
23,20,7,2,0.0,0.0
0,21,7,3,0.0,0.0
1,21,7,3,0.0,0.0
2,21,7,3,0.0,0.0
3,21,7,3,0.0,0.0
4,21,7,3,0.0,146.0
5,21,7,3,187.0,1392.0
6,21,7,3,1449.0,3712.0
7,21,7,3,3555.0,5944.0
8,21,7,3,5544.0,7642.0
9,21,7,3,7135.0,8750.0
10,21,7,3,8230.0,9409.0
11,21,7,3,8624.0,9486.0
12,21,7,3,8696.0,8972.0
13,21,7,3,7938.0,8212.0
14,21,7,3,7298.0,6745.0
15,21,7,3,6283.0,4806.0
16,21,7,3,4568.0,2635.0
17,21,7,3,2516.0,858.0
18,21,7,3,835.0,102.0
19,21,7,3,83.0,6.0
20,21,7,3,8.0,5.0
21,21,7,3,5.0,4.0
22,21,7,3,5.0,0.0
23,21,7,3,0.0,0.0
0,22,7,4,0.0,0.0
1,22,7,4,0.0,0.0
2,22,7,4,0.0,0.0
3,22,7,4,0.0,0.0
4,22,7,4,0.0,187.0
5,22,7,4,197.0,1449.0
6,22,7,4,1378.0,3555.0
7,22,7,4,3461.0,5544.0
8,22,7,4,5312.0,7135.0
9,22,7,4,7058.0,8230.0
10,22,7,4,8144.0,8624.0
11,22,7,4,8234.0,8696.0
12,22,7,4,8645.0,7938.0
13,22,7,4,8132.0,7298.0
14,22,7,4,7362.0,6283.0
15,22,7,4,6095.0,4568.0
16,22,7,4,4363.0,2516.0
17,22,7,4,2342.0,835.0
18,22,7,4,743.0,83.0
19,22,7,4,66.0,8.0
20,22,7,4,4.0,5.0
21,22,7,4,3.0,5.0
22,22,7,4,2.0,0.0
23,22,7,4,0.0,0.0
0,23,7,5,0.0,0.0
1,23,7,5,0.0,0.0
2,23,7,5,0.0,0.0
3,23,7,5,0.0,0.0
4,23,7,5,0.0,197.0
5,23,7,5,173.0,1378.0
6,23,7,5,1099.0,3461.0
7,23,7,5,2618.0,5312.0
8,23,7,5,4173.0,7058.0
9,23,7,5,4791.0,8144.0
10,23,7,5,5892.0,8234.0
11,23,7,5,6133.0,8645.0
12,23,7,5,5956.0,8132.0
13,23,7,5,6066.0,7362.0
14,23,7,5,5845.0,6095.0
15,23,7,5,5048.0,4363.0
16,23,7,5,3700.0,2342.0
17,23,7,5,2107.0,743.0
18,23,7,5,688.0,66.0
19,23,7,5,61.0,4.0
20,23,7,5,0.0,3.0
21,23,7,5,0.0,2.0
22,23,7,5,0.0,0.0
23,23,7,5,0.0,0.0
0,24,7,6,0.0,0.0
1,24,7,6,0.0,0.0
2,24,7,6,0.0,0.0
3,24,7,6,0.0,0.0
4,24,7,6,0.0,173.0
5,24,7,6,111.0,1099.0
6,24,7,6,905.0,2618.0
7,24,7,6,2458.0,4173.0
8,24,7,6,3824.0,4791.0
9,24,7,6,4983.0,5892.0
10,24,7,6,6414.0,6133.0
11,24,7,6,7173.0,5956.0
12,24,7,6,7052.0,6066.0
13,24,7,6,6589.0,5845.0
14,24,7,6,6074.0,5048.0
15,24,7,6,4748.0,3700.0
16,24,7,6,3126.0,2107.0
17,24,7,6,1770.0,688.0
18,24,7,6,613.0,61.0
19,24,7,6,64.0,0.0
20,24,7,6,4.0,0.0
21,24,7,6,3.0,0.0
22,24,7,6,2.0,0.0
23,24,7,6,0.0,0.0
0,25,7,0,0.0,0.0
1,25,7,0,0.0,0.0
2,25,7,0,0.0,0.0
3,25,7,0,0.0,0.0
4,25,7,0,0.0,111.0
5,25,7,0,137.0,905.0
6,25,7,0,1088.0,2458.0
7,25,7,0,3096.0,3824.0
8,25,7,0,5067.0,4983.0
9,25,7,0,6177.0,6414.0
10,25,7,0,7672.0,7173.0
11,25,7,0,8313.0,7052.0
12,25,7,0,8100.0,6589.0
13,25,7,0,7082.0,6074.0
14,25,7,0,6165.0,4748.0
15,25,7,0,5103.0,3126.0
16,25,7,0,3621.0,1770.0
17,25,7,0,1967.0,613.0
18,25,7,0,675.0,64.0
19,25,7,0,62.0,4.0
20,25,7,0,6.0,3.0
21,25,7,0,3.0,2.0
22,25,7,0,3.0,0.0
23,25,7,0,0.0,0.0
0,26,7,1,0.0,0.0
1,26,7,1,0.0,0.0
2,26,7,1,0.0,0.0
3,26,7,1,0.0,0.0
4,26,7,1,0.0,137.0
5,26,7,1,137.0,1088.0
6,26,7,1,1141.0,3096.0
7,26,7,1,2902.0,5067.0
8,26,7,1,4868.0,6177.0
9,26,7,1,6354.0,7672.0
10,26,7,1,7701.0,8313.0
11,26,7,1,8308.0,8100.0
12,26,7,1,8276.0,7082.0
13,26,7,1,7837.0,6165.0
14,26,7,1,6977.0,5103.0
15,26,7,1,5487.0,3621.0
16,26,7,1,3775.0,1967.0
17,26,7,1,2031.0,675.0
18,26,7,1,707.0,62.0
19,26,7,1,62.0,6.0
20,26,7,1,8.0,3.0
21,26,7,1,9.0,3.0
22,26,7,1,9.0,0.0
23,26,7,1,0.0,0.0
0,27,7,2,0.0,0.0
1,27,7,2,0.0,0.0
2,27,7,2,0.0,0.0
3,27,7,2,0.0,0.0
4,27,7,2,0.0,137.0
5,27,7,2,145.0,1141.0
6,27,7,2,1160.0,2902.0
7,27,7,2,3034.0,4868.0
8,27,7,2,5043.0,6354.0
9,27,7,2,6473.0,7701.0
10,27,7,2,7510.0,8308.0
11,27,7,2,8044.0,8276.0
12,27,7,2,7970.0,7837.0
13,27,7,2,7398.0,6977.0
14,27,7,2,6806.0,5487.0
15,27,7,2,5484.0,3775.0
16,27,7,2,3901.0,2031.0
17,27,7,2,2180.0,707.0
18,27,7,2,723.0,62.0
19,27,7,2,57.0,8.0
20,27,7,2,6.0,9.0
21,27,7,2,6.0,9.0
22,27,7,2,9.0,0.0
23,27,7,2,0.0,0.0
0,28,7,3,0.0,0.0
1,28,7,3,0.0,0.0
2,28,7,3,0.0,0.0
3,28,7,3,0.0,0.0
4,28,7,3,0.0,145.0
5,28,7,3,126.0,1160.0
6,28,7,3,1115.0,3034.0
7,28,7,3,3001.0,5043.0
8,28,7,3,4996.0,6473.0
9,28,7,3,6505.0,7510.0
10,28,7,3,7686.0,8044.0
11,28,7,3,8206.0,7970.0
12,28,7,3,7626.0,7398.0
13,28,7,3,6847.0,6806.0
14,28,7,3,5938.0,5484.0
15,28,7,3,5040.0,3901.0
16,28,7,3,3706.0,2180.0
17,28,7,3,2197.0,723.0
18,28,7,3,776.0,57.0
19,28,7,3,66.0,6.0
20,28,7,3,5.0,6.0
21,28,7,3,3.0,9.0
22,28,7,3,6.0,0.0
23,28,7,3,0.0,0.0
0,29,7,4,0.0,0.0
1,29,7,4,0.0,0.0
2,29,7,4,0.0,0.0
3,29,7,4,0.0,0.0
4,29,7,4,0.0,126.0
5,29,7,4,136.0,1115.0
6,29,7,4,1182.0,3001.0
7,29,7,4,3189.0,4996.0
8,29,7,4,5335.0,6505.0
9,29,7,4,7010.0,7686.0
10,29,7,4,8166.0,8206.0
11,29,7,4,8685.0,7626.0
12,29,7,4,8714.0,6847.0
13,29,7,4,8366.0,5938.0
14,29,7,4,7609.0,5040.0
15,29,7,4,6313.0,3706.0
16,29,7,4,4567.0,2197.0
17,29,7,4,2464.0,776.0
18,29,7,4,759.0,66.0
19,29,7,4,50.0,5.0
20,29,7,4,7.0,3.0
21,29,7,4,5.0,6.0
22,29,7,4,5.0,0.0
23,29,7,4,0.0,0.0
0,30,7,5,0.0,0.0
1,30,7,5,0.0,0.0
2,30,7,5,0.0,0.0
3,30,7,5,0.0,0.0
4,30,7,5,0.0,136.0
5,30,7,5,114.0,1182.0
6,30,7,5,1148.0,3189.0
7,30,7,5,3197.0,5335.0
8,30,7,5,5361.0,7010.0
9,30,7,5,7070.0,8166.0
10,30,7,5,8302.0,8685.0
11,30,7,5,8924.0,8714.0
12,30,7,5,8980.0,8366.0
13,30,7,5,8486.0,7609.0
14,30,7,5,7678.0,6313.0
15,30,7,5,6237.0,4567.0
16,30,7,5,4394.0,2464.0
17,30,7,5,2339.0,759.0
18,30,7,5,702.0,50.0
19,30,7,5,50.0,7.0
20,30,7,5,8.0,5.0
21,30,7,5,12.0,5.0
22,30,7,5,8.0,0.0
23,30,7,5,0.0,0.0
0,31,7,6,0.0,0.0
1,31,7,6,0.0,0.0
2,31,7,6,0.0,0.0
3,31,7,6,0.0,0.0
4,31,7,6,0.0,114.0
5,31,7,6,112.0,1148.0
6,31,7,6,1124.0,3197.0
7,31,7,6,3043.0,5361.0
8,31,7,6,4966.0,7070.0
9,31,7,6,6577.0,8302.0
10,31,7,6,7700.0,8924.0
11,31,7,6,8246.0,8980.0
12,31,7,6,8312.0,8486.0
13,31,7,6,7994.0,7678.0
14,31,7,6,7316.0,6237.0
15,31,7,6,5755.0,4394.0
16,31,7,6,4077.0,2339.0
17,31,7,6,2166.0,702.0
18,31,7,6,653.0,50.0
19,31,7,6,42.0,8.0
20,31,7,6,8.0,12.0
21,31,7,6,11.0,8.0
22,31,7,6,11.0,0.0
23,31,7,6,0.0,0.0
0,1,8,0,0.0,0.0
1,1,8,0,0.0,0.0
2,1,8,0,0.0,0.0
3,1,8,0,0.0,0.0
4,1,8,0,0.0,112.0
5,1,8,0,111.0,1124.0
6,1,8,0,1034.0,3043.0
7,1,8,0,2826.0,4966.0
8,1,8,0,4708.0,6577.0
9,1,8,0,6229.0,7700.0
10,1,8,0,7236.0,8246.0
11,1,8,0,7632.0,8312.0
12,1,8,0,7532.0,7994.0
13,1,8,0,7239.0,7316.0
14,1,8,0,6844.0,5755.0
15,1,8,0,5648.0,4077.0
16,1,8,0,4013.0,2166.0
17,1,8,0,2191.0,653.0
18,1,8,0,715.0,42.0
19,1,8,0,56.0,8.0
20,1,8,0,11.0,11.0
21,1,8,0,7.0,11.0
22,1,8,0,5.0,0.0
23,1,8,0,0.0,0.0
0,2,8,1,0.0,0.0
1,2,8,1,0.0,0.0
2,2,8,1,0.0,0.0
3,2,8,1,0.0,0.0
4,2,8,1,0.0,111.0
5,2,8,1,91.0,1034.0
6,2,8,1,1046.0,2826.0
7,2,8,1,2994.0,4708.0
8,2,8,1,4865.0,6229.0
9,2,8,1,6545.0,7236.0
10,2,8,1,7801.0,7632.0
11,2,8,1,8556.0,7532.0
12,2,8,1,8621.0,7239.0
13,2,8,1,8158.0,6844.0
14,2,8,1,7473.0,5648.0
15,2,8,1,6172.0,4013.0
16,2,8,1,4357.0,2191.0
17,2,8,1,2316.0,715.0
18,2,8,1,717.0,56.0
19,2,8,1,48.0,11.0
20,2,8,1,8.0,7.0
21,2,8,1,7.0,5.0
22,2,8,1,7.0,0.0
23,2,8,1,0.0,0.0
0,3,8,2,0.0,0.0
1,3,8,2,0.0,0.0
2,3,8,2,0.0,0.0
3,3,8,2,0.0,0.0
4,3,8,2,0.0,91.0
5,3,8,2,97.0,1046.0
6,3,8,2,1085.0,2994.0
7,3,8,2,3166.0,4865.0
8,3,8,2,5377.0,6545.0
9,3,8,2,7146.0,7801.0
10,3,8,2,8334.0,8556.0
11,3,8,2,8938.0,8621.0
12,3,8,2,9020.0,8158.0
13,3,8,2,8631.0,7473.0
14,3,8,2,7802.0,6172.0
15,3,8,2,6452.0,4357.0
16,3,8,2,4623.0,2316.0
17,3,8,2,2457.0,717.0
18,3,8,2,689.0,48.0
19,3,8,2,37.0,8.0
20,3,8,2,5.0,7.0
21,3,8,2,5.0,7.0
22,3,8,2,4.0,0.0
23,3,8,2,0.0,0.0
0,4,8,3,0.0,0.0
1,4,8,3,0.0,0.0
2,4,8,3,0.0,0.0
3,4,8,3,0.0,0.0
4,4,8,3,0.0,97.0
5,4,8,3,84.0,1085.0
6,4,8,3,1099.0,3166.0
7,4,8,3,3172.0,5377.0
8,4,8,3,5369.0,7146.0
9,4,8,3,7127.0,8334.0
10,4,8,3,8367.0,8938.0
11,4,8,3,8997.0,9020.0
12,4,8,3,9085.0,8631.0
13,4,8,3,8655.0,7802.0
14,4,8,3,7774.0,6452.0
15,4,8,3,6366.0,4623.0
16,4,8,3,4482.0,2457.0
17,4,8,3,2316.0,689.0
18,4,8,3,618.0,37.0
19,4,8,3,30.0,5.0
20,4,8,3,2.0,5.0
21,4,8,3,2.0,4.0
22,4,8,3,3.0,0.0
23,4,8,3,0.0,0.0
0,5,8,4,0.0,0.0
1,5,8,4,0.0,0.0
2,5,8,4,0.0,0.0
3,5,8,4,0.0,0.0
4,5,8,4,0.0,84.0
5,5,8,4,75.0,1099.0
6,5,8,4,970.0,3172.0
7,5,8,4,2590.0,5369.0
8,5,8,4,4202.0,7127.0
9,5,8,4,5389.0,8367.0
10,5,8,4,6151.0,8997.0
11,5,8,4,6664.0,9085.0
12,5,8,4,6812.0,8655.0
13,5,8,4,6673.0,7774.0
14,5,8,4,6147.0,6366.0
15,5,8,4,4959.0,4482.0
16,5,8,4,3498.0,2316.0
17,5,8,4,1864.0,618.0
18,5,8,4,547.0,30.0
19,5,8,4,21.0,2.0
20,5,8,4,0.0,2.0
21,5,8,4,0.0,3.0
22,5,8,4,6.0,0.0
23,5,8,4,0.0,0.0
0,6,8,5,0.0,0.0
1,6,8,5,0.0,0.0
2,6,8,5,0.0,0.0
3,6,8,5,0.0,0.0
4,6,8,5,0.0,75.0
5,6,8,5,87.0,970.0
6,6,8,5,957.0,2590.0
7,6,8,5,2680.0,4202.0
8,6,8,5,4518.0,5389.0
9,6,8,5,6025.0,6151.0
10,6,8,5,7404.0,6664.0
11,6,8,5,8008.0,6812.0
12,6,8,5,7962.0,6673.0
13,6,8,5,7467.0,6147.0
14,6,8,5,6838.0,4959.0
15,6,8,5,5579.0,3498.0
16,6,8,5,4022.0,1864.0
17,6,8,5,2164.0,547.0
18,6,8,5,643.0,21.0
19,6,8,5,38.0,0.0
20,6,8,5,11.0,0.0
21,6,8,5,11.0,6.0
22,6,8,5,3.0,0.0
23,6,8,5,0.0,0.0
0,7,8,6,0.0,0.0
1,7,8,6,0.0,0.0
2,7,8,6,0.0,0.0
3,7,8,6,0.0,0.0
4,7,8,6,0.0,87.0
5,7,8,6,75.0,957.0
6,7,8,6,871.0,2680.0
7,7,8,6,2543.0,4518.0
8,7,8,6,4367.0,6025.0
9,7,8,6,5986.0,7404.0
10,7,8,6,6957.0,8008.0
11,7,8,6,7368.0,7962.0
12,7,8,6,7383.0,7467.0
13,7,8,6,7229.0,6838.0
14,7,8,6,6866.0,5579.0
15,7,8,6,5691.0,4022.0
16,7,8,6,4053.0,2164.0
17,7,8,6,2220.0,643.0
18,7,8,6,654.0,38.0
19,7,8,6,27.0,11.0
20,7,8,6,1.0,11.0
21,7,8,6,1.0,3.0
22,7,8,6,3.0,0.0
23,7,8,6,0.0,0.0
0,8,8,0,0.0,0.0
1,8,8,0,0.0,0.0
2,8,8,0,0.0,0.0
3,8,8,0,0.0,0.0
4,8,8,0,0.0,75.0
5,8,8,0,79.0,871.0
6,8,8,0,1004.0,2543.0
7,8,8,0,2992.0,4367.0
8,8,8,0,5087.0,5986.0
9,8,8,0,6822.0,6957.0
10,8,8,0,8126.0,7368.0
11,8,8,0,8682.0,7383.0
12,8,8,0,8771.0,7229.0
13,8,8,0,8448.0,6866.0
14,8,8,0,7761.0,5691.0
15,8,8,0,6382.0,4053.0
16,8,8,0,4572.0,2220.0
17,8,8,0,2322.0,654.0
18,8,8,0,624.0,27.0
19,8,8,0,29.0,1.0
20,8,8,0,6.0,1.0
21,8,8,0,5.0,3.0
22,8,8,0,5.0,0.0
23,8,8,0,0.0,0.0
0,9,8,1,0.0,0.0
1,9,8,1,0.0,0.0
2,9,8,1,0.0,0.0
3,9,8,1,0.0,0.0
4,9,8,1,0.0,79.0
5,9,8,1,75.0,1004.0
6,9,8,1,1026.0,2992.0
7,9,8,1,3060.0,5087.0
8,9,8,1,5211.0,6822.0
9,9,8,1,6919.0,8126.0
10,9,8,1,8080.0,8682.0
11,9,8,1,8680.0,8771.0
12,9,8,1,8721.0,8448.0
13,9,8,1,8321.0,7761.0
14,9,8,1,7514.0,6382.0
15,9,8,1,6163.0,4572.0
16,9,8,1,4384.0,2322.0
17,9,8,1,2230.0,624.0
18,9,8,1,590.0,29.0
19,9,8,1,25.0,6.0
20,9,8,1,8.0,5.0
21,9,8,1,10.0,5.0
22,9,8,1,11.0,0.0
23,9,8,1,0.0,0.0
0,10,8,2,0.0,0.0
1,10,8,2,0.0,0.0
2,10,8,2,0.0,0.0
3,10,8,2,0.0,0.0
4,10,8,2,0.0,75.0
5,10,8,2,67.0,1026.0
6,10,8,2,935.0,3060.0
7,10,8,2,2719.0,5211.0
8,10,8,2,4544.0,6919.0
9,10,8,2,6187.0,8080.0
10,10,8,2,7421.0,8680.0
11,10,8,2,8050.0,8721.0
12,10,8,2,8178.0,8321.0
13,10,8,2,7867.0,7514.0
14,10,8,2,7382.0,6163.0
15,10,8,2,6182.0,4384.0
16,10,8,2,4444.0,2230.0
17,10,8,2,2276.0,590.0
18,10,8,2,609.0,25.0
19,10,8,2,28.0,8.0
20,10,8,2,12.0,10.0
21,10,8,2,8.0,11.0
22,10,8,2,7.0,0.0
23,10,8,2,0.0,0.0
0,11,8,3,0.0,0.0
1,11,8,3,0.0,0.0
2,11,8,3,0.0,0.0
3,11,8,3,0.0,0.0
4,11,8,3,0.0,67.0
5,11,8,3,60.0,935.0
6,11,8,3,892.0,2719.0
7,11,8,3,2702.0,4544.0
8,11,8,3,4657.0,6187.0
9,11,8,3,6338.0,7421.0
10,11,8,3,7555.0,8050.0
11,11,8,3,8301.0,8178.0
12,11,8,3,8373.0,7867.0
13,11,8,3,7899.0,7382.0
14,11,8,3,7337.0,6182.0
15,11,8,3,6057.0,4444.0
16,11,8,3,4271.0,2276.0
17,11,8,3,2201.0,609.0
18,11,8,3,602.0,28.0
19,11,8,3,26.0,12.0
20,11,8,3,13.0,8.0
21,11,8,3,19.0,7.0
22,11,8,3,13.0,0.0
23,11,8,3,0.0,0.0
0,12,8,4,0.0,0.0
1,12,8,4,0.0,0.0
2,12,8,4,0.0,0.0
3,12,8,4,0.0,0.0
4,12,8,4,0.0,60.0
5,12,8,4,59.0,892.0
6,12,8,4,993.0,2702.0
7,12,8,4,3107.0,4657.0
8,12,8,4,5366.0,6338.0
9,12,8,4,7060.0,7555.0
10,12,8,4,8425.0,8301.0
11,12,8,4,8965.0,8373.0
12,12,8,4,9123.0,7899.0
13,12,8,4,8897.0,7337.0
14,12,8,4,8159.0,6057.0
15,12,8,4,6836.0,4271.0
16,12,8,4,4730.0,2201.0
17,12,8,4,2323.0,602.0
18,12,8,4,581.0,26.0
19,12,8,4,11.0,13.0
20,12,8,4,1.0,19.0
21,12,8,4,1.0,13.0
22,12,8,4,1.0,0.0
23,12,8,4,0.0,0.0
0,13,8,5,0.0,0.0
1,13,8,5,0.0,0.0
2,13,8,5,0.0,0.0
3,13,8,5,0.0,0.0
4,13,8,5,0.0,59.0
5,13,8,5,55.0,993.0
6,13,8,5,1024.0,3107.0
7,13,8,5,3212.0,5366.0
8,13,8,5,5527.0,7060.0
9,13,8,5,7386.0,8425.0
10,13,8,5,8649.0,8965.0
11,13,8,5,9257.0,9123.0
12,13,8,5,9351.0,8897.0
13,13,8,5,9060.0,8159.0
14,13,8,5,8327.0,6836.0
15,13,8,5,6832.0,4730.0
16,13,8,5,4771.0,2323.0
17,13,8,5,2347.0,581.0
18,13,8,5,533.0,11.0
19,13,8,5,1.0,1.0
20,13,8,5,1.0,1.0
21,13,8,5,0.0,1.0
22,13,8,5,0.0,0.0
23,13,8,5,0.0,0.0
0,14,8,6,0.0,0.0
1,14,8,6,0.0,0.0
2,14,8,6,0.0,0.0
3,14,8,6,0.0,0.0
4,14,8,6,0.0,55.0
5,14,8,6,49.0,1024.0
6,14,8,6,993.0,3212.0
7,14,8,6,3161.0,5527.0
8,14,8,6,5416.0,7386.0
9,14,8,6,7263.0,8649.0
10,14,8,6,8564.0,9257.0
11,14,8,6,9235.0,9351.0
12,14,8,6,9377.0,9060.0
13,14,8,6,8964.0,8327.0
14,14,8,6,8163.0,6832.0
15,14,8,6,6710.0,4771.0
16,14,8,6,4630.0,2347.0
17,14,8,6,2253.0,533.0
18,14,8,6,515.0,1.0
19,14,8,6,4.0,1.0
20,14,8,6,3.0,0.0
21,14,8,6,2.0,0.0
22,14,8,6,2.0,0.0
23,14,8,6,0.0,0.0
0,15,8,0,0.0,0.0
1,15,8,0,0.0,0.0
2,15,8,0,0.0,0.0
3,15,8,0,0.0,0.0
4,15,8,0,0.0,49.0
5,15,8,0,47.0,993.0
6,15,8,0,984.0,3161.0
7,15,8,0,3169.0,5416.0
8,15,8,0,5446.0,7263.0
9,15,8,0,7329.0,8564.0
10,15,8,0,8581.0,9235.0
11,15,8,0,9190.0,9377.0
12,15,8,0,9303.0,8964.0
13,15,8,0,8868.0,8163.0
14,15,8,0,8036.0,6710.0
15,15,8,0,6566.0,4630.0
16,15,8,0,4447.0,2253.0
17,15,8,0,2141.0,515.0
18,15,8,0,467.0,4.0
19,15,8,0,10.0,3.0
20,15,8,0,10.0,2.0
21,15,8,0,10.0,2.0
22,15,8,0,7.0,0.0
23,15,8,0,0.0,0.0
0,16,8,1,0.0,0.0
1,16,8,1,0.0,0.0
2,16,8,1,0.0,0.0
3,16,8,1,0.0,0.0
4,16,8,1,0.0,47.0
5,16,8,1,40.0,984.0
6,16,8,1,944.0,3169.0
7,16,8,1,3103.0,5446.0
8,16,8,1,5364.0,7329.0
9,16,8,1,7221.0,8581.0
10,16,8,1,8519.0,9190.0
11,16,8,1,9100.0,9303.0
12,16,8,1,9202.0,8868.0
13,16,8,1,8771.0,8036.0
14,16,8,1,7848.0,6566.0
15,16,8,1,6236.0,4447.0
16,16,8,1,4200.0,2141.0
17,16,8,1,2009.0,467.0
18,16,8,1,470.0,10.0
19,16,8,1,10.0,10.0
20,16,8,1,10.0,10.0
21,16,8,1,7.0,7.0
22,16,8,1,6.0,0.0
23,16,8,1,0.0,0.0
0,17,8,2,0.0,0.0
1,17,8,2,0.0,0.0
2,17,8,2,0.0,0.0
3,17,8,2,0.0,0.0
4,17,8,2,0.0,40.0
5,17,8,2,34.0,944.0
6,17,8,2,851.0,3103.0
7,17,8,2,2759.0,5364.0
8,17,8,2,4863.0,7221.0
9,17,8,2,6499.0,8519.0
10,17,8,2,7532.0,9100.0
11,17,8,2,7988.0,9202.0
12,17,8,2,8137.0,8771.0
13,17,8,2,7770.0,7848.0
14,17,8,2,6746.0,6236.0
15,17,8,2,5400.0,4200.0
16,17,8,2,3552.0,2009.0
17,17,8,2,1656.0,470.0
18,17,8,2,384.0,10.0
19,17,8,2,14.0,10.0
20,17,8,2,15.0,7.0
21,17,8,2,14.0,6.0
22,17,8,2,12.0,0.0
23,17,8,2,0.0,0.0
0,18,8,3,0.0,0.0
1,18,8,3,0.0,0.0
2,18,8,3,0.0,0.0
3,18,8,3,0.0,0.0
4,18,8,3,0.0,34.0
5,18,8,3,29.0,851.0
6,18,8,3,834.0,2759.0
7,18,8,3,2744.0,4863.0
8,18,8,3,4799.0,6499.0
9,18,8,3,6265.0,7532.0
10,18,8,3,7234.0,7988.0
11,18,8,3,7757.0,8137.0
12,18,8,3,7801.0,7770.0
13,18,8,3,7282.0,6746.0
14,18,8,3,6343.0,5400.0
15,18,8,3,5180.0,3552.0
16,18,8,3,3516.0,1656.0
17,18,8,3,1746.0,384.0
18,18,8,3,413.0,14.0
19,18,8,3,11.0,15.0
20,18,8,3,10.0,14.0
21,18,8,3,11.0,12.0
22,18,8,3,10.0,0.0
23,18,8,3,0.0,0.0
0,19,8,4,0.0,0.0
1,19,8,4,0.0,0.0
2,19,8,4,0.0,0.0
3,19,8,4,0.0,0.0
4,19,8,4,0.0,29.0
5,19,8,4,29.0,834.0
6,19,8,4,829.0,2744.0
7,19,8,4,2632.0,4799.0
8,19,8,4,4591.0,6265.0
9,19,8,4,6186.0,7234.0
10,19,8,4,7369.0,7757.0
11,19,8,4,7927.0,7801.0
12,19,8,4,8105.0,7282.0
13,19,8,4,7797.0,6343.0
14,19,8,4,7033.0,5180.0
15,19,8,4,5745.0,3516.0
16,19,8,4,3923.0,1746.0
17,19,8,4,1912.0,413.0
18,19,8,4,427.0,11.0
19,19,8,4,12.0,10.0
20,19,8,4,11.0,11.0
21,19,8,4,8.0,10.0
22,19,8,4,6.0,0.0
23,19,8,4,0.0,0.0
0,20,8,5,0.0,0.0
1,20,8,5,0.0,0.0
2,20,8,5,0.0,0.0
3,20,8,5,0.0,0.0
4,20,8,5,0.0,29.0
5,20,8,5,25.0,829.0
6,20,8,5,874.0,2632.0
7,20,8,5,2900.0,4591.0
8,20,8,5,5003.0,6186.0
9,20,8,5,6577.0,7369.0
10,20,8,5,7606.0,7927.0
11,20,8,5,8089.0,8105.0
12,20,8,5,8056.0,7797.0
13,20,8,5,7558.0,7033.0
14,20,8,5,6593.0,5745.0
15,20,8,5,5077.0,3923.0
16,20,8,5,3314.0,1912.0
17,20,8,5,1539.0,427.0
18,20,8,5,299.0,12.0
19,20,8,5,3.0,11.0
20,20,8,5,3.0,8.0
21,20,8,5,1.0,6.0
22,20,8,5,0.0,0.0
23,20,8,5,0.0,0.0
0,21,8,6,0.0,0.0
1,21,8,6,0.0,0.0
2,21,8,6,0.0,0.0
3,21,8,6,0.0,0.0
4,21,8,6,0.0,25.0
5,21,8,6,23.0,874.0
6,21,8,6,827.0,2900.0
7,21,8,6,2816.0,5003.0
8,21,8,6,4951.0,6577.0
9,21,8,6,6534.0,7606.0
10,21,8,6,7727.0,8089.0
11,21,8,6,8306.0,8056.0
12,21,8,6,8446.0,7558.0
13,21,8,6,8092.0,6593.0
14,21,8,6,7338.0,5077.0
15,21,8,6,5997.0,3314.0
16,21,8,6,4081.0,1539.0
17,21,8,6,1950.0,299.0
18,21,8,6,395.0,3.0
19,21,8,6,9.0,3.0
20,21,8,6,9.0,1.0
21,21,8,6,7.0,0.0
22,21,8,6,7.0,0.0
23,21,8,6,0.0,0.0
0,22,8,0,0.0,0.0
1,22,8,0,0.0,0.0
2,22,8,0,0.0,0.0
3,22,8,0,0.0,0.0
4,22,8,0,0.0,23.0
5,22,8,0,20.0,827.0
6,22,8,0,784.0,2816.0
7,22,8,0,2791.0,4951.0
8,22,8,0,4966.0,6534.0
9,22,8,0,6750.0,7727.0
10,22,8,0,8075.0,8306.0
11,22,8,0,8717.0,8446.0
12,22,8,0,8845.0,8092.0
13,22,8,0,8377.0,7338.0
14,22,8,0,7831.0,5997.0
15,22,8,0,6486.0,4081.0
16,22,8,0,4479.0,1950.0
17,22,8,0,2066.0,395.0
18,22,8,0,377.0,9.0
19,22,8,0,3.0,9.0
20,22,8,0,4.0,7.0
21,22,8,0,5.0,7.0
22,22,8,0,4.0,0.0
23,22,8,0,0.0,0.0
0,23,8,1,0.0,0.0
1,23,8,1,0.0,0.0
2,23,8,1,0.0,0.0
3,23,8,1,0.0,0.0
4,23,8,1,0.0,20.0
5,23,8,1,14.0,784.0
6,23,8,1,776.0,2791.0
7,23,8,1,2732.0,4966.0
8,23,8,1,5064.0,6750.0
9,23,8,1,6495.0,8075.0
10,23,8,1,8274.0,8717.0
11,23,8,1,8334.0,8845.0
12,23,8,1,8400.0,8377.0
13,23,8,1,8483.0,7831.0
14,23,8,1,7328.0,6486.0
15,23,8,1,6025.0,4479.0
16,23,8,1,4266.0,2066.0
17,23,8,1,1855.0,377.0
18,23,8,1,329.0,3.0
19,23,8,1,0.0,4.0
20,23,8,1,0.0,5.0
21,23,8,1,0.0,4.0
22,23,8,1,0.0,0.0
23,23,8,1,0.0,0.0
0,24,8,2,0.0,0.0
1,24,8,2,0.0,0.0
2,24,8,2,0.0,0.0
3,24,8,2,0.0,0.0
4,24,8,2,0.0,14.0
5,24,8,2,8.0,776.0
6,24,8,2,708.0,2732.0
7,24,8,2,2760.0,5064.0
8,24,8,2,5055.0,6495.0
9,24,8,2,6930.0,8274.0
10,24,8,2,8240.0,8334.0
11,24,8,2,8567.0,8400.0
12,24,8,2,9152.0,8483.0
13,24,8,2,8793.0,7328.0
14,24,8,2,7896.0,6025.0
15,24,8,2,6408.0,4266.0
16,24,8,2,4316.0,1855.0
17,24,8,2,1905.0,329.0
18,24,8,2,312.0,0.0
19,24,8,2,0.0,0.0
20,24,8,2,0.0,0.0
21,24,8,2,0.0,0.0
22,24,8,2,0.0,0.0
23,24,8,2,0.0,0.0
0,25,8,3,0.0,0.0
1,25,8,3,0.0,0.0
2,25,8,3,0.0,0.0
3,25,8,3,0.0,0.0
4,25,8,3,0.0,8.0
5,25,8,3,12.0,708.0
6,25,8,3,799.0,2760.0
7,25,8,3,2942.0,5055.0
8,25,8,3,5362.0,6930.0
9,25,8,3,7296.0,8240.0
10,25,8,3,8591.0,8567.0
11,25,8,3,9245.0,9152.0
12,25,8,3,9342.0,8793.0
13,25,8,3,8989.0,7896.0
14,25,8,3,8004.0,6408.0
15,25,8,3,6449.0,4316.0
16,25,8,3,4296.0,1905.0
17,25,8,3,1838.0,312.0
18,25,8,3,288.0,0.0
19,25,8,3,3.0,0.0
20,25,8,3,2.0,0.0
21,25,8,3,2.0,0.0
22,25,8,3,1.0,0.0
23,25,8,3,0.0,0.0
0,26,8,4,0.0,0.0
1,26,8,4,0.0,0.0
2,26,8,4,0.0,0.0
3,26,8,4,0.0,0.0
4,26,8,4,0.0,12.0
5,26,8,4,11.0,799.0
6,26,8,4,792.0,2942.0
7,26,8,4,2923.0,5362.0
8,26,8,4,5291.0,7296.0
9,26,8,4,7232.0,8591.0
10,26,8,4,8459.0,9245.0
11,26,8,4,9080.0,9342.0
12,26,8,4,9154.0,8989.0
13,26,8,4,8637.0,8004.0
14,26,8,4,7774.0,6449.0
15,26,8,4,6281.0,4296.0
16,26,8,4,4178.0,1838.0
17,26,8,4,1766.0,288.0
18,26,8,4,262.0,3.0
19,26,8,4,0.0,2.0
20,26,8,4,0.0,2.0
21,26,8,4,0.0,1.0
22,26,8,4,0.0,0.0
23,26,8,4,0.0,0.0
0,27,8,5,0.0,0.0
1,27,8,5,0.0,0.0
2,27,8,5,0.0,0.0
3,27,8,5,0.0,0.0
4,27,8,5,0.0,11.0
5,27,8,5,10.0,792.0
6,27,8,5,785.0,2923.0
7,27,8,5,2969.0,5291.0
8,27,8,5,5382.0,7232.0
9,27,8,5,7307.0,8459.0
10,27,8,5,8550.0,9080.0
11,27,8,5,9114.0,9154.0
12,27,8,5,9198.0,8637.0
13,27,8,5,8784.0,7774.0
14,27,8,5,7789.0,6281.0
15,27,8,5,6265.0,4178.0
16,27,8,5,4174.0,1766.0
17,27,8,5,1772.0,262.0
18,27,8,5,261.0,0.0
19,27,8,5,4.0,0.0
20,27,8,5,4.0,0.0
21,27,8,5,2.0,0.0
22,27,8,5,1.0,0.0
23,27,8,5,0.0,0.0
0,28,8,6,0.0,0.0
1,28,8,6,0.0,0.0
2,28,8,6,0.0,0.0
3,28,8,6,0.0,0.0
4,28,8,6,0.0,10.0
5,28,8,6,11.0,785.0
6,28,8,6,796.0,2969.0
7,28,8,6,3022.0,5382.0
8,28,8,6,5392.0,7307.0
9,28,8,6,7306.0,8550.0
10,28,8,6,8539.0,9114.0
11,28,8,6,9109.0,9198.0
12,28,8,6,9149.0,8784.0
13,28,8,6,8781.0,7789.0
14,28,8,6,7828.0,6265.0
15,28,8,6,6332.0,4174.0
16,28,8,6,4220.0,1772.0
17,28,8,6,1779.0,261.0
18,28,8,6,245.0,4.0
19,28,8,6,8.0,4.0
20,28,8,6,8.0,2.0
21,28,8,6,7.0,1.0
22,28,8,6,6.0,0.0
23,28,8,6,0.0,0.0
0,29,8,0,0.0,0.0
1,29,8,0,0.0,0.0
2,29,8,0,0.0,0.0
3,29,8,0,0.0,0.0
4,29,8,0,0.0,11.0
5,29,8,0,9.0,796.0
6,29,8,0,764.0,3022.0
7,29,8,0,2932.0,5392.0
8,29,8,0,5277.0,7306.0
9,29,8,0,7199.0,8539.0
10,29,8,0,8408.0,9109.0
11,29,8,0,8894.0,9149.0
12,29,8,0,8884.0,8781.0
13,29,8,0,8489.0,7828.0
14,29,8,0,7419.0,6332.0
15,29,8,0,5899.0,4220.0
16,29,8,0,3806.0,1779.0
17,29,8,0,1666.0,245.0
18,29,8,0,231.0,8.0
19,29,8,0,10.0,8.0
20,29,8,0,9.0,7.0
21,29,8,0,9.0,6.0
22,29,8,0,9.0,0.0
23,29,8,0,0.0,0.0
0,30,8,1,0.0,0.0
1,30,8,1,0.0,0.0
2,30,8,1,0.0,0.0
3,30,8,1,0.0,0.0
4,30,8,1,0.0,9.0
5,30,8,1,7.0,764.0
6,30,8,1,696.0,2932.0
7,30,8,1,2504.0,5277.0
8,30,8,1,4340.0,7199.0
9,30,8,1,5759.0,8408.0
10,30,8,1,6637.0,8894.0
11,30,8,1,7478.0,8884.0
12,30,8,1,7611.0,8489.0
13,30,8,1,7329.0,7419.0
14,30,8,1,6506.0,5899.0
15,30,8,1,5068.0,3806.0
16,30,8,1,3041.0,1666.0
17,30,8,1,1228.0,231.0
18,30,8,1,136.0,10.0
19,30,8,1,0.0,9.0
20,30,8,1,0.0,9.0
21,30,8,1,0.0,9.0
22,30,8,1,1.0,0.0
23,30,8,1,0.0,0.0
0,31,8,2,0.0,0.0
1,31,8,2,0.0,0.0
2,31,8,2,0.0,0.0
3,31,8,2,0.0,0.0
4,31,8,2,0.0,7.0
5,31,8,2,6.0,696.0
6,31,8,2,663.0,2504.0
7,31,8,2,2544.0,4340.0
8,31,8,2,4547.0,5759.0
9,31,8,2,6135.0,6637.0
10,31,8,2,7102.0,7478.0
11,31,8,2,7515.0,7611.0
12,31,8,2,7746.0,7329.0
13,31,8,2,7347.0,6506.0
14,31,8,2,6367.0,5068.0
15,31,8,2,4958.0,3041.0
16,31,8,2,3187.0,1228.0
17,31,8,2,1292.0,136.0
18,31,8,2,148.0,0.0
19,31,8,2,0.0,0.0
20,31,8,2,0.0,0.0
21,31,8,2,0.0,1.0
22,31,8,2,0.0,0.0
23,31,8,2,0.0,0.0
0,1,9,3,0.0,0.0
1,1,9,3,0.0,0.0
2,1,9,3,0.0,0.0
3,1,9,3,0.0,0.0
4,1,9,3,0.0,6.0
5,1,9,3,0.0,663.0
6,1,9,3,599.0,2544.0
7,1,9,3,2585.0,4547.0
8,1,9,3,4976.0,6135.0
9,1,9,3,6871.0,7102.0
10,1,9,3,8078.0,7515.0
11,1,9,3,8507.0,7746.0
12,1,9,3,8330.0,7347.0
13,1,9,3,7067.0,6367.0
14,1,9,3,7036.0,4958.0
15,1,9,3,5414.0,3187.0
16,1,9,3,3472.0,1292.0
17,1,9,3,1424.0,148.0
18,1,9,3,169.0,0.0
19,1,9,3,1.0,0.0
20,1,9,3,4.0,0.0
21,1,9,3,4.0,0.0
22,1,9,3,3.0,0.0
23,1,9,3,0.0,0.0
0,2,9,4,0.0,0.0
1,2,9,4,0.0,0.0
2,2,9,4,0.0,0.0
3,2,9,4,0.0,0.0
4,2,9,4,0.0,0.0
5,2,9,4,4.0,599.0
6,2,9,4,710.0,2585.0
7,2,9,4,2704.0,4976.0
8,2,9,4,5096.0,6871.0
9,2,9,4,6926.0,8078.0
10,2,9,4,8104.0,8507.0
11,2,9,4,8758.0,8330.0
12,2,9,4,8784.0,7067.0
13,2,9,4,8244.0,7036.0
14,2,9,4,7210.0,5414.0
15,2,9,4,5680.0,3472.0
16,2,9,4,3631.0,1424.0
17,2,9,4,1474.0,169.0
18,2,9,4,176.0,1.0
19,2,9,4,8.0,4.0
20,2,9,4,6.0,4.0
21,2,9,4,6.0,3.0
22,2,9,4,8.0,0.0
23,2,9,4,0.0,0.0
0,3,9,5,0.0,0.0
1,3,9,5,0.0,0.0
2,3,9,5,0.0,0.0
3,3,9,5,0.0,0.0
4,3,9,5,0.0,4.0
5,3,9,5,9.0,710.0
6,3,9,5,694.0,2704.0
7,3,9,5,2687.0,5096.0
8,3,9,5,4966.0,6926.0
9,3,9,5,6840.0,8104.0
10,3,9,5,8225.0,8758.0
11,3,9,5,8845.0,8784.0
12,3,9,5,8829.0,8244.0
13,3,9,5,8302.0,7210.0
14,3,9,5,7325.0,5680.0
15,3,9,5,5725.0,3631.0
16,3,9,5,3639.0,1474.0
17,3,9,5,1455.0,176.0
18,3,9,5,159.0,8.0
19,3,9,5,6.0,6.0
20,3,9,5,7.0,6.0
21,3,9,5,5.0,8.0
22,3,9,5,3.0,0.0
23,3,9,5,0.0,0.0
0,4,9,6,0.0,0.0
1,4,9,6,0.0,0.0
2,4,9,6,0.0,0.0
3,4,9,6,0.0,0.0
4,4,9,6,0.0,9.0
5,4,9,6,11.0,694.0
6,4,9,6,650.0,2687.0
7,4,9,6,2679.0,4966.0
8,4,9,6,4869.0,6840.0
9,4,9,6,6799.0,8225.0
10,4,9,6,8014.0,8845.0
11,4,9,6,8664.0,8829.0
12,4,9,6,8618.0,8302.0
13,4,9,6,8013.0,7325.0
14,4,9,6,6729.0,5725.0
15,4,9,6,5111.0,3639.0
16,4,9,6,3163.0,1455.0
17,4,9,6,1190.0,159.0
18,4,9,6,106.0,6.0
19,4,9,6,8.0,7.0
20,4,9,6,8.0,5.0
21,4,9,6,9.0,3.0
22,4,9,6,8.0,0.0
23,4,9,6,0.0,0.0
0,5,9,0,0.0,0.0
1,5,9,0,0.0,0.0
2,5,9,0,0.0,0.0
3,5,9,0,0.0,0.0
4,5,9,0,0.0,11.0
5,5,9,0,3.0,650.0
6,5,9,0,430.0,2679.0
7,5,9,0,1788.0,4869.0
8,5,9,0,3247.0,6799.0
9,5,9,0,4923.0,8014.0
10,5,9,0,5963.0,8664.0
11,5,9,0,6615.0,8618.0
12,5,9,0,6836.0,8013.0
13,5,9,0,6383.0,6729.0
14,5,9,0,5373.0,5111.0
15,5,9,0,4260.0,3163.0
16,5,9,0,2657.0,1190.0
17,5,9,0,1005.0,106.0
18,5,9,0,106.0,8.0
19,5,9,0,6.0,8.0
20,5,9,0,4.0,9.0
21,5,9,0,9.0,8.0
22,5,9,0,14.0,0.0
23,5,9,0,0.0,0.0
0,6,9,1,0.0,0.0
1,6,9,1,0.0,0.0
2,6,9,1,0.0,0.0
3,6,9,1,0.0,0.0
4,6,9,1,0.0,3.0
5,6,9,1,1.0,430.0
6,6,9,1,562.0,1788.0
7,6,9,1,2446.0,3247.0
8,6,9,1,4500.0,4923.0
9,6,9,1,6129.0,5963.0
10,6,9,1,7163.0,6615.0
11,6,9,1,7422.0,6836.0
12,6,9,1,7329.0,6383.0
13,6,9,1,7065.0,5373.0
14,6,9,1,6154.0,4260.0
15,6,9,1,4085.0,2657.0
16,6,9,1,2424.0,1005.0
17,6,9,1,997.0,106.0
18,6,9,1,91.0,6.0
19,6,9,1,0.0,4.0
20,6,9,1,0.0,9.0
21,6,9,1,0.0,14.0
22,6,9,1,0.0,0.0
23,6,9,1,0.0,0.0
0,7,9,2,0.0,0.0
1,7,9,2,0.0,0.0
2,7,9,2,0.0,0.0
3,7,9,2,0.0,0.0
4,7,9,2,0.0,1.0
5,7,9,2,1.0,562.0
6,7,9,2,276.0,2446.0
7,7,9,2,1400.0,4500.0
8,7,9,2,2696.0,6129.0
9,7,9,2,3704.0,7163.0
10,7,9,2,5328.0,7422.0
11,7,9,2,5681.0,7329.0
12,7,9,2,6402.0,7065.0
13,7,9,2,6040.0,6154.0
14,7,9,2,5347.0,4085.0
15,7,9,2,4041.0,2424.0
16,7,9,2,2363.0,997.0
17,7,9,2,923.0,91.0
18,7,9,2,66.0,0.0
19,7,9,2,4.0,0.0
20,7,9,2,7.0,0.0
21,7,9,2,3.0,0.0
22,7,9,2,0.0,0.0
23,7,9,2,0.0,0.0
0,8,9,3,0.0,0.0
1,8,9,3,0.0,0.0
2,8,9,3,0.0,0.0
3,8,9,3,0.0,0.0
4,8,9,3,0.0,1.0
5,8,9,3,1.0,276.0
6,8,9,3,434.0,1400.0
7,8,9,3,1974.0,2696.0
8,8,9,3,3777.0,3704.0
9,8,9,3,5396.0,5328.0
10,8,9,3,6369.0,5681.0
11,8,9,3,6908.0,6402.0
12,8,9,3,6992.0,6040.0
13,8,9,3,6588.0,5347.0
14,8,9,3,5851.0,4041.0
15,8,9,3,4733.0,2363.0
16,8,9,3,3080.0,923.0
17,8,9,3,1161.0,66.0
18,8,9,3,82.0,4.0
19,8,9,3,1.0,7.0
20,8,9,3,0.0,3.0
21,8,9,3,1.0,0.0
22,8,9,3,2.0,0.0
23,8,9,3,0.0,0.0
0,9,9,4,352.0,0.0
1,9,9,4,97.0,0.0
2,9,9,4,3.0,0.0
3,9,9,4,0.0,0.0
4,9,9,4,0.0,1.0
5,9,9,4,19.0,434.0
6,9,9,4,533.0,1974.0
7,9,9,4,2132.0,3777.0
8,9,9,4,3860.0,5396.0
9,9,9,4,5506.0,6369.0
10,9,9,4,7248.0,6908.0
11,9,9,4,8017.0,6992.0
12,9,9,4,7343.0,6588.0
13,9,9,4,5854.0,5851.0
14,9,9,4,5216.0,4733.0
15,9,9,4,4065.0,3080.0
16,9,9,4,2767.0,1161.0
17,9,9,4,1018.0,82.0
18,9,9,4,70.0,1.0
19,9,9,4,4.0,0.0
20,9,9,4,1.0,1.0
21,9,9,4,0.0,2.0
22,9,9,4,1.0,0.0
23,9,9,4,0.0,352.0
0,10,9,5,0.0,97.0
1,10,9,5,0.0,3.0
2,10,9,5,0.0,0.0
3,10,9,5,0.0,0.0
4,10,9,5,0.0,19.0
5,10,9,5,1.0,533.0
6,10,9,5,369.0,2132.0
7,10,9,5,1914.0,3860.0
8,10,9,5,3764.0,5506.0
9,10,9,5,5469.0,7248.0
10,10,9,5,6712.0,8017.0
11,10,9,5,7079.0,7343.0
12,10,9,5,7060.0,5854.0
13,10,9,5,6200.0,5216.0
14,10,9,5,5317.0,4065.0
15,10,9,5,4065.0,2767.0
16,10,9,5,2594.0,1018.0
17,10,9,5,887.0,70.0
18,10,9,5,55.0,4.0
19,10,9,5,4.0,1.0
20,10,9,5,3.0,0.0
21,10,9,5,2.0,1.0
22,10,9,5,2.0,0.0
23,10,9,5,0.0,0.0
0,11,9,6,0.0,0.0
1,11,9,6,0.0,0.0
2,11,9,6,0.0,0.0
3,11,9,6,0.0,0.0
4,11,9,6,0.0,1.0
5,11,9,6,1.0,369.0
6,11,9,6,372.0,1914.0
7,11,9,6,1796.0,3764.0
8,11,9,6,3617.0,5469.0
9,11,9,6,5086.0,6712.0
10,11,9,6,6246.0,7079.0
11,11,9,6,6796.0,7060.0
12,11,9,6,6558.0,6200.0
13,11,9,6,5941.0,5317.0
14,11,9,6,5080.0,4065.0
15,11,9,6,3746.0,2594.0
16,11,9,6,2314.0,887.0
17,11,9,6,850.0,55.0
18,11,9,6,46.0,4.0
19,11,9,6,2.0,3.0
20,11,9,6,4.0,2.0
21,11,9,6,2.0,2.0
22,11,9,6,2.0,0.0
23,11,9,6,0.0,0.0
0,12,9,0,0.0,0.0
1,12,9,0,0.0,0.0
2,12,9,0,0.0,0.0
3,12,9,0,0.0,0.0
4,12,9,0,0.0,1.0
5,12,9,0,1.0,372.0
6,12,9,0,412.0,1796.0
7,12,9,0,2093.0,3617.0
8,12,9,0,4141.0,5086.0
9,12,9,0,5834.0,6246.0
10,12,9,0,6880.0,6796.0
11,12,9,0,7409.0,6558.0
12,12,9,0,7391.0,5941.0
13,12,9,0,6860.0,5080.0
14,12,9,0,5662.0,3746.0
15,12,9,0,4112.0,2314.0
16,12,9,0,2460.0,850.0
17,12,9,0,866.0,46.0
18,12,9,0,35.0,2.0
19,12,9,0,0.0,4.0
20,12,9,0,0.0,2.0
21,12,9,0,0.0,2.0
22,12,9,0,0.0,0.0
23,12,9,0,0.0,0.0
0,13,9,1,0.0,0.0
1,13,9,1,0.0,0.0
2,13,9,1,0.0,0.0
3,13,9,1,0.0,0.0
4,13,9,1,0.0,1.0
5,13,9,1,1.0,412.0
6,13,9,1,451.0,2093.0
7,13,9,1,2266.0,4141.0
8,13,9,1,4442.0,5834.0
9,13,9,1,6124.0,6880.0
10,13,9,1,7247.0,7409.0
11,13,9,1,7811.0,7391.0
12,13,9,1,7756.0,6860.0
13,13,9,1,6978.0,5662.0
14,13,9,1,5726.0,4112.0
15,13,9,1,4124.0,2460.0
16,13,9,1,2433.0,866.0
17,13,9,1,823.0,35.0
18,13,9,1,28.0,0.0
19,13,9,1,0.0,0.0
20,13,9,1,0.0,0.0
21,13,9,1,0.0,0.0
22,13,9,1,0.0,0.0
23,13,9,1,0.0,0.0
0,14,9,2,0.0,0.0
1,14,9,2,0.0,0.0
2,14,9,2,0.0,0.0
3,14,9,2,0.0,0.0
4,14,9,2,0.0,1.0
5,14,9,2,0.0,451.0
6,14,9,2,469.0,2266.0
7,14,9,2,2419.0,4442.0
8,14,9,2,4742.0,6124.0
9,14,9,2,6608.0,7247.0
10,14,9,2,7859.0,7811.0
11,14,9,2,8390.0,7756.0
12,14,9,2,8162.0,6978.0
13,14,9,2,7444.0,5726.0
14,14,9,2,6185.0,4124.0
15,14,9,2,4606.0,2433.0
16,14,9,2,2690.0,823.0
17,14,9,2,851.0,28.0
18,14,9,2,24.0,0.0
19,14,9,2,1.0,0.0
20,14,9,2,0.0,0.0
21,14,9,2,1.0,0.0
22,14,9,2,0.0,0.0
23,14,9,2,0.0,0.0
0,15,9,3,0.0,0.0
1,15,9,3,0.0,0.0
2,15,9,3,0.0,0.0
3,15,9,3,0.0,0.0
4,15,9,3,0.0,0.0
5,15,9,3,0.0,469.0
6,15,9,3,441.0,2419.0
7,15,9,3,1832.0,4742.0
8,15,9,3,3344.0,6608.0
9,15,9,3,4510.0,7859.0
10,15,9,3,5058.0,8390.0
11,15,9,3,5446.0,8162.0
12,15,9,3,5920.0,7444.0
13,15,9,3,5470.0,6185.0
14,15,9,3,4501.0,4606.0
15,15,9,3,3472.0,2690.0
16,15,9,3,2110.0,851.0
17,15,9,3,701.0,24.0
18,15,9,3,25.0,1.0
19,15,9,3,8.0,0.0
20,15,9,3,9.0,1.0
21,15,9,3,9.0,0.0
22,15,9,3,5.0,0.0
23,15,9,3,0.0,0.0
0,16,9,4,0.0,0.0
1,16,9,4,0.0,0.0
2,16,9,4,0.0,0.0
3,16,9,4,0.0,0.0
4,16,9,4,0.0,0.0
5,16,9,4,0.0,441.0
6,16,9,4,353.0,1832.0
7,16,9,4,1519.0,3344.0
8,16,9,4,2696.0,4510.0
9,16,9,4,3362.0,5058.0
10,16,9,4,4135.0,5446.0
11,16,9,4,4520.0,5920.0
12,16,9,4,4595.0,5470.0
13,16,9,4,4302.0,4501.0
14,16,9,4,3913.0,3472.0
15,16,9,4,3179.0,2110.0
16,16,9,4,1924.0,701.0
17,16,9,4,622.0,25.0
18,16,9,4,16.0,8.0
19,16,9,4,2.0,9.0
20,16,9,4,2.0,9.0
21,16,9,4,3.0,5.0
22,16,9,4,3.0,0.0
23,16,9,4,6.0,0.0
0,17,9,5,13.0,0.0
1,17,9,5,9.0,0.0
2,17,9,5,8.0,0.0
3,17,9,5,8.0,0.0
4,17,9,5,8.0,0.0
5,17,9,5,7.0,353.0
6,17,9,5,411.0,1519.0
7,17,9,5,2148.0,2696.0
8,17,9,5,4355.0,3362.0
9,17,9,5,6245.0,4135.0
10,17,9,5,7438.0,4520.0
11,17,9,5,8071.0,4595.0
12,17,9,5,7930.0,4302.0
13,17,9,5,7189.0,3913.0
14,17,9,5,5980.0,3179.0
15,17,9,5,4502.0,1924.0
16,17,9,5,2610.0,622.0
17,17,9,5,824.0,16.0
18,17,9,5,25.0,2.0
19,17,9,5,5.0,2.0
20,17,9,5,8.0,3.0
21,17,9,5,9.0,3.0
22,17,9,5,10.0,6.0
23,17,9,5,0.0,13.0
0,18,9,6,0.0,9.0
1,18,9,6,0.0,8.0
2,18,9,6,0.0,8.0
3,18,9,6,0.0,8.0
4,18,9,6,0.0,7.0
5,18,9,6,0.0,411.0
6,18,9,6,405.0,2148.0
7,18,9,6,1852.0,4355.0
8,18,9,6,3561.0,6245.0
9,18,9,6,5005.0,7438.0
10,18,9,6,6059.0,8071.0
11,18,9,6,6613.0,7930.0
12,18,9,6,6510.0,7189.0
13,18,9,6,5881.0,5980.0
14,18,9,6,5132.0,4502.0
15,18,9,6,3892.0,2610.0
16,18,9,6,2284.0,824.0
17,18,9,6,741.0,25.0
18,18,9,6,24.0,5.0
19,18,9,6,4.0,8.0
20,18,9,6,5.0,9.0
21,18,9,6,5.0,10.0
22,18,9,6,6.0,0.0
23,18,9,6,0.0,0.0
0,19,9,0,0.0,0.0
1,19,9,0,0.0,0.0
2,19,9,0,0.0,0.0
3,19,9,0,0.0,0.0
4,19,9,0,0.0,0.0
5,19,9,0,3.0,405.0
6,19,9,0,304.0,1852.0
7,19,9,0,1709.0,3561.0
8,19,9,0,3730.0,5005.0
9,19,9,0,5461.0,6059.0
10,19,9,0,6574.0,6613.0
11,19,9,0,7154.0,6510.0
12,19,9,0,7280.0,5881.0
13,19,9,0,6820.0,5132.0
14,19,9,0,5697.0,3892.0
15,19,9,0,4222.0,2284.0
16,19,9,0,2554.0,741.0
17,19,9,0,781.0,24.0
18,19,9,0,32.0,4.0
19,19,9,0,8.0,5.0
20,19,9,0,4.0,5.0
21,19,9,0,13.0,6.0
22,19,9,0,9.0,0.0
23,19,9,0,0.0,0.0
0,20,9,1,0.0,0.0
1,20,9,1,0.0,0.0
2,20,9,1,0.0,0.0
3,20,9,1,0.0,0.0
4,20,9,1,0.0,3.0
5,20,9,1,3.0,304.0
6,20,9,1,358.0,1709.0
7,20,9,1,2228.0,3730.0
8,20,9,1,4685.0,5461.0
9,20,9,1,6178.0,6574.0
10,20,9,1,7294.0,7154.0
11,20,9,1,7746.0,7280.0
12,20,9,1,8063.0,6820.0
13,20,9,1,7486.0,5697.0
14,20,9,1,6207.0,4222.0
15,20,9,1,4472.0,2554.0
16,20,9,1,2336.0,781.0
17,20,9,1,630.0,32.0
18,20,9,1,20.0,8.0
19,20,9,1,12.0,4.0
20,20,9,1,8.0,13.0
21,20,9,1,9.0,9.0
22,20,9,1,9.0,0.0
23,20,9,1,0.0,0.0
0,21,9,2,0.0,0.0
1,21,9,2,0.0,0.0
2,21,9,2,0.0,0.0
3,21,9,2,0.0,0.0
4,21,9,2,0.0,3.0
5,21,9,2,0.0,358.0
6,21,9,2,260.0,2228.0
7,21,9,2,1358.0,4685.0
8,21,9,2,2677.0,6178.0
9,21,9,2,3663.0,7294.0
10,21,9,2,4477.0,7746.0
11,21,9,2,4960.0,8063.0
12,21,9,2,4974.0,7486.0
13,21,9,2,4521.0,6207.0
14,21,9,2,3840.0,4472.0
15,21,9,2,2795.0,2336.0
16,21,9,2,1654.0,630.0
17,21,9,2,500.0,20.0
18,21,9,2,5.0,12.0
19,21,9,2,5.0,8.0
20,21,9,2,3.0,9.0
21,21,9,2,2.0,9.0
22,21,9,2,2.0,0.0
23,21,9,2,0.0,0.0
0,22,9,3,0.0,0.0
1,22,9,3,0.0,0.0
2,22,9,3,0.0,0.0
3,22,9,3,0.0,0.0
4,22,9,3,0.0,0.0
5,22,9,3,0.0,260.0
6,22,9,3,276.0,1358.0
7,22,9,3,1789.0,2677.0
8,22,9,3,3596.0,3663.0
9,22,9,3,5218.0,4477.0
10,22,9,3,6490.0,4960.0
11,22,9,3,7069.0,4974.0
12,22,9,3,7059.0,4521.0
13,22,9,3,6568.0,3840.0
14,22,9,3,5838.0,2795.0
15,22,9,3,4602.0,1654.0
16,22,9,3,2572.0,500.0
17,22,9,3,697.0,5.0
18,22,9,3,2.0,5.0
19,22,9,3,2.0,3.0
20,22,9,3,2.0,2.0
21,22,9,3,1.0,2.0
22,22,9,3,0.0,0.0
23,22,9,3,0.0,0.0
0,23,9,4,0.0,0.0
1,23,9,4,0.0,0.0
2,23,9,4,0.0,0.0
3,23,9,4,0.0,0.0
4,23,9,4,0.0,0.0
5,23,9,4,0.0,276.0
6,23,9,4,387.0,1789.0
7,23,9,4,2284.0,3596.0
8,23,9,4,4577.0,5218.0
9,23,9,4,6370.0,6490.0
10,23,9,4,7457.0,7069.0
11,23,9,4,7934.0,7059.0
12,23,9,4,7758.0,6568.0
13,23,9,4,7063.0,5838.0
14,23,9,4,6030.0,4602.0
15,23,9,4,4450.0,2572.0
16,23,9,4,2397.0,697.0
17,23,9,4,579.0,2.0
18,23,9,4,1.0,2.0
19,23,9,4,1.0,2.0
20,23,9,4,1.0,1.0
21,23,9,4,1.0,0.0
22,23,9,4,1.0,0.0
23,23,9,4,0.0,0.0
0,24,9,5,0.0,0.0
1,24,9,5,0.0,0.0
2,24,9,5,0.0,0.0
3,24,9,5,0.0,0.0
4,24,9,5,0.0,0.0
5,24,9,5,0.0,387.0
6,24,9,5,333.0,2284.0
7,24,9,5,2059.0,4577.0
8,24,9,5,4292.0,6370.0
9,24,9,5,5988.0,7457.0
10,24,9,5,7332.0,7934.0
11,24,9,5,7797.0,7758.0
12,24,9,5,7658.0,7063.0
13,24,9,5,6932.0,6030.0
14,24,9,5,5982.0,4450.0
15,24,9,5,4443.0,2397.0
16,24,9,5,2410.0,579.0
17,24,9,5,609.0,1.0
18,24,9,5,1.0,1.0
19,24,9,5,1.0,1.0
20,24,9,5,1.0,1.0
21,24,9,5,1.0,1.0
22,24,9,5,1.0,0.0
23,24,9,5,0.0,0.0
0,25,9,6,0.0,0.0
1,25,9,6,0.0,0.0
2,25,9,6,0.0,0.0
3,25,9,6,0.0,0.0
4,25,9,6,0.0,0.0
5,25,9,6,0.0,333.0
6,25,9,6,342.0,2059.0
7,25,9,6,2134.0,4292.0
8,25,9,6,4558.0,5988.0
9,25,9,6,6657.0,7332.0
10,25,9,6,7934.0,7797.0
11,25,9,6,8442.0,7658.0
12,25,9,6,8364.0,6932.0
13,25,9,6,7647.0,5982.0
14,25,9,6,6511.0,4443.0
15,25,9,6,4749.0,2410.0
16,25,9,6,2560.0,609.0
17,25,9,6,628.0,1.0
18,25,9,6,0.0,1.0
19,25,9,6,0.0,1.0
20,25,9,6,0.0,1.0
21,25,9,6,1.0,1.0
22,25,9,6,1.0,0.0
23,25,9,6,0.0,0.0
0,26,9,0,0.0,0.0
1,26,9,0,0.0,0.0
2,26,9,0,0.0,0.0
3,26,9,0,0.0,0.0
4,26,9,0,0.0,0.0
5,26,9,0,0.0,342.0
6,26,9,0,337.0,2134.0
7,26,9,0,2261.0,4558.0
8,26,9,0,4717.0,6657.0
9,26,9,0,6693.0,7934.0
10,26,9,0,7834.0,8442.0
11,26,9,0,8248.0,8364.0
12,26,9,0,8112.0,7647.0
13,26,9,0,7339.0,6511.0
14,26,9,0,6168.0,4749.0
15,26,9,0,4519.0,2560.0
16,26,9,0,2414.0,628.0
17,26,9,0,558.0,0.0
18,26,9,0,0.0,0.0
19,26,9,0,0.0,0.0
20,26,9,0,0.0,1.0
21,26,9,0,0.0,1.0
22,26,9,0,0.0,0.0
23,26,9,0,0.0,0.0
0,27,9,1,0.0,0.0
1,27,9,1,0.0,0.0
2,27,9,1,0.0,0.0
3,27,9,1,0.0,0.0
4,27,9,1,0.0,0.0
5,27,9,1,0.0,337.0
6,27,9,1,328.0,2261.0
7,27,9,1,2210.0,4717.0
8,27,9,1,4572.0,6693.0
9,27,9,1,6433.0,7834.0
10,27,9,1,7614.0,8248.0
11,27,9,1,8032.0,8112.0
12,27,9,1,7865.0,7339.0
13,27,9,1,7160.0,6168.0
14,27,9,1,6041.0,4519.0
15,27,9,1,4371.0,2414.0
16,27,9,1,2335.0,558.0
17,27,9,1,499.0,0.0
18,27,9,1,0.0,0.0
19,27,9,1,0.0,0.0
20,27,9,1,0.0,0.0
21,27,9,1,0.0,0.0
22,27,9,1,0.0,0.0
23,27,9,1,0.0,0.0
0,28,9,2,0.0,0.0
1,28,9,2,0.0,0.0
2,28,9,2,0.0,0.0
3,28,9,2,0.0,0.0
4,28,9,2,0.0,0.0
5,28,9,2,0.0,328.0
6,28,9,2,323.0,2210.0
7,28,9,2,2316.0,4572.0
8,28,9,2,4886.0,6433.0
9,28,9,2,6907.0,7614.0
10,28,9,2,8033.0,8032.0
11,28,9,2,8499.0,7865.0
12,28,9,2,8350.0,7160.0
13,28,9,2,7575.0,6041.0
14,28,9,2,6512.0,4371.0
15,28,9,2,4817.0,2335.0
16,28,9,2,2621.0,499.0
17,28,9,2,546.0,0.0
18,28,9,2,0.0,0.0
19,28,9,2,0.0,0.0
20,28,9,2,0.0,0.0
21,28,9,2,0.0,0.0
22,28,9,2,0.0,0.0
23,28,9,2,0.0,0.0
0,29,9,3,0.0,0.0
1,29,9,3,0.0,0.0
2,29,9,3,0.0,0.0
3,29,9,3,0.0,0.0
4,29,9,3,0.0,0.0
5,29,9,3,0.0,323.0
6,29,9,3,301.0,2316.0
7,29,9,3,2299.0,4886.0
8,29,9,3,4905.0,6907.0
9,29,9,3,6970.0,8033.0
10,29,9,3,8218.0,8499.0
11,29,9,3,8750.0,8350.0
12,29,9,3,8683.0,7575.0
13,29,9,3,8102.0,6512.0
14,29,9,3,7121.0,4817.0
15,29,9,3,5265.0,2621.0
16,29,9,3,2684.0,546.0
17,29,9,3,521.0,0.0
18,29,9,3,1.0,0.0
19,29,9,3,0.0,0.0
20,29,9,3,0.0,0.0
21,29,9,3,2.0,0.0
22,29,9,3,6.0,0.0
23,29,9,3,0.0,0.0
0,30,9,4,0.0,0.0
1,30,9,4,0.0,0.0
2,30,9,4,0.0,0.0
3,30,9,4,0.0,0.0
4,30,9,4,0.0,0.0
5,30,9,4,0.0,301.0
6,30,9,4,273.0,2299.0
7,30,9,4,2098.0,4905.0
8,30,9,4,4407.0,6970.0
9,30,9,4,6239.0,8218.0
10,30,9,4,7269.0,8750.0
11,30,9,4,7724.0,8683.0
12,30,9,4,7756.0,8102.0
13,30,9,4,7263.0,7121.0
14,30,9,4,6205.0,5265.0
15,30,9,4,4433.0,2684.0
16,30,9,4,2213.0,521.0
17,30,9,4,400.0,1.0
18,30,9,4,1.0,0.0
19,30,9,4,2.0,0.0
20,30,9,4,4.0,2.0
21,30,9,4,6.0,6.0
22,30,9,4,6.0,0.0
23,30,9,4,0.0,0.0
0,1,10,5,0.0,0.0
1,1,10,5,0.0,0.0
2,1,10,5,0.0,0.0
3,1,10,5,0.0,0.0
4,1,10,5,0.0,0.0
5,1,10,5,0.0,273.0
6,1,10,5,277.0,2098.0
7,1,10,5,1967.0,4407.0
8,1,10,5,4025.0,6239.0
9,1,10,5,5601.0,7269.0
10,1,10,5,6609.0,7724.0
11,1,10,5,7069.0,7756.0
12,1,10,5,6820.0,7263.0
13,1,10,5,6145.0,6205.0
14,1,10,5,4583.0,4433.0
15,1,10,5,2960.0,2213.0
16,1,10,5,1341.0,400.0
17,1,10,5,201.0,1.0
18,1,10,5,0.0,2.0
19,1,10,5,0.0,4.0
20,1,10,5,0.0,6.0
21,1,10,5,0.0,6.0
22,1,10,5,0.0,0.0
23,1,10,5,0.0,0.0
0,2,10,6,0.0,0.0
1,2,10,6,0.0,0.0
2,2,10,6,0.0,0.0
3,2,10,6,0.0,0.0
4,2,10,6,0.0,0.0
5,2,10,6,0.0,277.0
6,2,10,6,134.0,1967.0
7,2,10,6,1088.0,4025.0
8,2,10,6,2511.0,5601.0
9,2,10,6,3701.0,6609.0
10,2,10,6,4467.0,7069.0
11,2,10,6,4988.0,6820.0
12,2,10,6,5256.0,6145.0
13,2,10,6,5042.0,4583.0
14,2,10,6,4276.0,2960.0
15,2,10,6,3172.0,1341.0
16,2,10,6,1682.0,201.0
17,2,10,6,308.0,0.0
18,2,10,6,10.0,0.0
19,2,10,6,11.0,0.0
20,2,10,6,13.0,0.0
21,2,10,6,13.0,0.0
22,2,10,6,8.0,0.0
23,2,10,6,0.0,0.0
0,3,10,0,0.0,0.0
1,3,10,0,0.0,0.0
2,3,10,0,0.0,0.0
3,3,10,0,0.0,0.0
4,3,10,0,0.0,0.0
5,3,10,0,0.0,134.0
6,3,10,0,250.0,1088.0
7,3,10,0,1962.0,2511.0
8,3,10,0,4064.0,3701.0
9,3,10,0,6218.0,4467.0
10,3,10,0,7079.0,4988.0
11,3,10,0,7550.0,5256.0
12,3,10,0,8332.0,5042.0
13,3,10,0,7906.0,4276.0
14,3,10,0,6674.0,3172.0
15,3,10,0,4743.0,1682.0
16,3,10,0,2130.0,308.0
17,3,10,0,234.0,10.0
18,3,10,0,0.0,11.0
19,3,10,0,0.0,13.0
20,3,10,0,0.0,13.0
21,3,10,0,0.0,8.0
22,3,10,0,0.0,0.0
23,3,10,0,0.0,0.0
0,4,10,1,0.0,0.0
1,4,10,1,0.0,0.0
2,4,10,1,0.0,0.0
3,4,10,1,287.0,0.0
4,4,10,1,0.0,0.0
5,4,10,1,0.0,250.0
6,4,10,1,185.0,1962.0
7,4,10,1,2971.0,4064.0
8,4,10,1,5104.0,6218.0
9,4,10,1,6249.0,7079.0
10,4,10,1,7463.0,7550.0
11,4,10,1,8025.0,8332.0
12,4,10,1,7796.0,7906.0
13,4,10,1,7628.0,6674.0
14,4,10,1,5802.0,4743.0
15,4,10,1,3740.0,2130.0
16,4,10,1,1892.0,234.0
17,4,10,1,228.0,0.0
18,4,10,1,0.0,0.0
19,4,10,1,0.0,0.0
20,4,10,1,0.0,0.0
21,4,10,1,0.0,0.0
22,4,10,1,0.0,0.0
23,4,10,1,0.0,0.0
0,5,10,2,0.0,0.0
1,5,10,2,0.0,0.0
2,5,10,2,0.0,287.0
3,5,10,2,0.0,0.0
4,5,10,2,0.0,0.0
5,5,10,2,0.0,185.0
6,5,10,2,276.0,2971.0
7,5,10,2,2338.0,5104.0
8,5,10,2,4930.0,6249.0
9,5,10,2,6480.0,7463.0
10,5,10,2,7443.0,8025.0
11,5,10,2,8272.0,7796.0
12,5,10,2,8132.0,7628.0
13,5,10,2,7535.0,5802.0
14,5,10,2,6086.0,3740.0
15,5,10,2,4228.0,1892.0
16,5,10,2,1935.0,228.0
17,5,10,2,151.0,0.0
18,5,10,2,0.0,0.0
19,5,10,2,0.0,0.0
20,5,10,2,0.0,0.0
21,5,10,2,0.0,0.0
22,5,10,2,0.0,0.0
23,5,10,2,0.0,0.0
0,6,10,3,0.0,0.0
1,6,10,3,0.0,0.0
2,6,10,3,0.0,0.0
3,6,10,3,0.0,0.0
4,6,10,3,0.0,0.0
5,6,10,3,0.0,276.0
6,6,10,3,203.0,2338.0
7,6,10,3,1477.0,4930.0
8,6,10,3,3493.0,6480.0
9,6,10,3,4955.0,7443.0
10,6,10,3,6120.0,8272.0
11,6,10,3,6446.0,8132.0
12,6,10,3,6533.0,7535.0
13,6,10,3,5904.0,6086.0
14,6,10,3,4412.0,4228.0
15,6,10,3,2955.0,1935.0
16,6,10,3,988.0,151.0
17,6,10,3,41.0,0.0
18,6,10,3,0.0,0.0
19,6,10,3,0.0,0.0
20,6,10,3,0.0,0.0
21,6,10,3,0.0,0.0
22,6,10,3,0.0,0.0
23,6,10,3,0.0,0.0
0,7,10,4,0.0,0.0
1,7,10,4,0.0,0.0
2,7,10,4,0.0,0.0
3,7,10,4,0.0,0.0
4,7,10,4,0.0,0.0
5,7,10,4,0.0,203.0
6,7,10,4,59.0,1477.0
7,7,10,4,991.0,3493.0
8,7,10,4,2593.0,4955.0
9,7,10,4,4525.0,6120.0
10,7,10,4,5955.0,6446.0
11,7,10,4,6598.0,6533.0
12,7,10,4,6520.0,5904.0
13,7,10,4,6347.0,4412.0
14,7,10,4,5775.0,2955.0
15,7,10,4,4426.0,988.0
16,7,10,4,1865.0,41.0
17,7,10,4,130.0,0.0
18,7,10,4,0.0,0.0
19,7,10,4,0.0,0.0
20,7,10,4,0.0,0.0
21,7,10,4,0.0,0.0
22,7,10,4,0.0,0.0
23,7,10,4,0.0,0.0
0,8,10,5,0.0,0.0
1,8,10,5,0.0,0.0
2,8,10,5,0.0,0.0
3,8,10,5,0.0,0.0
4,8,10,5,0.0,0.0
5,8,10,5,0.0,59.0
6,8,10,5,254.0,991.0
7,8,10,5,2054.0,2593.0
8,8,10,5,4242.0,4525.0
9,8,10,5,5975.0,5955.0
10,8,10,5,6938.0,6598.0
11,8,10,5,7490.0,6520.0
12,8,10,5,6843.0,6347.0
13,8,10,5,6045.0,5775.0
14,8,10,5,4487.0,4426.0
15,8,10,5,2988.0,1865.0
16,8,10,5,1220.0,130.0
17,8,10,5,76.0,0.0
18,8,10,5,0.0,0.0
19,8,10,5,0.0,0.0
20,8,10,5,0.0,0.0
21,8,10,5,0.0,0.0
22,8,10,5,0.0,0.0
23,8,10,5,4.0,0.0
0,9,10,6,6.0,0.0
1,9,10,6,3.0,0.0
2,9,10,6,2.0,0.0
3,9,10,6,430.0,0.0
4,9,10,6,4.0,0.0
5,9,10,6,5.0,254.0
6,9,10,6,416.0,2054.0
7,9,10,6,1397.0,4242.0
8,9,10,6,3107.0,5975.0
9,9,10,6,4568.0,6938.0
10,9,10,6,5690.0,7490.0
11,9,10,6,6399.0,6843.0
12,9,10,6,5164.0,6045.0
13,9,10,6,4710.0,4487.0
14,9,10,6,3761.0,2988.0
15,9,10,6,2866.0,1220.0
16,9,10,6,912.0,76.0
17,9,10,6,18.0,0.0
18,9,10,6,0.0,0.0
19,9,10,6,1.0,0.0
20,9,10,6,2.0,0.0
21,9,10,6,1.0,0.0
22,9,10,6,9.0,4.0
23,9,10,6,0.0,6.0
0,10,10,0,0.0,3.0
1,10,10,0,0.0,2.0
2,10,10,0,0.0,430.0
3,10,10,0,0.0,4.0
4,10,10,0,0.0,5.0
5,10,10,0,0.0,416.0
6,10,10,0,101.0,1397.0
7,10,10,0,943.0,3107.0
8,10,10,0,2507.0,4568.0
9,10,10,0,4132.0,5690.0
10,10,10,0,5429.0,6399.0
11,10,10,0,6124.0,5164.0
12,10,10,0,6679.0,4710.0
13,10,10,0,6114.0,3761.0
14,10,10,0,5383.0,2866.0
15,10,10,0,4209.0,912.0
16,10,10,0,1583.0,18.0
17,10,10,0,60.0,0.0
18,10,10,0,0.0,1.0
19,10,10,0,0.0,2.0
20,10,10,0,0.0,1.0
21,10,10,0,0.0,9.0
22,10,10,0,0.0,0.0
23,10,10,0,0.0,0.0
0,11,10,1,0.0,0.0
1,11,10,1,0.0,0.0
2,11,10,1,0.0,0.0
3,11,10,1,0.0,0.0
4,11,10,1,0.0,0.0
5,11,10,1,0.0,101.0
6,11,10,1,83.0,943.0
7,11,10,1,1056.0,2507.0
8,11,10,1,2902.0,4132.0
9,11,10,1,4330.0,5429.0
10,11,10,1,4770.0,6124.0
11,11,10,1,4473.0,6679.0
12,11,10,1,4262.0,6114.0
13,11,10,1,3742.0,5383.0
14,11,10,1,2715.0,4209.0
15,11,10,1,1895.0,1583.0
16,11,10,1,790.0,60.0
17,11,10,1,54.0,0.0
18,11,10,1,0.0,0.0
19,11,10,1,0.0,0.0
20,11,10,1,0.0,0.0
21,11,10,1,0.0,0.0
22,11,10,1,0.0,0.0
23,11,10,1,0.0,0.0
0,12,10,2,0.0,0.0
1,12,10,2,0.0,0.0
2,12,10,2,0.0,0.0
3,12,10,2,0.0,0.0
4,12,10,2,0.0,0.0
5,12,10,2,0.0,83.0
6,12,10,2,165.0,1056.0
7,12,10,2,2371.0,2902.0
8,12,10,2,5214.0,4330.0
9,12,10,2,7369.0,4770.0
10,12,10,2,8468.0,4473.0
11,12,10,2,8923.0,4262.0
12,12,10,2,8862.0,3742.0
13,12,10,2,7744.0,2715.0
14,12,10,2,6338.0,1895.0
15,12,10,2,4122.0,790.0
16,12,10,2,1463.0,54.0
17,12,10,2,52.0,0.0
18,12,10,2,0.0,0.0
19,12,10,2,0.0,0.0
20,12,10,2,0.0,0.0
21,12,10,2,0.0,0.0
22,12,10,2,0.0,0.0
23,12,10,2,0.0,0.0
0,13,10,3,0.0,0.0
1,13,10,3,0.0,0.0
2,13,10,3,0.0,0.0
3,13,10,3,0.0,0.0
4,13,10,3,0.0,0.0
5,13,10,3,0.0,165.0
6,13,10,3,133.0,2371.0
7,13,10,3,1210.0,5214.0
8,13,10,3,2300.0,7369.0
9,13,10,3,2793.0,8468.0
10,13,10,3,3342.0,8923.0
11,13,10,3,3680.0,8862.0
12,13,10,3,3145.0,7744.0
13,13,10,3,2746.0,6338.0
14,13,10,3,2032.0,4122.0
15,13,10,3,1091.0,1463.0
16,13,10,3,320.0,52.0
17,13,10,3,8.0,0.0
18,13,10,3,0.0,0.0
19,13,10,3,0.0,0.0
20,13,10,3,0.0,0.0
21,13,10,3,0.0,0.0
22,13,10,3,0.0,0.0
23,13,10,3,0.0,0.0
0,14,10,4,0.0,0.0
1,14,10,4,0.0,0.0
2,14,10,4,0.0,0.0
3,14,10,4,0.0,0.0
4,14,10,4,0.0,0.0
5,14,10,4,0.0,133.0
6,14,10,4,82.0,1210.0
7,14,10,4,754.0,2300.0
8,14,10,4,1908.0,2793.0
9,14,10,4,2728.0,3342.0
10,14,10,4,3006.0,3680.0
11,14,10,4,3538.0,3145.0
12,14,10,4,3697.0,2746.0
13,14,10,4,3162.0,2032.0
14,14,10,4,2289.0,1091.0
15,14,10,4,1372.0,320.0
16,14,10,4,478.0,8.0
17,14,10,4,28.0,0.0
18,14,10,4,0.0,0.0
19,14,10,4,0.0,0.0
20,14,10,4,0.0,0.0
21,14,10,4,0.0,0.0
22,14,10,4,0.0,0.0
23,14,10,4,0.0,0.0
0,15,10,5,0.0,0.0
1,15,10,5,0.0,0.0
2,15,10,5,0.0,0.0
3,15,10,5,0.0,0.0
4,15,10,5,0.0,0.0
5,15,10,5,0.0,82.0
6,15,10,5,49.0,754.0
7,15,10,5,775.0,1908.0
8,15,10,5,2055.0,2728.0
9,15,10,5,3385.0,3006.0
10,15,10,5,4666.0,3538.0
11,15,10,5,4862.0,3697.0
12,15,10,5,5174.0,3162.0
13,15,10,5,4473.0,2289.0
14,15,10,5,3789.0,1372.0
15,15,10,5,2879.0,478.0
16,15,10,5,1136.0,28.0
17,15,10,5,39.0,0.0
18,15,10,5,0.0,0.0
19,15,10,5,0.0,0.0
20,15,10,5,0.0,0.0
21,15,10,5,0.0,0.0
22,15,10,5,0.0,0.0
23,15,10,5,0.0,0.0
0,16,10,6,0.0,0.0
1,16,10,6,0.0,0.0
2,16,10,6,0.0,0.0
3,16,10,6,0.0,0.0
4,16,10,6,0.0,0.0
5,16,10,6,0.0,49.0
6,16,10,6,62.0,775.0
7,16,10,6,1513.0,2055.0
8,16,10,6,3856.0,3385.0
9,16,10,6,5510.0,4666.0
10,16,10,6,7068.0,4862.0
11,16,10,6,7821.0,5174.0
12,16,10,6,7872.0,4473.0
13,16,10,6,7247.0,3789.0
14,16,10,6,5996.0,2879.0
15,16,10,6,3733.0,1136.0
16,16,10,6,1150.0,39.0
17,16,10,6,20.0,0.0
18,16,10,6,0.0,0.0
19,16,10,6,0.0,0.0
20,16,10,6,0.0,0.0
21,16,10,6,0.0,0.0
22,16,10,6,0.0,0.0
23,16,10,6,0.0,0.0
0,17,10,0,0.0,0.0
1,17,10,0,0.0,0.0
2,17,10,0,0.0,0.0
3,17,10,0,0.0,0.0
4,17,10,0,0.0,0.0
5,17,10,0,0.0,62.0
6,17,10,0,88.0,1513.0
7,17,10,0,1133.0,3856.0
8,17,10,0,2977.0,5510.0
9,17,10,0,4369.0,7068.0
10,17,10,0,5171.0,7821.0
11,17,10,0,5367.0,7872.0
12,17,10,0,5124.0,7247.0
13,17,10,0,4917.0,5996.0
14,17,10,0,3621.0,3733.0
15,17,10,0,2211.0,1150.0
16,17,10,0,656.0,20.0
17,17,10,0,17.0,0.0
18,17,10,0,0.0,0.0
19,17,10,0,0.0,0.0
20,17,10,0,0.0,0.0
21,17,10,0,0.0,0.0
22,17,10,0,0.0,0.0
23,17,10,0,0.0,0.0
0,18,10,1,0.0,0.0
1,18,10,1,0.0,0.0
2,18,10,1,0.0,0.0
3,18,10,1,0.0,0.0
4,18,10,1,0.0,0.0
5,18,10,1,0.0,88.0
6,18,10,1,67.0,1133.0
7,18,10,1,648.0,2977.0
8,18,10,1,1549.0,4369.0
9,18,10,1,2701.0,5171.0
10,18,10,1,3742.0,5367.0
11,18,10,1,3810.0,5124.0
12,18,10,1,4267.0,4917.0
13,18,10,1,3780.0,3621.0
14,18,10,1,3358.0,2211.0
15,18,10,1,2174.0,656.0
16,18,10,1,699.0,17.0
17,18,10,1,18.0,0.0
18,18,10,1,10.0,0.0
19,18,10,1,12.0,0.0
20,18,10,1,13.0,0.0
21,18,10,1,13.0,0.0
22,18,10,1,10.0,0.0
23,18,10,1,0.0,0.0
0,19,10,2,0.0,0.0
1,19,10,2,0.0,0.0
2,19,10,2,0.0,0.0
3,19,10,2,0.0,0.0
4,19,10,2,0.0,0.0
5,19,10,2,0.0,67.0
6,19,10,2,125.0,648.0
7,19,10,2,1348.0,1549.0
8,19,10,2,2942.0,2701.0
9,19,10,2,4201.0,3742.0
10,19,10,2,4771.0,3810.0
11,19,10,2,5437.0,4267.0
12,19,10,2,5895.0,3780.0
13,19,10,2,5179.0,3358.0
14,19,10,2,3862.0,2174.0
15,19,10,2,2318.0,699.0
16,19,10,2,671.0,18.0
17,19,10,2,9.0,10.0
18,19,10,2,0.0,12.0
19,19,10,2,0.0,13.0
20,19,10,2,0.0,13.0
21,19,10,2,0.0,10.0
22,19,10,2,0.0,0.0
23,19,10,2,0.0,0.0
