hour,day,month,dayofweek,load_lag_1,load_lag_24
0,2,1,5,21420.0,21665.0
1,2,1,5,19651.0,20260.0
2,2,1,5,18679.0,19056.0
3,2,1,5,18264.0,18407.0
4,2,1,5,18346.0,18425.0
5,2,1,5,19236.0,19261.0
6,2,1,5,21300.0,19673.0
7,2,1,5,23333.0,19927.0
8,2,1,5,25221.0,21403.0
9,2,1,5,27697.0,22819.0
10,2,1,5,28637.0,23995.0
11,2,1,5,29080.0,24516.0
12,2,1,5,29077.0,23206.0
13,2,1,5,28364.0,22244.0
14,2,1,5,27879.0,22551.0
15,2,1,5,28269.0,23949.0
16,2,1,5,29808.0,27964.0
17,2,1,5,33054.0,28978.0
18,2,1,5,33860.0,29504.0
19,2,1,5,33850.0,29082.0
20,2,1,5,31760.0,27681.0
21,2,1,5,29295.0,25626.0
22,2,1,5,26658.0,23131.0
23,2,1,5,24332.0,21420.0
0,3,1,6,21855.0,19651.0
1,3,1,6,20156.0,18679.0
2,3,1,6,19200.0,18264.0
3,3,1,6,18603.0,18346.0
4,3,1,6,18456.0,19236.0
5,3,1,6,18917.0,21300.0
6,3,1,6,20148.0,23333.0
7,3,1,6,21373.0,25221.0
8,3,1,6,22696.0,27697.0
9,3,1,6,25152.0,28637.0
10,3,1,6,27044.0,29080.0
11,3,1,6,28325.0,29077.0
12,3,1,6,27882.0,28364.0
13,3,1,6,25392.0,27879.0
14,3,1,6,23928.0,28269.0
15,3,1,6,24631.0,29808.0
16,3,1,6,25801.0,33054.0
17,3,1,6,29654.0,33860.0
18,3,1,6,31004.0,33850.0
19,3,1,6,31209.0,31760.0
20,3,1,6,30520.0,29295.0
21,3,1,6,28560.0,26658.0
22,3,1,6,26171.0,24332.0
23,3,1,6,23920.0,21855.0
0,4,1,0,21545.0,20156.0
1,4,1,0,19872.0,19200.0
2,4,1,0,19023.0,18603.0
3,4,1,0,18745.0,18456.0
4,4,1,0,19110.0,18917.0
5,4,1,0,20513.0,20148.0
6,4,1,0,24208.0,21373.0
7,4,1,0,28600.0,22696.0
8,4,1,0,32670.0,25152.0
9,4,1,0,35751.0,27044.0
10,4,1,0,36378.0,28325.0
11,4,1,0,36854.0,27882.0
12,4,1,0,36044.0,25392.0
13,4,1,0,34932.0,23928.0
14,4,1,0,35279.0,24631.0
15,4,1,0,35761.0,25801.0
16,4,1,0,36594.0,29654.0
17,4,1,0,39285.0,31004.0
18,4,1,0,38952.0,31209.0
19,4,1,0,38486.0,30520.0
20,4,1,0,36296.0,28560.0
21,4,1,0,33679.0,26171.0
22,4,1,0,29962.0,23920.0
23,4,1,0,26943.0,21545.0
0,5,1,1,24179.0,19872.0
1,5,1,1,22224.0,19023.0
2,5,1,1,21217.0,18745.0
3,5,1,1,20986.0,19110.0
4,5,1,1,21203.0,20513.0
5,5,1,1,22496.0,24208.0
6,5,1,1,25827.0,28600.0
7,5,1,1,29867.0,32670.0
8,5,1,1,33368.0,35751.0
9,5,1,1,36254.0,36378.0
10,5,1,1,36747.0,36854.0
11,5,1,1,36896.0,36044.0
12,5,1,1,35714.0,34932.0
13,5,1,1,34277.0,35279.0
14,5,1,1,34827.0,35761.0
15,5,1,1,35046.0,36594.0
16,5,1,1,36284.0,39285.0
17,5,1,1,38962.0,38952.0
18,5,1,1,38918.0,38486.0
19,5,1,1,37882.0,36296.0
20,5,1,1,35362.0,33679.0
21,5,1,1,32772.0,29962.0
22,5,1,1,29149.0,26943.0
23,5,1,1,26476.0,24179.0
0,6,1,2,24004.0,22224.0
1,6,1,2,22129.0,21217.0
2,6,1,2,21058.0,20986.0
3,6,1,2,20533.0,21203.0
4,6,1,2,20421.0,22496.0
5,6,1,2,20760.0,25827.0
6,6,1,2,22228.0,29867.0
7,6,1,2,23734.0,33368.0
8,6,1,2,25157.0,36254.0
9,6,1,2,27298.0,36747.0
10,6,1,2,28659.0,36896.0
11,6,1,2,29406.0,35714.0
12,6,1,2,29129.0,34277.0
13,6,1,2,27792.0,34827.0
14,6,1,2,26686.0,35046.0
15,6,1,2,26823.0,36284.0
16,6,1,2,27808.0,38962.0
17,6,1,2,31507.0,38918.0
18,6,1,2,32540.0,37882.0
19,6,1,2,32867.0,35362.0
20,6,1,2,31901.0,32772.0
21,6,1,2,30389.0,29149.0
22,6,1,2,27944.0,26476.0
23,6,1,2,25452.0,24004.0
0,7,1,3,23046.0,22129.0
1,7,1,3,21226.0,21058.0
2,7,1,3,20395.0,20533.0
3,7,1,3,20269.0,20421.0
4,7,1,3,20728.0,20760.0
5,7,1,3,22606.0,22228.0
6,7,1,3,28125.0,23734.0
7,7,1,3,34490.0,25157.0
8,7,1,3,39012.0,27298.0
9,7,1,3,41072.0,28659.0
10,7,1,3,41314.0,29406.0
11,7,1,3,40817.0,29129.0
12,7,1,3,38317.0,27792.0
13,7,1,3,37663.0,26686.0
14,7,1,3,39228.0,26823.0
15,7,1,3,40219.0,27808.0
16,7,1,3,41651.0,31507.0
17,7,1,3,44162.0,32540.0
18,7,1,3,43039.0,32867.0
19,7,1,3,41660.0,31901.0
20,7,1,3,39227.0,30389.0
21,7,1,3,36137.0,27944.0
22,7,1,3,32432.0,25452.0
23,7,1,3,28759.0,23046.0
0,8,1,4,25739.0,21226.0
1,8,1,4,23911.0,20395.0
2,8,1,4,23010.0,20269.0
3,8,1,4,22594.0,20728.0
4,8,1,4,23020.0,22606.0
5,8,1,4,24660.0,28125.0
6,8,1,4,29565.0,34490.0
7,8,1,4,35754.0,39012.0
8,8,1,4,39973.0,41072.0
9,8,1,4,41391.0,41314.0
10,8,1,4,41095.0,40817.0
11,8,1,4,40681.0,38317.0
12,8,1,4,39028.0,37663.0
13,8,1,4,38120.0,39228.0
14,8,1,4,38948.0,40219.0
15,8,1,4,39616.0,41651.0
16,8,1,4,40793.0,44162.0
17,8,1,4,43569.0,43039.0
18,8,1,4,42888.0,41660.0
19,8,1,4,41580.0,39227.0
20,8,1,4,38860.0,36137.0
21,8,1,4,35219.0,32432.0
22,8,1,4,31478.0,28759.0
23,8,1,4,28480.0,25739.0
0,9,1,5,25469.0,23911.0
1,9,1,5,23648.0,23010.0
2,9,1,5,22678.0,22594.0
3,9,1,5,22337.0,23020.0
4,9,1,5,22351.0,24660.0
5,9,1,5,22910.0,29565.0
6,9,1,5,25489.0,35754.0
7,9,1,5,28769.0,39973.0
8,9,1,5,31223.0,41391.0
9,9,1,5,33921.0,41095.0
10,9,1,5,34593.0,40681.0
11,9,1,5,34088.0,39028.0
12,9,1,5,32352.0,38120.0
13,9,1,5,30766.0,38948.0
14,9,1,5,29946.0,39616.0
15,9,1,5,30201.0,40793.0
16,9,1,5,31514.0,43569.0
17,9,1,5,35095.0,42888.0
18,9,1,5,35898.0,41580.0
19,9,1,5,36024.0,38860.0
20,9,1,5,33690.0,35219.0
21,9,1,5,30731.0,31478.0
22,9,1,5,28146.0,28480.0
23,9,1,5,26200.0,25469.0
0,10,1,6,23802.0,23648.0
1,10,1,6,22002.0,22678.0
2,10,1,6,20712.0,22337.0
3,10,1,6,20142.0,22351.0
4,10,1,6,20147.0,22910.0
5,10,1,6,20548.0,25489.0
6,10,1,6,21677.0,28769.0
7,10,1,6,22964.0,31223.0
8,10,1,6,24320.0,33921.0
9,10,1,6,26531.0,34593.0
10,10,1,6,27747.0,34088.0
11,10,1,6,28163.0,32352.0
12,10,1,6,28488.0,30766.0
13,10,1,6,26986.0,29946.0
14,10,1,6,26242.0,30201.0
15,10,1,6,26415.0,31514.0
16,10,1,6,27221.0,35095.0
17,10,1,6,30815.0,35898.0
18,10,1,6,32097.0,36024.0
19,10,1,6,32567.0,33690.0
20,10,1,6,31359.0,30731.0
21,10,1,6,29789.0,28146.0
22,10,1,6,27441.0,26200.0
23,10,1,6,25001.0,23802.0
0,11,1,0,22214.0,22002.0
1,11,1,0,20582.0,20712.0
2,11,1,0,19994.0,20142.0
3,11,1,0,20105.0,20147.0
4,11,1,0,20623.0,20548.0
5,11,1,0,22762.0,21677.0
6,11,1,0,28988.0,22964.0
7,11,1,0,35975.0,24320.0
8,11,1,0,40849.0,26531.0
9,11,1,0,42332.0,27747.0
10,11,1,0,42688.0,28163.0
11,11,1,0,42160.0,28488.0
12,11,1,0,40026.0,26986.0
13,11,1,0,39828.0,26242.0
14,11,1,0,40681.0,26415.0
15,11,1,0,41177.0,27221.0
16,11,1,0,42480.0,30815.0
17,11,1,0,44396.0,32097.0
18,11,1,0,43338.0,32567.0
19,11,1,0,41750.0,31359.0
20,11,1,0,39515.0,29789.0
21,11,1,0,36406.0,27441.0
22,11,1,0,32385.0,25001.0
23,11,1,0,29222.0,22214.0
0,12,1,1,26502.0,20582.0
1,12,1,1,25016.0,19994.0
2,12,1,1,24292.0,20105.0
3,12,1,1,23995.0,20623.0
4,12,1,1,24232.0,22762.0
5,12,1,1,25902.0,28988.0
6,12,1,1,31210.0,35975.0
7,12,1,1,37498.0,40849.0
8,12,1,1,41823.0,42332.0
9,12,1,1,42891.0,42688.0
10,12,1,1,42742.0,42160.0
11,12,1,1,42142.0,40026.0
12,12,1,1,39150.0,39828.0
13,12,1,1,38561.0,40681.0
14,12,1,1,39589.0,41177.0
15,12,1,1,40725.0,42480.0
16,12,1,1,41276.0,44396.0
17,12,1,1,44576.0,43338.0
18,12,1,1,44068.0,41750.0
19,12,1,1,42954.0,39515.0
20,12,1,1,40354.0,36406.0
21,12,1,1,37342.0,32385.0
22,12,1,1,33109.0,29222.0
23,12,1,1,30131.0,26502.0
0,13,1,2,27049.0,25016.0
1,13,1,2,25307.0,24292.0
2,13,1,2,24501.0,23995.0
3,13,1,2,24288.0,24232.0
4,13,1,2,24579.0,25902.0
5,13,1,2,26292.0,31210.0
6,13,1,2,31697.0,37498.0
7,13,1,2,38261.0,41823.0
8,13,1,2,42296.0,42891.0
9,13,1,2,43056.0,42742.0
10,13,1,2,42475.0,42142.0
11,13,1,2,41616.0,39150.0
12,13,1,2,39102.0,38561.0
13,13,1,2,38581.0,39589.0
14,13,1,2,39893.0,40725.0
15,13,1,2,40121.0,41276.0
16,13,1,2,41601.0,44576.0
17,13,1,2,44801.0,44068.0
18,13,1,2,44708.0,42954.0
19,13,1,2,43407.0,40354.0
20,13,1,2,40629.0,37342.0
21,13,1,2,37781.0,33109.0
22,13,1,2,33797.0,30131.0
23,13,1,2,30741.0,27049.0
0,14,1,3,27510.0,25307.0
1,14,1,3,25893.0,24501.0
2,14,1,3,25060.0,24288.0
3,14,1,3,24815.0,24579.0
4,14,1,3,25152.0,26292.0
5,14,1,3,26827.0,31697.0
6,14,1,3,32064.0,38261.0
7,14,1,3,38817.0,42296.0
8,14,1,3,42944.0,43056.0
9,14,1,3,44133.0,42475.0
10,14,1,3,44203.0,41616.0
11,14,1,3,44269.0,39102.0
12,14,1,3,41826.0,38581.0
13,14,1,3,40836.0,39893.0
14,14,1,3,41949.0,40121.0
15,14,1,3,42716.0,41601.0
16,14,1,3,43978.0,44801.0
17,14,1,3,45630.0,44708.0
18,14,1,3,45032.0,43407.0
19,14,1,3,43832.0,40629.0
20,14,1,3,40808.0,37781.0
21,14,1,3,37957.0,33797.0
22,14,1,3,33889.0,30741.0
23,14,1,3,30729.0,27510.0
0,15,1,4,27707.0,25893.0
1,15,1,4,25953.0,25060.0
2,15,1,4,25115.0,24815.0
3,15,1,4,24893.0,25152.0
4,15,1,4,25168.0,26827.0
5,15,1,4,26933.0,32064.0
6,15,1,4,32252.0,38817.0
7,15,1,4,39015.0,42944.0
8,15,1,4,42985.0,44133.0
9,15,1,4,44174.0,44203.0
10,15,1,4,44320.0,44269.0
11,15,1,4,43810.0,41826.0
12,15,1,4,41198.0,40836.0
13,15,1,4,40142.0,41949.0
14,15,1,4,41302.0,42716.0
15,15,1,4,40934.0,43978.0
16,15,1,4,42198.0,45630.0
17,15,1,4,44568.0,45032.0
18,15,1,4,44647.0,43832.0
19,15,1,4,43595.0,40808.0
20,15,1,4,40572.0,37957.0
21,15,1,4,37274.0,33889.0
22,15,1,4,33445.0,30729.0
23,15,1,4,30382.0,27707.0
0,16,1,5,28109.0,25953.0
1,16,1,5,25922.0,25115.0
2,16,1,5,24693.0,24893.0
3,16,1,5,24091.0,25168.0
4,16,1,5,24111.0,26933.0
5,16,1,5,24730.0,32252.0
6,16,1,5,27683.0,39015.0
7,16,1,5,31489.0,42985.0
8,16,1,5,34074.0,44174.0
9,16,1,5,36020.0,44320.0
10,16,1,5,36360.0,43810.0
11,16,1,5,35592.0,41198.0
12,16,1,5,33786.0,40142.0
13,16,1,5,32036.0,41302.0
14,16,1,5,30430.0,40934.0
15,16,1,5,30158.0,42198.0
16,16,1,5,31500.0,44568.0
17,16,1,5,35317.0,44647.0
18,16,1,5,37095.0,43595.0
19,16,1,5,36880.0,40572.0
20,16,1,5,34686.0,37274.0
21,16,1,5,31741.0,33445.0
22,16,1,5,29054.0,30382.0
23,16,1,5,27045.0,28109.0
0,17,1,6,25332.0,25922.0
1,17,1,6,23255.0,24693.0
2,17,1,6,22080.0,24091.0
3,17,1,6,21460.0,24111.0
4,17,1,6,21351.0,24730.0
5,17,1,6,21838.0,27683.0
6,17,1,6,23150.0,31489.0
7,17,1,6,24434.0,34074.0
8,17,1,6,26247.0,36020.0
9,17,1,6,28861.0,36360.0
10,17,1,6,30363.0,35592.0
11,17,1,6,30398.0,33786.0
12,17,1,6,30740.0,32036.0
13,17,1,6,28758.0,30430.0
14,17,1,6,26935.0,30158.0
15,17,1,6,26705.0,31500.0
16,17,1,6,27552.0,35317.0
17,17,1,6,31480.0,37095.0
18,17,1,6,33369.0,36880.0
19,17,1,6,34040.0,34686.0
20,17,1,6,33125.0,31741.0
21,17,1,6,31142.0,29054.0
22,17,1,6,28666.0,27045.0
23,17,1,6,26196.0,25332.0
0,18,1,0,23368.0,23255.0
1,18,1,0,21967.0,22080.0
2,18,1,0,21350.0,21460.0
3,18,1,0,21473.0,21351.0
4,18,1,0,22103.0,21838.0
5,18,1,0,24436.0,23150.0
6,18,1,0,30634.0,24434.0
7,18,1,0,37921.0,26247.0
8,18,1,0,43086.0,28861.0
9,18,1,0,45314.0,30363.0
10,18,1,0,45437.0,30398.0
11,18,1,0,44894.0,30740.0
12,18,1,0,42137.0,28758.0
13,18,1,0,41392.0,26935.0
14,18,1,0,41772.0,26705.0
15,18,1,0,42666.0,27552.0
16,18,1,0,44476.0,31480.0
17,18,1,0,46965.0,33369.0
18,18,1,0,46418.0,34040.0
19,18,1,0,44929.0,33125.0
20,18,1,0,42236.0,31142.0
21,18,1,0,38892.0,28666.0
22,18,1,0,34650.0,26196.0
23,18,1,0,31382.0,23368.0
0,19,1,1,28133.0,21967.0
1,19,1,1,26468.0,21350.0
2,19,1,1,25631.0,21473.0
3,19,1,1,25193.0,22103.0
4,19,1,1,25658.0,24436.0
5,19,1,1,27465.0,30634.0
6,19,1,1,33026.0,37921.0
7,19,1,1,39979.0,43086.0
8,19,1,1,44382.0,45314.0
9,19,1,1,46575.0,45437.0
10,19,1,1,46844.0,44894.0
11,19,1,1,46578.0,42137.0
12,19,1,1,43775.0,41392.0
13,19,1,1,42641.0,41772.0
14,19,1,1,43297.0,42666.0
15,19,1,1,44114.0,44476.0
16,19,1,1,45183.0,46965.0
17,19,1,1,47919.0,46418.0
18,19,1,1,47542.0,44929.0
19,19,1,1,46129.0,42236.0
20,19,1,1,43159.0,38892.0
21,19,1,1,39973.0,34650.0
22,19,1,1,35510.0,31382.0
23,19,1,1,31778.0,28133.0
0,20,1,2,28541.0,26468.0
1,20,1,2,26901.0,25631.0
2,20,1,2,25937.0,25193.0
3,20,1,2,25656.0,25658.0
4,20,1,2,25773.0,27465.0
5,20,1,2,27710.0,33026.0
6,20,1,2,33587.0,39979.0
7,20,1,2,40648.0,44382.0
8,20,1,2,45360.0,46575.0
9,20,1,2,46852.0,46844.0
10,20,1,2,46438.0,46578.0
11,20,1,2,45655.0,43775.0
12,20,1,2,42773.0,42641.0
13,20,1,2,42011.0,43297.0
14,20,1,2,43136.0,44114.0
15,20,1,2,43960.0,45183.0
16,20,1,2,45028.0,47919.0
17,20,1,2,47669.0,47542.0
18,20,1,2,47690.0,46129.0
19,20,1,2,46307.0,43159.0
20,20,1,2,43119.0,39973.0
21,20,1,2,39468.0,35510.0
22,20,1,2,35285.0,31778.0
23,20,1,2,31502.0,28541.0
0,21,1,3,28643.0,26901.0
1,21,1,3,26696.0,25937.0
2,21,1,3,25859.0,25656.0
3,21,1,3,25716.0,25773.0
4,21,1,3,26020.0,27710.0
5,21,1,3,27788.0,33587.0
6,21,1,3,33482.0,40648.0
7,21,1,3,40526.0,45360.0
8,21,1,3,44860.0,46852.0
9,21,1,3,46340.0,46438.0
10,21,1,3,46107.0,45655.0
11,21,1,3,45176.0,42773.0
12,21,1,3,42337.0,42011.0
13,21,1,3,41324.0,43136.0
14,21,1,3,42287.0,43960.0
15,21,1,3,43180.0,45028.0
16,21,1,3,44182.0,47669.0
17,21,1,3,46815.0,47690.0
18,21,1,3,46739.0,46307.0
19,21,1,3,45665.0,43119.0
20,21,1,3,42914.0,39468.0
21,21,1,3,39711.0,35285.0
22,21,1,3,35364.0,31502.0
23,21,1,3,31866.0,28643.0
0,22,1,4,29658.0,26696.0
1,22,1,4,27527.0,25859.0
2,22,1,4,26303.0,25716.0
3,22,1,4,25896.0,26020.0
4,22,1,4,26047.0,27788.0
5,22,1,4,27833.0,33482.0
6,22,1,4,33889.0,40526.0
7,22,1,4,40902.0,44860.0
8,22,1,4,45017.0,46340.0
9,22,1,4,46377.0,46107.0
10,22,1,4,46020.0,45176.0
11,22,1,4,45343.0,42337.0
12,22,1,4,42936.0,41324.0
13,22,1,4,42068.0,42287.0
14,22,1,4,42500.0,43180.0
15,22,1,4,42719.0,44182.0
16,22,1,4,43655.0,46815.0
17,22,1,4,46155.0,46739.0
18,22,1,4,46314.0,45665.0
19,22,1,4,45010.0,42914.0
20,22,1,4,42343.0,39711.0
21,22,1,4,38883.0,35364.0
22,22,1,4,34883.0,31866.0
23,22,1,4,31544.0,29658.0
0,23,1,5,28853.0,27527.0
1,23,1,5,27004.0,26303.0
2,23,1,5,25683.0,25896.0
3,23,1,5,25284.0,26047.0
4,23,1,5,25180.0,27833.0
5,23,1,5,25945.0,33889.0
6,23,1,5,28651.0,40902.0
7,23,1,5,32109.0,45017.0
8,23,1,5,34970.0,46377.0
9,23,1,5,37296.0,46020.0
10,23,1,5,37112.0,45343.0
11,23,1,5,35696.0,42936.0
12,23,1,5,33794.0,42068.0
13,23,1,5,31730.0,42500.0
14,23,1,5,31516.0,42719.0
15,23,1,5,31525.0,43655.0
16,23,1,5,32692.0,46155.0
17,23,1,5,36455.0,46314.0
18,23,1,5,38372.0,45010.0
19,23,1,5,38294.0,42343.0
20,23,1,5,35970.0,38883.0
21,23,1,5,32953.0,34883.0
22,23,1,5,30437.0,31544.0
23,23,1,5,28000.0,28853.0
0,24,1,6,25231.0,27004.0
1,24,1,6,23283.0,25683.0
2,24,1,6,22270.0,25284.0
3,24,1,6,21686.0,25180.0
4,24,1,6,21615.0,25945.0
5,24,1,6,22082.0,28651.0
6,24,1,6,23446.0,32109.0
7,24,1,6,24532.0,34970.0
8,24,1,6,26098.0,37296.0
9,24,1,6,28368.0,37112.0
10,24,1,6,29102.0,35696.0
11,24,1,6,29670.0,33794.0
12,24,1,6,29246.0,31730.0
13,24,1,6,27778.0,31516.0
14,24,1,6,27121.0,31525.0
15,24,1,6,27036.0,32692.0
16,24,1,6,27573.0,36455.0
17,24,1,6,31116.0,38372.0
18,24,1,6,33917.0,38294.0
19,24,1,6,34422.0,35970.0
20,24,1,6,33488.0,32953.0
21,24,1,6,31572.0,30437.0
22,24,1,6,29213.0,28000.0
23,24,1,6,26564.0,25231.0
0,25,1,0,23625.0,23283.0
1,25,1,0,22088.0,22270.0
2,25,1,0,21415.0,21686.0
3,25,1,0,21494.0,21615.0
4,25,1,0,22065.0,22082.0
5,25,1,0,24433.0,23446.0
6,25,1,0,31048.0,24532.0
7,25,1,0,38072.0,26098.0
8,25,1,0,42957.0,28368.0
9,25,1,0,44461.0,29102.0
10,25,1,0,44051.0,29670.0
11,25,1,0,43582.0,29246.0
12,25,1,0,41027.0,27778.0
13,25,1,0,40603.0,27121.0
14,25,1,0,41050.0,27036.0
15,25,1,0,41469.0,27573.0
16,25,1,0,42349.0,31116.0
17,25,1,0,44780.0,33917.0
18,25,1,0,45697.0,34422.0
19,25,1,0,44262.0,33488.0
20,25,1,0,41658.0,31572.0
21,25,1,0,38366.0,29213.0
22,25,1,0,34037.0,26564.0
23,25,1,0,30961.0,23625.0
0,26,1,1,28170.0,22088.0
1,26,1,1,26387.0,21415.0
2,26,1,1,25531.0,21494.0
3,26,1,1,25365.0,22065.0
4,26,1,1,25709.0,24433.0
5,26,1,1,27589.0,31048.0
6,26,1,1,33159.0,38072.0
7,26,1,1,39703.0,42957.0
8,26,1,1,44299.0,44461.0
9,26,1,1,45600.0,44051.0
10,26,1,1,44879.0,43582.0
11,26,1,1,44281.0,41027.0
12,26,1,1,41290.0,40603.0
13,26,1,1,40484.0,41050.0
14,26,1,1,41025.0,41469.0
15,26,1,1,41622.0,42349.0
16,26,1,1,42831.0,44780.0
17,26,1,1,45325.0,45697.0
18,26,1,1,46181.0,44262.0
19,26,1,1,44870.0,41658.0
20,26,1,1,42162.0,38366.0
21,26,1,1,39009.0,34037.0
22,26,1,1,35032.0,30961.0
23,26,1,1,31193.0,28170.0
0,27,1,2,28708.0,26387.0
1,27,1,2,26794.0,25531.0
2,27,1,2,25860.0,25365.0
3,27,1,2,25585.0,25709.0
4,27,1,2,26007.0,27589.0
5,27,1,2,27803.0,33159.0
6,27,1,2,33541.0,39703.0
7,27,1,2,40072.0,44299.0
8,27,1,2,44287.0,45600.0
9,27,1,2,45335.0,44879.0
10,27,1,2,44543.0,44281.0
11,27,1,2,43800.0,41290.0
12,27,1,2,41326.0,40484.0
13,27,1,2,41073.0,41025.0
14,27,1,2,41174.0,41622.0
15,27,1,2,41922.0,42831.0
16,27,1,2,42911.0,45325.0
17,27,1,2,45234.0,46181.0
18,27,1,2,46322.0,44870.0
19,27,1,2,44934.0,42162.0
20,27,1,2,42107.0,39009.0
21,27,1,2,38930.0,35032.0
22,27,1,2,34775.0,31193.0
23,27,1,2,31205.0,28708.0
0,28,1,3,27728.0,26794.0
1,28,1,3,25761.0,25860.0
2,28,1,3,24883.0,25585.0
3,28,1,3,24658.0,26007.0
4,28,1,3,24968.0,27803.0
5,28,1,3,26560.0,33541.0
6,28,1,3,32330.0,40072.0
7,28,1,3,39184.0,44287.0
8,28,1,3,43665.0,45335.0
9,28,1,3,44770.0,44543.0
10,28,1,3,44221.0,43800.0
11,28,1,3,43857.0,41326.0
12,28,1,3,41206.0,41073.0
13,28,1,3,40428.0,41174.0
14,28,1,3,41567.0,41922.0
15,28,1,3,42279.0,42911.0
16,28,1,3,43020.0,45234.0
17,28,1,3,44995.0,46322.0
18,28,1,3,45797.0,44934.0
19,28,1,3,44044.0,42107.0
20,28,1,3,41122.0,38930.0
21,28,1,3,37790.0,34775.0
22,28,1,3,34017.0,31205.0
23,28,1,3,30956.0,27728.0
0,29,1,4,27446.0,25761.0
1,29,1,4,25658.0,24883.0
2,29,1,4,24868.0,24658.0
3,29,1,4,24569.0,24968.0
4,29,1,4,24959.0,26560.0
5,29,1,4,26794.0,32330.0
6,29,1,4,32350.0,39184.0
7,29,1,4,38614.0,43665.0
8,29,1,4,42635.0,44770.0
9,29,1,4,43779.0,44221.0
10,29,1,4,42694.0,43857.0
11,29,1,4,41978.0,41206.0
12,29,1,4,39544.0,40428.0
13,29,1,4,39077.0,41567.0
14,29,1,4,39984.0,42279.0
15,29,1,4,40280.0,43020.0
16,29,1,4,40981.0,44995.0
17,29,1,4,43243.0,45797.0
18,29,1,4,44366.0,44044.0
19,29,1,4,43219.0,41122.0
20,29,1,4,40419.0,37790.0
21,29,1,4,37284.0,34017.0
22,29,1,4,32153.0,30956.0
23,29,1,4,30228.0,27446.0
0,30,1,5,27270.0,25658.0
1,30,1,5,25353.0,24868.0
2,30,1,5,24252.0,24569.0
3,30,1,5,23738.0,24959.0
4,30,1,5,23704.0,26794.0
5,30,1,5,24273.0,32350.0
6,30,1,5,26898.0,38614.0
7,30,1,5,30586.0,42635.0
8,30,1,5,33398.0,43779.0
9,30,1,5,35041.0,42694.0
10,30,1,5,34769.0,41978.0
11,30,1,5,33647.0,39544.0
12,30,1,5,31393.0,39077.0
13,30,1,5,29886.0,39984.0
14,30,1,5,30014.0,40280.0
15,30,1,5,30214.0,40981.0
16,30,1,5,31043.0,43243.0
17,30,1,5,33903.0,44366.0
18,30,1,5,36425.0,43219.0
19,30,1,5,36216.0,40419.0
20,30,1,5,33822.0,37284.0
21,30,1,5,31296.0,32153.0
22,30,1,5,28804.0,30228.0
23,30,1,5,26674.0,27270.0
0,31,1,6,24270.0,25353.0
1,31,1,6,22481.0,24252.0
2,31,1,6,21349.0,23738.0
3,31,1,6,20795.0,23704.0
4,31,1,6,20647.0,24273.0
5,31,1,6,21145.0,26898.0
6,31,1,6,22346.0,30586.0
7,31,1,6,23332.0,33398.0
8,31,1,6,24693.0,35041.0
9,31,1,6,27602.0,34769.0
10,31,1,6,28659.0,33647.0
11,31,1,6,28620.0,31393.0
12,31,1,6,28124.0,29886.0
13,31,1,6,26503.0,30014.0
14,31,1,6,26099.0,30214.0
15,31,1,6,25733.0,31043.0
16,31,1,6,26274.0,33903.0
17,31,1,6,29463.0,36425.0
18,31,1,6,32250.0,36216.0
19,31,1,6,32589.0,33822.0
20,31,1,6,31869.0,31296.0
21,31,1,6,30137.0,28804.0
22,31,1,6,27710.0,26674.0
23,31,1,6,25067.0,24270.0
0,1,2,0,22858.0,22481.0
1,1,2,0,21430.0,21349.0
2,1,2,0,20783.0,20795.0
3,1,2,0,20412.0,20647.0
4,1,2,0,20917.0,21145.0
5,1,2,0,23109.0,22346.0
6,1,2,0,29535.0,23332.0
7,1,2,0,36388.0,24693.0
8,1,2,0,40868.0,27602.0
9,1,2,0,41965.0,28659.0
10,1,2,0,41664.0,28620.0
11,1,2,0,41221.0,28124.0
12,1,2,0,39358.0,26503.0
13,1,2,0,39505.0,26099.0
14,1,2,0,40773.0,25733.0
15,1,2,0,41147.0,26274.0
16,1,2,0,40969.0,29463.0
17,1,2,0,42512.0,32250.0
18,1,2,0,43838.0,32589.0
19,1,2,0,42768.0,31869.0
20,1,2,0,40321.0,30137.0
21,1,2,0,37367.0,27710.0
22,1,2,0,33446.0,25067.0
23,1,2,0,30227.0,22858.0
0,2,2,1,26979.0,21430.0
1,2,2,1,25328.0,20783.0
2,2,2,1,24458.0,20412.0
3,2,2,1,24096.0,20917.0
4,2,2,1,24444.0,23109.0
5,2,2,1,26387.0,29535.0
6,2,2,1,31826.0,36388.0
7,2,2,1,38149.0,40868.0
8,2,2,1,42545.0,41965.0
9,2,2,1,43944.0,41664.0
10,2,2,1,43783.0,41221.0
11,2,2,1,43208.0,39358.0
12,2,2,1,40418.0,39505.0
13,2,2,1,40154.0,40773.0
14,2,2,1,41905.0,41147.0
15,2,2,1,42742.0,40969.0
16,2,2,1,43348.0,42512.0
17,2,2,1,45037.0,43838.0
18,2,2,1,45413.0,42768.0
19,2,2,1,43756.0,40321.0
20,2,2,1,41521.0,37367.0
21,2,2,1,38260.0,33446.0
22,2,2,1,34379.0,30227.0
23,2,2,1,30967.0,26979.0
0,3,2,2,27445.0,25328.0
1,3,2,2,25558.0,24458.0
2,3,2,2,24754.0,24096.0
3,3,2,2,24538.0,24444.0
4,3,2,2,24918.0,26387.0
5,3,2,2,26694.0,31826.0
6,3,2,2,32090.0,38149.0
7,3,2,2,38660.0,42545.0
8,3,2,2,43086.0,43944.0
9,3,2,2,44703.0,43783.0
10,3,2,2,44750.0,43208.0
11,3,2,2,44494.0,40418.0
12,3,2,2,41450.0,40154.0
13,3,2,2,41408.0,41905.0
14,3,2,2,42681.0,42742.0
15,3,2,2,43101.0,43348.0
16,3,2,2,43351.0,45037.0
17,3,2,2,44498.0,45413.0
18,3,2,2,45268.0,43756.0
19,3,2,2,44470.0,41521.0
20,3,2,2,41865.0,38260.0
21,3,2,2,38380.0,34379.0
22,3,2,2,33489.0,30967.0
23,3,2,2,30324.0,27445.0
0,4,2,3,27662.0,25558.0
1,4,2,3,25917.0,24754.0
2,4,2,3,25122.0,24538.0
3,4,2,3,24780.0,24918.0
4,4,2,3,25191.0,26694.0
5,4,2,3,27003.0,32090.0
6,4,2,3,32374.0,38660.0
7,4,2,3,38513.0,43086.0
8,4,2,3,42678.0,44703.0
9,4,2,3,44044.0,44750.0
10,4,2,3,43719.0,44494.0
11,4,2,3,42405.0,41450.0
12,4,2,3,40107.0,41408.0
13,4,2,3,39689.0,42681.0
14,4,2,3,40010.0,43101.0
15,4,2,3,40705.0,43351.0
16,4,2,3,41078.0,44498.0
17,4,2,3,43118.0,45268.0
18,4,2,3,44959.0,44470.0
19,4,2,3,44335.0,41865.0
20,4,2,3,41669.0,38380.0
21,4,2,3,38337.0,33489.0
22,4,2,3,33987.0,30324.0
23,4,2,3,30664.0,27662.0
0,5,2,4,28085.0,25917.0
1,5,2,4,26106.0,25122.0
2,5,2,4,25232.0,24780.0
3,5,2,4,24945.0,25191.0
4,5,2,4,25053.0,27003.0
5,5,2,4,26997.0,32374.0
6,5,2,4,32587.0,38513.0
7,5,2,4,38665.0,42678.0
8,5,2,4,42564.0,44044.0
9,5,2,4,43692.0,43719.0
10,5,2,4,42955.0,42405.0
11,5,2,4,42119.0,40107.0
12,5,2,4,39093.0,39689.0
13,5,2,4,37946.0,40010.0
14,5,2,4,38090.0,40705.0
15,5,2,4,38996.0,41078.0
16,5,2,4,39493.0,43118.0
17,5,2,4,41449.0,44959.0
18,5,2,4,43790.0,44335.0
19,5,2,4,42842.0,41669.0
20,5,2,4,39975.0,38337.0
21,5,2,4,36780.0,33987.0
22,5,2,4,33049.0,30664.0
23,5,2,4,29925.0,28085.0
0,6,2,5,27289.0,26106.0
1,6,2,5,25521.0,25232.0
2,6,2,5,24376.0,24945.0
3,6,2,5,23996.0,25053.0
4,6,2,5,24085.0,26997.0
5,6,2,5,24868.0,32587.0
6,6,2,5,27539.0,38665.0
7,6,2,5,30639.0,42564.0
8,6,2,5,33303.0,43692.0
9,6,2,5,35176.0,42955.0
10,6,2,5,34412.0,42119.0
11,6,2,5,33194.0,39093.0
12,6,2,5,31216.0,37946.0
13,6,2,5,29822.0,38090.0
14,6,2,5,29605.0,38996.0
15,6,2,5,30285.0,39493.0
16,6,2,5,30797.0,41449.0
17,6,2,5,34072.0,43790.0
18,6,2,5,37241.0,42842.0
19,6,2,5,37344.0,39975.0
20,6,2,5,35022.0,36780.0
21,6,2,5,32244.0,33049.0
22,6,2,5,29642.0,29925.0
23,6,2,5,27334.0,27289.0
0,7,2,6,24424.0,25521.0
1,7,2,6,22661.0,24376.0
2,7,2,6,21606.0,23996.0
3,7,2,6,21125.0,24085.0
4,7,2,6,20972.0,24868.0
5,7,2,6,21383.0,27539.0
6,7,2,6,22595.0,30639.0
7,7,2,6,23679.0,33303.0
8,7,2,6,25359.0,35176.0
9,7,2,6,27804.0,34412.0
10,7,2,6,29166.0,33194.0
11,7,2,6,30048.0,31216.0
12,7,2,6,30223.0,29822.0
13,7,2,6,28170.0,29605.0
14,7,2,6,27484.0,30285.0
15,7,2,6,27208.0,30797.0
16,7,2,6,27541.0,34072.0
17,7,2,6,29931.0,37241.0
18,7,2,6,32668.0,37344.0
19,7,2,6,33543.0,35022.0
20,7,2,6,32570.0,32244.0
21,7,2,6,30705.0,29642.0
22,7,2,6,28078.0,27334.0
23,7,2,6,25632.0,24424.0
0,8,2,0,22961.0,22661.0
1,8,2,0,21411.0,21606.0
2,8,2,0,20555.0,21125.0
3,8,2,0,20694.0,20972.0
4,8,2,0,21315.0,21383.0
5,8,2,0,23370.0,22595.0
6,8,2,0,29375.0,23679.0
7,8,2,0,35928.0,25359.0
8,8,2,0,41095.0,27804.0
9,8,2,0,43048.0,29166.0
10,8,2,0,43108.0,30048.0
11,8,2,0,42729.0,30223.0
12,8,2,0,40496.0,28170.0
13,8,2,0,39646.0,27484.0
14,8,2,0,40864.0,27208.0
15,8,2,0,41739.0,27541.0
16,8,2,0,42185.0,29931.0
17,8,2,0,43069.0,32668.0
18,8,2,0,43912.0,33543.0
19,8,2,0,42853.0,32570.0
20,8,2,0,40433.0,30705.0
21,8,2,0,37114.0,28078.0
22,8,2,0,33022.0,25632.0
23,8,2,0,29785.0,22961.0
0,9,2,1,26877.0,21411.0
1,9,2,1,25173.0,20555.0
2,9,2,1,24405.0,20694.0
3,9,2,1,24081.0,21315.0
4,9,2,1,24417.0,23370.0
5,9,2,1,26186.0,29375.0
6,9,2,1,31281.0,35928.0
7,9,2,1,36893.0,41095.0
8,9,2,1,42091.0,43048.0
9,9,2,1,43835.0,43108.0
10,9,2,1,43644.0,42729.0
11,9,2,1,43645.0,40496.0
12,9,2,1,40745.0,39646.0
13,9,2,1,40070.0,40864.0
14,9,2,1,41573.0,41739.0
15,9,2,1,41774.0,42185.0
16,9,2,1,42301.0,43069.0
17,9,2,1,42782.0,43912.0
18,9,2,1,43899.0,42853.0
19,9,2,1,42676.0,40433.0
20,9,2,1,40301.0,37114.0
21,9,2,1,37010.0,33022.0
22,9,2,1,32927.0,29785.0
23,9,2,1,29944.0,26877.0
0,10,2,2,27444.0,25173.0
1,10,2,2,25702.0,24405.0
2,10,2,2,24562.0,24081.0
3,10,2,2,24216.0,24417.0
4,10,2,2,24574.0,26186.0
5,10,2,2,26418.0,31281.0
6,10,2,2,31792.0,36893.0
7,10,2,2,37455.0,42091.0
8,10,2,2,42126.0,43835.0
9,10,2,2,43896.0,43644.0
10,10,2,2,43845.0,43645.0
11,10,2,2,43299.0,40745.0
12,10,2,2,40387.0,40070.0
13,10,2,2,39603.0,41573.0
14,10,2,2,39883.0,41774.0
15,10,2,2,40046.0,42301.0
16,10,2,2,40242.0,42782.0
17,10,2,2,42150.0,43899.0
18,10,2,2,44565.0,42676.0
19,10,2,2,43784.0,40301.0
20,10,2,2,41402.0,37010.0
21,10,2,2,38126.0,32927.0
22,10,2,2,33932.0,29944.0
23,10,2,2,30562.0,27444.0
0,11,2,3,27674.0,25702.0
1,11,2,3,26056.0,24562.0
2,11,2,3,24939.0,24216.0
3,11,2,3,24620.0,24574.0
4,11,2,3,25087.0,26418.0
5,11,2,3,26777.0,31792.0
6,11,2,3,32546.0,37455.0
7,11,2,3,38375.0,42126.0
8,11,2,3,42552.0,43896.0
9,11,2,3,43910.0,43845.0
10,11,2,3,43332.0,43299.0
11,11,2,3,42347.0,40387.0
12,11,2,3,39619.0,39603.0
13,11,2,3,39034.0,39883.0
14,11,2,3,39550.0,40046.0
15,11,2,3,40334.0,40242.0
16,11,2,3,40565.0,42150.0
17,11,2,3,41863.0,44565.0
18,11,2,3,44420.0,43784.0
19,11,2,3,43951.0,41402.0
20,11,2,3,41440.0,38126.0
21,11,2,3,38577.0,33932.0
22,11,2,3,34321.0,30562.0
23,11,2,3,31210.0,27674.0
0,12,2,4,27806.0,26056.0
1,12,2,4,25880.0,24939.0
2,12,2,4,24930.0,24620.0
3,12,2,4,24665.0,25087.0
4,12,2,4,24993.0,26777.0
5,12,2,4,26662.0,32546.0
6,12,2,4,32169.0,38375.0
7,12,2,4,37872.0,42552.0
8,12,2,4,42191.0,43910.0
9,12,2,4,43544.0,43332.0
10,12,2,4,43179.0,42347.0
11,12,2,4,42369.0,39619.0
12,12,2,4,40056.0,39034.0
13,12,2,4,39631.0,39550.0
14,12,2,4,40861.0,40334.0
15,12,2,4,41630.0,40565.0
16,12,2,4,42335.0,41863.0
17,12,2,4,43450.0,44420.0
18,12,2,4,44623.0,43951.0
19,12,2,4,43660.0,41440.0
20,12,2,4,40752.0,38577.0
21,12,2,4,36883.0,34321.0
22,12,2,4,33085.0,31210.0
23,12,2,4,30353.0,27806.0
0,13,2,5,27797.0,25880.0
1,13,2,5,25863.0,24930.0
2,13,2,5,24698.0,24665.0
3,13,2,5,24259.0,24993.0
4,13,2,5,24146.0,26662.0
5,13,2,5,24670.0,32169.0
6,13,2,5,27257.0,37872.0
7,13,2,5,30099.0,42191.0
8,13,2,5,33278.0,43544.0
9,13,2,5,34945.0,43179.0
10,13,2,5,34737.0,42369.0
11,13,2,5,34351.0,40056.0
12,13,2,5,32401.0,39631.0
13,13,2,5,30223.0,40861.0
14,13,2,5,28947.0,41630.0
15,13,2,5,29155.0,42335.0
16,13,2,5,29999.0,43450.0
17,13,2,5,32362.0,44623.0
18,13,2,5,36417.0,43660.0
19,13,2,5,36783.0,40752.0
20,13,2,5,34284.0,36883.0
21,13,2,5,31298.0,33085.0
22,13,2,5,28687.0,30353.0
23,13,2,5,26859.0,27797.0
0,14,2,6,24770.0,25863.0
1,14,2,6,23026.0,24698.0
2,14,2,6,21664.0,24259.0
3,14,2,6,21025.0,24146.0
4,14,2,6,20945.0,24670.0
5,14,2,6,21330.0,27257.0
6,14,2,6,22471.0,30099.0
7,14,2,6,23234.0,33278.0
8,14,2,6,25092.0,34945.0
9,14,2,6,28061.0,34737.0
10,14,2,6,29522.0,34351.0
11,14,2,6,30457.0,32401.0
12,14,2,6,29293.0,30223.0
13,14,2,6,27332.0,28947.0
14,14,2,6,26168.0,29155.0
15,14,2,6,26381.0,29999.0
16,14,2,6,26677.0,32362.0
17,14,2,6,28689.0,36417.0
18,14,2,6,32850.0,36783.0
19,14,2,6,33076.0,34284.0
20,14,2,6,32060.0,31298.0
21,14,2,6,30041.0,28687.0
22,14,2,6,27519.0,26859.0
23,14,2,6,25303.0,24770.0
0,15,2,0,23108.0,23026.0
1,15,2,0,21637.0,21664.0
2,15,2,0,21084.0,21025.0
3,15,2,0,21029.0,20945.0
4,15,2,0,21469.0,21330.0
5,15,2,0,23559.0,22471.0
6,15,2,0,29495.0,23234.0
7,15,2,0,35933.0,25092.0
8,15,2,0,40292.0,28061.0
9,15,2,0,41221.0,29522.0
10,15,2,0,41350.0,30457.0
11,15,2,0,40745.0,29293.0
12,15,2,0,38041.0,27332.0
13,15,2,0,38320.0,26168.0
14,15,2,0,40057.0,26381.0
15,15,2,0,40426.0,26677.0
16,15,2,0,40405.0,28689.0
17,15,2,0,41087.0,32850.0
18,15,2,0,43159.0,33076.0
19,15,2,0,41808.0,32060.0
20,15,2,0,39421.0,30041.0
21,15,2,0,36366.0,27519.0
22,15,2,0,32662.0,25303.0
23,15,2,0,29403.0,23108.0
0,16,2,1,26488.0,21637.0
1,16,2,1,24888.0,21084.0
2,16,2,1,24074.0,21029.0
3,16,2,1,23841.0,21469.0
4,16,2,1,24231.0,23559.0
5,16,2,1,25939.0,29495.0
6,16,2,1,31441.0,35933.0
7,16,2,1,37444.0,40292.0
8,16,2,1,42171.0,41221.0
9,16,2,1,44103.0,41350.0
10,16,2,1,43859.0,40745.0
11,16,2,1,42894.0,38041.0
12,16,2,1,40706.0,38320.0
13,16,2,1,40368.0,40057.0
14,16,2,1,41023.0,40426.0
15,16,2,1,41539.0,40405.0
16,16,2,1,41700.0,41087.0
17,16,2,1,41917.0,43159.0
18,16,2,1,43076.0,41808.0
19,16,2,1,42251.0,39421.0
20,16,2,1,39899.0,36366.0
21,16,2,1,37163.0,32662.0
22,16,2,1,33515.0,29403.0
23,16,2,1,30465.0,26488.0
0,17,2,2,27193.0,24888.0
1,17,2,2,25587.0,24074.0
2,17,2,2,24759.0,23841.0
3,17,2,2,24586.0,24231.0
4,17,2,2,24841.0,25939.0
5,17,2,2,26549.0,31441.0
6,17,2,2,31849.0,37444.0
7,17,2,2,37668.0,42171.0
8,17,2,2,42364.0,44103.0
9,17,2,2,43725.0,43859.0
10,17,2,2,43954.0,42894.0
11,17,2,2,43865.0,40706.0
12,17,2,2,41278.0,40368.0
13,17,2,2,40839.0,41023.0
14,17,2,2,41696.0,41539.0
15,17,2,2,41914.0,41700.0
16,17,2,2,41928.0,41917.0
17,17,2,2,41450.0,43076.0
18,17,2,2,41866.0,42251.0
19,17,2,2,43182.0,39899.0
20,17,2,2,40406.0,37163.0
21,17,2,2,37038.0,33515.0
22,17,2,2,33269.0,30465.0
23,17,2,2,30265.0,27193.0
0,18,2,3,27587.0,25587.0
1,18,2,3,25837.0,24759.0
2,18,2,3,24957.0,24586.0
3,18,2,3,24699.0,24841.0
4,18,2,3,25132.0,26549.0
5,18,2,3,26739.0,31849.0
6,18,2,3,32056.0,37668.0
7,18,2,3,37639.0,42364.0
8,18,2,3,42440.0,43725.0
9,18,2,3,44028.0,43954.0
10,18,2,3,43864.0,43865.0
11,18,2,3,43050.0,41278.0
12,18,2,3,40311.0,40839.0
13,18,2,3,39824.0,41696.0
14,18,2,3,40090.0,41914.0
15,18,2,3,40540.0,41928.0
16,18,2,3,40345.0,41450.0
17,18,2,3,41300.0,41866.0
18,18,2,3,43663.0,43182.0
19,18,2,3,43340.0,40406.0
20,18,2,3,40557.0,37038.0
21,18,2,3,37476.0,33269.0
22,18,2,3,33694.0,30265.0
23,18,2,3,30337.0,27587.0
0,19,2,4,27690.0,25837.0
1,19,2,4,25945.0,24957.0
2,19,2,4,25094.0,24699.0
3,19,2,4,24913.0,25132.0
4,19,2,4,25274.0,26739.0
5,19,2,4,26993.0,32056.0
6,19,2,4,32085.0,37639.0
7,19,2,4,37422.0,42440.0
8,19,2,4,41547.0,44028.0
9,19,2,4,42535.0,43864.0
10,19,2,4,41742.0,43050.0
11,19,2,4,40851.0,40311.0
12,19,2,4,38524.0,39824.0
13,19,2,4,38024.0,40090.0
14,19,2,4,38798.0,40540.0
15,19,2,4,39584.0,40345.0
16,19,2,4,39589.0,41300.0
17,19,2,4,40765.0,43663.0
18,19,2,4,43656.0,43340.0
19,19,2,4,43081.0,40557.0
20,19,2,4,40189.0,37476.0
21,19,2,4,37083.0,33694.0
22,19,2,4,33620.0,30337.0
23,19,2,4,30631.0,27690.0
0,20,2,5,27590.0,25945.0
1,20,2,5,25696.0,25094.0
2,20,2,5,24677.0,24913.0
3,20,2,5,24155.0,25274.0
4,20,2,5,24148.0,26993.0
5,20,2,5,24956.0,32085.0
6,20,2,5,27301.0,37422.0
7,20,2,5,30031.0,41547.0
8,20,2,5,33012.0,42535.0
9,20,2,5,34319.0,41742.0
10,20,2,5,33746.0,40851.0
11,20,2,5,32598.0,38524.0
12,20,2,5,30724.0,38024.0
13,20,2,5,29134.0,38798.0
14,20,2,5,28626.0,39584.0
15,20,2,5,28114.0,39589.0
16,20,2,5,28522.0,40765.0
17,20,2,5,30254.0,43656.0
18,20,2,5,35691.0,43081.0
19,20,2,5,36360.0,40189.0
20,20,2,5,34064.0,37083.0
21,20,2,5,31228.0,33620.0
22,20,2,5,28793.0,30631.0
23,20,2,5,26381.0,27590.0
0,21,2,6,24456.0,25696.0
1,21,2,6,22506.0,24677.0
2,21,2,6,21480.0,24155.0
3,21,2,6,20953.0,24148.0
4,21,2,6,20912.0,24956.0
5,21,2,6,21472.0,27301.0
6,21,2,6,22586.0,30031.0
7,21,2,6,22924.0,33012.0
8,21,2,6,24878.0,34319.0
9,21,2,6,26697.0,33746.0
10,21,2,6,27015.0,32598.0
11,21,2,6,27261.0,30724.0
12,21,2,6,26783.0,29134.0
13,21,2,6,25032.0,28626.0
14,21,2,6,24312.0,28114.0
15,21,2,6,24378.0,28522.0
16,21,2,6,24342.0,30254.0
17,21,2,6,26294.0,35691.0
18,21,2,6,30972.0,36360.0
19,21,2,6,32112.0,34064.0
20,21,2,6,31360.0,31228.0
21,21,2,6,29757.0,28793.0
22,21,2,6,27453.0,26381.0
23,21,2,6,24412.0,24456.0
0,22,2,0,22579.0,22506.0
1,22,2,0,21189.0,21480.0
2,22,2,0,20694.0,20953.0
3,22,2,0,20740.0,20912.0
4,22,2,0,21203.0,21472.0
5,22,2,0,23306.0,22586.0
6,22,2,0,29480.0,22924.0
7,22,2,0,35106.0,24878.0
8,22,2,0,39905.0,26697.0
9,22,2,0,41425.0,27015.0
10,22,2,0,41123.0,27261.0
11,22,2,0,41205.0,26783.0
12,22,2,0,39016.0,25032.0
13,22,2,0,39017.0,24312.0
14,22,2,0,41508.0,24378.0
15,22,2,0,40837.0,24342.0
16,22,2,0,41064.0,26294.0
17,22,2,0,41300.0,30972.0
18,22,2,0,43295.0,32112.0
19,22,2,0,42743.0,31360.0
20,22,2,0,40455.0,29757.0
21,22,2,0,37248.0,27453.0
22,22,2,0,33187.0,24412.0
23,22,2,0,30212.0,22579.0
0,23,2,1,26932.0,21189.0
1,23,2,1,25117.0,20694.0
2,23,2,1,24323.0,20740.0
3,23,2,1,24122.0,21203.0
4,23,2,1,24428.0,23306.0
5,23,2,1,26077.0,29480.0
6,23,2,1,31419.0,35106.0
7,23,2,1,37082.0,39905.0
8,23,2,1,41933.0,41425.0
9,23,2,1,43392.0,41123.0
10,23,2,1,43347.0,41205.0
11,23,2,1,42691.0,39016.0
12,23,2,1,39872.0,39017.0
13,23,2,1,40034.0,41508.0
14,23,2,1,40980.0,40837.0
15,23,2,1,41713.0,41064.0
16,23,2,1,41655.0,41300.0
17,23,2,1,41768.0,43295.0
18,23,2,1,43985.0,42743.0
19,23,2,1,43499.0,40455.0
20,23,2,1,40868.0,37248.0
21,23,2,1,37295.0,33187.0
22,23,2,1,33501.0,30212.0
23,23,2,1,29908.0,26932.0
0,24,2,2,27154.0,25117.0
1,24,2,2,25590.0,24323.0
2,24,2,2,24762.0,24122.0
3,24,2,2,24448.0,24428.0
4,24,2,2,24719.0,26077.0
5,24,2,2,26463.0,31419.0
6,24,2,2,31788.0,37082.0
7,24,2,2,36868.0,41933.0
8,24,2,2,40969.0,43392.0
9,24,2,2,42007.0,43347.0
10,24,2,2,41455.0,42691.0
11,24,2,2,40441.0,39872.0
12,24,2,2,37998.0,40034.0
13,24,2,2,37920.0,40980.0
14,24,2,2,39446.0,41713.0
15,24,2,2,40542.0,41655.0
16,24,2,2,40966.0,41768.0
17,24,2,2,41172.0,43985.0
18,24,2,2,44010.0,43499.0
19,24,2,2,43552.0,40868.0
20,24,2,2,40772.0,37295.0
21,24,2,2,37767.0,33501.0
22,24,2,2,33528.0,29908.0
23,24,2,2,29903.0,27154.0
0,25,2,3,27184.0,25590.0
1,25,2,3,25429.0,24762.0
2,25,2,3,24568.0,24448.0
3,25,2,3,24335.0,24719.0
4,25,2,3,24701.0,26463.0
5,25,2,3,26398.0,31788.0
6,25,2,3,31376.0,36868.0
7,25,2,3,36639.0,40969.0
8,25,2,3,41062.0,42007.0
9,25,2,3,42461.0,41455.0
10,25,2,3,42067.0,40441.0
11,25,2,3,41689.0,37998.0
12,25,2,3,39039.0,37920.0
13,25,2,3,38321.0,39446.0
14,25,2,3,39279.0,40542.0
15,25,2,3,40088.0,40966.0
16,25,2,3,40470.0,41172.0
17,25,2,3,40766.0,44010.0
18,25,2,3,43410.0,43552.0
19,25,2,3,43182.0,40772.0
20,25,2,3,40576.0,37767.0
21,25,2,3,37430.0,33528.0
22,25,2,3,33281.0,29903.0
23,25,2,3,30023.0,27184.0
0,26,2,4,27068.0,25429.0
1,26,2,4,25516.0,24568.0
2,26,2,4,24713.0,24335.0
3,26,2,4,24449.0,24701.0
4,26,2,4,24718.0,26398.0
5,26,2,4,26301.0,31376.0
6,26,2,4,31321.0,36639.0
7,26,2,4,36505.0,41062.0
8,26,2,4,41452.0,42461.0
9,26,2,4,42889.0,42067.0
10,26,2,4,42969.0,41689.0
11,26,2,4,42370.0,39039.0
12,26,2,4,39518.0,38321.0
13,26,2,4,38791.0,39279.0
14,26,2,4,39995.0,40088.0
15,26,2,4,40196.0,40470.0
16,26,2,4,40726.0,40766.0
17,26,2,4,40741.0,43410.0
18,26,2,4,43249.0,43182.0
19,26,2,4,42835.0,40576.0
20,26,2,4,40018.0,37430.0
21,26,2,4,36639.0,33281.0
22,26,2,4,32794.0,30023.0
23,26,2,4,29666.0,27068.0
0,27,2,5,26846.0,25516.0
1,27,2,5,25033.0,24713.0
2,27,2,5,24086.0,24449.0
3,27,2,5,23493.0,24718.0
4,27,2,5,23425.0,26301.0
5,27,2,5,24169.0,31321.0
6,27,2,5,26336.0,36505.0
7,27,2,5,29098.0,41452.0
8,27,2,5,32323.0,42889.0
9,27,2,5,34331.0,42969.0
10,27,2,5,34698.0,42370.0
11,27,2,5,34069.0,39518.0
12,27,2,5,32185.0,38791.0
13,27,2,5,30554.0,39995.0
14,27,2,5,30287.0,40196.0
15,27,2,5,30436.0,40726.0
16,27,2,5,31223.0,40741.0
17,27,2,5,32851.0,43249.0
18,27,2,5,36458.0,42835.0
19,27,2,5,36844.0,40018.0
20,27,2,5,34437.0,36639.0
21,27,2,5,31528.0,32794.0
22,27,2,5,29215.0,29666.0
23,27,2,5,26884.0,26846.0
0,28,2,6,24556.0,25033.0
1,28,2,6,22645.0,24086.0
2,28,2,6,21599.0,23493.0
3,28,2,6,20959.0,23425.0
4,28,2,6,20912.0,24169.0
5,28,2,6,21470.0,26336.0
6,28,2,6,22305.0,29098.0
7,28,2,6,22976.0,32323.0
8,28,2,6,25149.0,34331.0
9,28,2,6,27561.0,34698.0
10,28,2,6,29029.0,34069.0
11,28,2,6,29570.0,32185.0
12,28,2,6,29200.0,30554.0
13,28,2,6,27354.0,30287.0
14,28,2,6,26798.0,30436.0
15,28,2,6,26605.0,31223.0
16,28,2,6,27016.0,32851.0
17,28,2,6,28697.0,36458.0
18,28,2,6,32194.0,36844.0
19,28,2,6,33137.0,34437.0
20,28,2,6,32282.0,31528.0
21,28,2,6,30389.0,29215.0
22,28,2,6,28015.0,26884.0
23,28,2,6,25413.0,24556.0
0,29,2,0,22993.0,22645.0
1,29,2,0,21590.0,21599.0
2,29,2,0,21041.0,20959.0
3,29,2,0,20846.0,20912.0
4,29,2,0,21389.0,21470.0
5,29,2,0,23536.0,22305.0
6,29,2,0,29363.0,22976.0
7,29,2,0,34945.0,25149.0
8,29,2,0,39963.0,27561.0
9,29,2,0,41777.0,29029.0
10,29,2,0,41644.0,29570.0
11,29,2,0,41380.0,29200.0
12,29,2,0,38608.0,27354.0
13,29,2,0,38441.0,26798.0
14,29,2,0,39985.0,26605.0
15,29,2,0,40293.0,27016.0
16,29,2,0,40725.0,28697.0
17,29,2,0,41162.0,32194.0
18,29,2,0,43154.0,33137.0
19,29,2,0,42709.0,32282.0
20,29,2,0,40200.0,30389.0
21,29,2,0,36956.0,28015.0
22,29,2,0,33021.0,25413.0
23,29,2,0,29842.0,22993.0
0,1,3,1,27118.0,21590.0
1,1,3,1,25518.0,21041.0
2,1,3,1,24637.0,20846.0
3,1,3,1,24381.0,21389.0
4,1,3,1,24568.0,23536.0
5,1,3,1,26416.0,29363.0
6,1,3,1,31582.0,34945.0
7,1,3,1,37246.0,39963.0
8,1,3,1,41752.0,41777.0
9,1,3,1,42815.0,41644.0
10,1,3,1,42314.0,41380.0
11,1,3,1,41744.0,38608.0
12,1,3,1,38549.0,38441.0
13,1,3,1,37464.0,39985.0
14,1,3,1,39312.0,40293.0
15,1,3,1,40054.0,40725.0
16,1,3,1,40577.0,41162.0
17,1,3,1,40681.0,43154.0
18,1,3,1,43971.0,42709.0
19,1,3,1,44109.0,40200.0
20,1,3,1,41357.0,36956.0
21,1,3,1,38209.0,33021.0
22,1,3,1,34029.0,29842.0
23,1,3,1,30675.0,27118.0
0,2,3,2,27651.0,25518.0
1,2,3,2,25896.0,24637.0
2,2,3,2,24928.0,24381.0
3,2,3,2,24807.0,24568.0
4,2,3,2,25173.0,26416.0
5,2,3,2,26978.0,31582.0
6,2,3,2,32025.0,37246.0
7,2,3,2,36891.0,41752.0
8,2,3,2,41085.0,42815.0
9,2,3,2,41917.0,42314.0
10,2,3,2,41628.0,41744.0
11,2,3,2,40732.0,38549.0
12,2,3,2,37804.0,37464.0
13,2,3,2,37726.0,39312.0
14,2,3,2,39225.0,40054.0
15,2,3,2,40260.0,40577.0
16,2,3,2,40855.0,40681.0
17,2,3,2,41259.0,43971.0
18,2,3,2,44144.0,44109.0
19,2,3,2,44382.0,41357.0
20,2,3,2,41769.0,38209.0
21,2,3,2,38389.0,34029.0
22,2,3,2,34341.0,30675.0
23,2,3,2,31034.0,27651.0
0,3,3,3,28080.0,25896.0
1,3,3,3,26242.0,24928.0
2,3,3,3,25170.0,24807.0
3,3,3,3,25006.0,25173.0
4,3,3,3,25189.0,26978.0
5,3,3,3,26799.0,32025.0
6,3,3,3,31848.0,36891.0
7,3,3,3,37455.0,41085.0
8,3,3,3,41922.0,41917.0
9,3,3,3,43369.0,41628.0
10,3,3,3,43134.0,40732.0
11,3,3,3,43304.0,37804.0
12,3,3,3,39975.0,37726.0
13,3,3,3,39358.0,39225.0
14,3,3,3,40152.0,40260.0
15,3,3,3,40812.0,40855.0
16,3,3,3,41693.0,41259.0
17,3,3,3,41648.0,44144.0
18,3,3,3,44106.0,44382.0
19,3,3,3,44366.0,41769.0
20,3,3,3,41697.0,38389.0
21,3,3,3,38401.0,34341.0
22,3,3,3,34200.0,31034.0
23,3,3,3,30764.0,28080.0
0,4,3,4,27794.0,26242.0
1,4,3,4,25960.0,25170.0
2,4,3,4,25123.0,25006.0
3,4,3,4,24813.0,25189.0
4,4,3,4,25242.0,26799.0
5,4,3,4,26942.0,31848.0
6,4,3,4,31846.0,37455.0
7,4,3,4,37083.0,41922.0
8,4,3,4,41605.0,43369.0
9,4,3,4,42681.0,43134.0
10,4,3,4,41883.0,43304.0
11,4,3,4,41019.0,39975.0
12,4,3,4,38358.0,39358.0
13,4,3,4,37554.0,40152.0
14,4,3,4,38384.0,40812.0
15,4,3,4,39383.0,41693.0
16,4,3,4,39930.0,41648.0
17,4,3,4,40156.0,44106.0
18,4,3,4,43352.0,44366.0
19,4,3,4,43774.0,41697.0
20,4,3,4,41109.0,38401.0
21,4,3,4,37703.0,34200.0
22,4,3,4,33647.0,30764.0
23,4,3,4,30155.0,27794.0
0,5,3,5,27228.0,25960.0
1,5,3,5,25178.0,25123.0
2,5,3,5,24120.0,24813.0
3,5,3,5,23777.0,25242.0
4,5,3,5,23861.0,26942.0
5,5,3,5,24420.0,31846.0
6,5,3,5,26533.0,37083.0
7,5,3,5,29373.0,41605.0
8,5,3,5,32859.0,42681.0
9,5,3,5,34961.0,41883.0
10,5,3,5,35504.0,41019.0
11,5,3,5,34471.0,38358.0
12,5,3,5,32640.0,37554.0
13,5,3,5,31058.0,38384.0
14,5,3,5,30711.0,39383.0
15,5,3,5,30894.0,39930.0
16,5,3,5,31275.0,40156.0
17,5,3,5,32656.0,43352.0
18,5,3,5,36082.0,43774.0
19,5,3,5,37130.0,41109.0
20,5,3,5,34789.0,37703.0
21,5,3,5,31722.0,33647.0
22,5,3,5,29312.0,30155.0
23,5,3,5,26914.0,27228.0
0,6,3,6,24560.0,25178.0
1,6,3,6,22677.0,24120.0
2,6,3,6,21618.0,23777.0
3,6,3,6,21024.0,23861.0
4,6,3,6,21037.0,24420.0
5,6,3,6,21509.0,26533.0
6,6,3,6,21953.0,29373.0
7,6,3,6,22640.0,32859.0
8,6,3,6,24599.0,34961.0
9,6,3,6,26861.0,35504.0
10,6,3,6,28245.0,34471.0
11,6,3,6,28449.0,32640.0
12,6,3,6,27754.0,31058.0
13,6,3,6,25978.0,30711.0
14,6,3,6,25789.0,30894.0
15,6,3,6,25914.0,31275.0
16,6,3,6,26266.0,32656.0
17,6,3,6,27289.0,36082.0
18,6,3,6,31199.0,37130.0
19,6,3,6,33110.0,34789.0
20,6,3,6,32236.0,31722.0
21,6,3,6,30314.0,29312.0
22,6,3,6,27657.0,26914.0
23,6,3,6,25001.0,24560.0
0,7,3,0,22640.0,22677.0
1,7,3,0,21412.0,21618.0
2,7,3,0,20820.0,21024.0
3,7,3,0,20753.0,21037.0
4,7,3,0,21353.0,21509.0
5,7,3,0,23503.0,21953.0
6,7,3,0,29035.0,22640.0
7,7,3,0,35045.0,24599.0
8,7,3,0,40436.0,26861.0
9,7,3,0,42032.0,28245.0
10,7,3,0,42006.0,28449.0
11,7,3,0,42005.0,27754.0
12,7,3,0,38867.0,25978.0
13,7,3,0,38575.0,25789.0
14,7,3,0,39538.0,25914.0
15,7,3,0,40378.0,26266.0
16,7,3,0,40830.0,27289.0
17,7,3,0,40821.0,31199.0
18,7,3,0,43499.0,33110.0
19,7,3,0,43990.0,32236.0
20,7,3,0,41495.0,30314.0
21,7,3,0,38326.0,27657.0
22,7,3,0,33924.0,25001.0
23,7,3,0,30354.0,22640.0
0,8,3,1,27261.0,21412.0
1,8,3,1,25489.0,20820.0
2,8,3,1,24721.0,20753.0
3,8,3,1,24454.0,21353.0
4,8,3,1,24926.0,23503.0
5,8,3,1,26639.0,29035.0
6,8,3,1,31574.0,35045.0
7,8,3,1,37073.0,40436.0
8,8,3,1,42057.0,42032.0
9,8,3,1,43499.0,42006.0
10,8,3,1,43485.0,42005.0
11,8,3,1,42876.0,38867.0
12,8,3,1,40597.0,38575.0
13,8,3,1,40253.0,39538.0
14,8,3,1,41903.0,40378.0
15,8,3,1,42548.0,40830.0
16,8,3,1,43005.0,40821.0
17,8,3,1,42790.0,43499.0
18,8,3,1,44861.0,43990.0
19,8,3,1,45182.0,41495.0
20,8,3,1,42011.0,38326.0
21,8,3,1,38487.0,33924.0
22,8,3,1,34387.0,30354.0
23,8,3,1,30981.0,27261.0
0,9,3,2,27736.0,25489.0
1,9,3,2,26042.0,24721.0
2,9,3,2,25233.0,24454.0
3,9,3,2,24972.0,24926.0
4,9,3,2,25182.0,26639.0
5,9,3,2,27027.0,31574.0
6,9,3,2,32085.0,37073.0
7,9,3,2,37531.0,42057.0
8,9,3,2,42367.0,43499.0
9,9,3,2,43937.0,43485.0
10,9,3,2,43703.0,42876.0
11,9,3,2,43243.0,40597.0
12,9,3,2,40567.0,40253.0
13,9,3,2,39914.0,41903.0
14,9,3,2,41218.0,42548.0
15,9,3,2,41645.0,43005.0
16,9,3,2,42312.0,42790.0
17,9,3,2,42497.0,44861.0
18,9,3,2,44807.0,45182.0
19,9,3,2,45223.0,42011.0
20,9,3,2,42543.0,38487.0
21,9,3,2,38971.0,34387.0
22,9,3,2,34681.0,30981.0
23,9,3,2,31009.0,27736.0
0,10,3,3,27746.0,26042.0
1,10,3,3,25767.0,25233.0
2,10,3,3,24885.0,24972.0
3,10,3,3,24664.0,25182.0
4,10,3,3,24969.0,27027.0
5,10,3,3,26764.0,32085.0
6,10,3,3,31455.0,37531.0
7,10,3,3,37009.0,42367.0
8,10,3,3,41314.0,43937.0
9,10,3,3,42448.0,43703.0
10,10,3,3,41184.0,43243.0
11,10,3,3,40267.0,40567.0
12,10,3,3,37020.0,39914.0
13,10,3,3,36982.0,41218.0
14,10,3,3,38186.0,41645.0
15,10,3,3,39140.0,42312.0
16,10,3,3,40331.0,42497.0
17,10,3,3,40611.0,44807.0
18,10,3,3,42679.0,45223.0
19,10,3,3,43972.0,42543.0
20,10,3,3,41457.0,38971.0
21,10,3,3,37999.0,34681.0
22,10,3,3,33894.0,31009.0
23,10,3,3,30645.0,27746.0
0,11,3,4,27526.0,25767.0
1,11,3,4,25809.0,24885.0
2,11,3,4,24683.0,24664.0
3,11,3,4,24502.0,24969.0
4,11,3,4,24698.0,26764.0
5,11,3,4,26409.0,31455.0
6,11,3,4,31089.0,37009.0
7,11,3,4,36686.0,41314.0
8,11,3,4,41484.0,42448.0
9,11,3,4,42619.0,41184.0
10,11,3,4,42016.0,40267.0
11,11,3,4,41341.0,37020.0
12,11,3,4,38546.0,36982.0
13,11,3,4,38381.0,38186.0
14,11,3,4,39465.0,39140.0
15,11,3,4,40035.0,40331.0
16,11,3,4,40470.0,40611.0
17,11,3,4,40442.0,42679.0
18,11,3,4,42428.0,43972.0
19,11,3,4,43412.0,41457.0
20,11,3,4,40527.0,37999.0
21,11,3,4,36857.0,33894.0
22,11,3,4,33317.0,30645.0
23,11,3,4,30229.0,27526.0
0,12,3,5,27362.0,25809.0
1,12,3,5,25247.0,24683.0
2,12,3,5,24091.0,24502.0
3,12,3,5,23769.0,24698.0
4,12,3,5,23641.0,26409.0
5,12,3,5,24343.0,31089.0
6,12,3,5,25757.0,36686.0
7,12,3,5,28797.0,41484.0
8,12,3,5,32159.0,42619.0
9,12,3,5,33328.0,42016.0
10,12,3,5,32565.0,41341.0
11,12,3,5,31511.0,38546.0
12,12,3,5,29739.0,38381.0
13,12,3,5,28371.0,39465.0
14,12,3,5,27586.0,40035.0
15,12,3,5,28248.0,40470.0
16,12,3,5,28599.0,40442.0
17,12,3,5,29842.0,42428.0
18,12,3,5,33816.0,43412.0
19,12,3,5,35820.0,40527.0
20,12,3,5,33464.0,36857.0
21,12,3,5,30696.0,33317.0
22,12,3,5,28203.0,30229.0
23,12,3,5,26315.0,27362.0
0,13,3,6,23738.0,25247.0
1,13,3,6,21685.0,24091.0
2,13,3,6,20670.0,23769.0
3,13,3,6,20270.0,23641.0
4,13,3,6,20266.0,24343.0
5,13,3,6,20687.0,25757.0
6,13,3,6,21031.0,28797.0
7,13,3,6,22010.0,32159.0
8,13,3,6,24474.0,33328.0
9,13,3,6,26873.0,32565.0
10,13,3,6,27387.0,31511.0
11,13,3,6,27586.0,29739.0
12,13,3,6,27185.0,28371.0
13,13,3,6,25984.0,27586.0
14,13,3,6,25306.0,28248.0
15,13,3,6,25445.0,28599.0
16,13,3,6,25735.0,29842.0
17,13,3,6,26391.0,33816.0
18,13,3,6,29765.0,35820.0
19,13,3,6,32243.0,33464.0
20,13,3,6,31087.0,30696.0
21,13,3,6,29341.0,28203.0
22,13,3,6,26933.0,26315.0
23,13,3,6,24692.0,23738.0
0,14,3,0,22186.0,21685.0
1,14,3,0,20888.0,20670.0
2,14,3,0,20358.0,20270.0
3,14,3,0,20121.0,20266.0
4,14,3,0,20719.0,20687.0
5,14,3,0,22919.0,21031.0
6,14,3,0,28185.0,22010.0
7,14,3,0,34337.0,24474.0
8,14,3,0,39424.0,26873.0
9,14,3,0,40637.0,27387.0
10,14,3,0,39861.0,27586.0
11,14,3,0,38845.0,27185.0
12,14,3,0,36477.0,25984.0
13,14,3,0,36445.0,25306.0
14,14,3,0,38196.0,25445.0
15,14,3,0,39148.0,25735.0
16,14,3,0,39573.0,26391.0
17,14,3,0,39329.0,29765.0
18,14,3,0,41698.0,32243.0
19,14,3,0,42528.0,31087.0
20,14,3,0,40152.0,29341.0
21,14,3,0,36977.0,26933.0
22,14,3,0,32738.0,24692.0
23,14,3,0,29696.0,22186.0
0,15,3,1,26721.0,20888.0
1,15,3,1,24937.0,20358.0
2,15,3,1,24166.0,20121.0
3,15,3,1,23926.0,20719.0
4,15,3,1,24234.0,22919.0
5,15,3,1,26056.0,28185.0
6,15,3,1,30146.0,34337.0
7,15,3,1,35578.0,39424.0
8,15,3,1,39889.0,40637.0
9,15,3,1,40775.0,39861.0
10,15,3,1,40034.0,38845.0
11,15,3,1,39367.0,36477.0
12,15,3,1,37008.0,36445.0
13,15,3,1,36924.0,38196.0
14,15,3,1,38445.0,39148.0
15,15,3,1,39660.0,39573.0
16,15,3,1,40159.0,39329.0
17,15,3,1,40596.0,41698.0
18,15,3,1,42968.0,42528.0
19,15,3,1,43735.0,40152.0
20,15,3,1,40967.0,36977.0
21,15,3,1,37771.0,32738.0
22,15,3,1,33736.0,29696.0
23,15,3,1,30367.0,26721.0
0,16,3,2,27314.0,24937.0
1,16,3,2,25558.0,24166.0
2,16,3,2,24769.0,23926.0
3,16,3,2,24316.0,24234.0
4,16,3,2,24690.0,26056.0
5,16,3,2,26506.0,30146.0
6,16,3,2,30906.0,35578.0
7,16,3,2,36818.0,39889.0
8,16,3,2,41798.0,40775.0
9,16,3,2,42736.0,40034.0
10,16,3,2,42281.0,39367.0
11,16,3,2,42198.0,37008.0
12,16,3,2,39718.0,36924.0
13,16,3,2,39869.0,38445.0
14,16,3,2,40591.0,39660.0
15,16,3,2,41304.0,40159.0
16,16,3,2,41321.0,40596.0
17,16,3,2,41275.0,42968.0
18,16,3,2,42853.0,43735.0
19,16,3,2,43918.0,40967.0
20,16,3,2,40796.0,37771.0
21,16,3,2,37375.0,33736.0
22,16,3,2,33478.0,30367.0
23,16,3,2,30524.0,27314.0
0,17,3,3,27430.0,25558.0
1,17,3,3,25597.0,24769.0
2,17,3,3,24714.0,24316.0
3,17,3,3,24367.0,24690.0
4,17,3,3,24736.0,26506.0
5,17,3,3,26450.0,30906.0
6,17,3,3,30377.0,36818.0
7,17,3,3,36368.0,41798.0
8,17,3,3,40583.0,42736.0
9,17,3,3,41274.0,42281.0
10,17,3,3,40847.0,42198.0
11,17,3,3,40915.0,39718.0
12,17,3,3,38285.0,39869.0
13,17,3,3,37176.0,40591.0
14,17,3,3,38032.0,41304.0
15,17,3,3,38309.0,41321.0
16,17,3,3,38656.0,41275.0
17,17,3,3,39020.0,42853.0
18,17,3,3,40840.0,43918.0
19,17,3,3,42570.0,40796.0
20,17,3,3,39587.0,37375.0
21,17,3,3,36382.0,33478.0
22,17,3,3,32687.0,30524.0
23,17,3,3,29800.0,27430.0
0,18,3,4,27297.0,25597.0
1,18,3,4,25603.0,24714.0
2,18,3,4,24638.0,24367.0
3,18,3,4,24378.0,24736.0
4,18,3,4,24645.0,26450.0
5,18,3,4,26472.0,30377.0
6,18,3,4,29889.0,36368.0
7,18,3,4,35281.0,40583.0
8,18,3,4,39041.0,41274.0
9,18,3,4,39860.0,40847.0
10,18,3,4,39450.0,40915.0
11,18,3,4,38396.0,38285.0
12,18,3,4,35653.0,37176.0
13,18,3,4,35128.0,38032.0
14,18,3,4,36021.0,38309.0
15,18,3,4,36712.0,38656.0
16,18,3,4,37598.0,39020.0
17,18,3,4,38148.0,40840.0
18,18,3,4,39939.0,42570.0
19,18,3,4,42342.0,39587.0
20,18,3,4,39659.0,36382.0
21,18,3,4,36426.0,32687.0
22,18,3,4,32534.0,29800.0
23,18,3,4,29759.0,27297.0
0,19,3,5,26811.0,25603.0
1,19,3,5,24842.0,24638.0
2,19,3,5,23820.0,24378.0
3,19,3,5,23389.0,24645.0
4,19,3,5,23340.0,26472.0
5,19,3,5,23923.0,29889.0
6,19,3,5,24705.0,35281.0
7,19,3,5,28044.0,39041.0
8,19,3,5,30705.0,39860.0
9,19,3,5,31340.0,39450.0
10,19,3,5,31084.0,38396.0
11,19,3,5,29874.0,35653.0
12,19,3,5,28248.0,35128.0
13,19,3,5,26926.0,36021.0
14,19,3,5,25961.0,36712.0
15,19,3,5,26331.0,37598.0
16,19,3,5,27129.0,38148.0
17,19,3,5,28673.0,39939.0
18,19,3,5,31927.0,42342.0
19,19,3,5,35185.0,39659.0
20,19,3,5,32802.0,36426.0
21,19,3,5,30048.0,32534.0
22,19,3,5,27871.0,29759.0
23,19,3,5,25958.0,26811.0
0,20,3,6,23736.0,24842.0
1,20,3,6,21887.0,23820.0
2,20,3,6,20854.0,23389.0
3,20,3,6,20455.0,23340.0
4,20,3,6,20290.0,23923.0
5,20,3,6,20683.0,24705.0
6,20,3,6,20526.0,28044.0
7,20,3,6,21877.0,30705.0
8,20,3,6,23799.0,31340.0
9,20,3,6,25044.0,31084.0
10,20,3,6,24984.0,29874.0
11,20,3,6,24950.0,28248.0
12,20,3,6,24918.0,26926.0
13,20,3,6,23437.0,25961.0
14,20,3,6,23105.0,26331.0
15,20,3,6,23275.0,27129.0
16,20,3,6,24165.0,28673.0
17,20,3,6,25613.0,31927.0
18,20,3,6,28654.0,35185.0
19,20,3,6,32018.0,32802.0
20,20,3,6,31474.0,30048.0
21,20,3,6,29398.0,27871.0
22,20,3,6,27226.0,25958.0
23,20,3,6,25042.0,23736.0
0,21,3,0,22698.0,21887.0
1,21,3,0,21486.0,20854.0
2,21,3,0,20816.0,20455.0
3,21,3,0,20683.0,20290.0
4,21,3,0,21214.0,20683.0
5,21,3,0,23409.0,20526.0
6,21,3,0,28004.0,21877.0
7,21,3,0,34107.0,23799.0
8,21,3,0,38730.0,25044.0
9,21,3,0,39173.0,24984.0
10,21,3,0,38143.0,24950.0
11,21,3,0,37648.0,24918.0
12,21,3,0,35754.0,23437.0
13,21,3,0,35692.0,23105.0
14,21,3,0,37210.0,23275.0
15,21,3,0,36821.0,24165.0
16,21,3,0,37967.0,25613.0
17,21,3,0,37650.0,28654.0
18,21,3,0,38961.0,32018.0
19,21,3,0,41583.0,31474.0
20,21,3,0,38695.0,29398.0
21,21,3,0,35556.0,27226.0
22,21,3,0,31992.0,25042.0
23,21,3,0,29375.0,22698.0
0,22,3,1,26546.0,21486.0
1,22,3,1,24773.0,20816.0
2,22,3,1,23961.0,20683.0
3,22,3,1,23587.0,21214.0
4,22,3,1,23849.0,23409.0
5,22,3,1,25632.0,28004.0
6,22,3,1,29268.0,34107.0
7,22,3,1,34922.0,38730.0
8,22,3,1,39139.0,39173.0
9,22,3,1,40001.0,38143.0
10,22,3,1,39374.0,37648.0
11,22,3,1,38700.0,35754.0
12,22,3,1,36558.0,35692.0
13,22,3,1,37007.0,37210.0
14,22,3,1,39319.0,36821.0
15,22,3,1,39678.0,37967.0
16,22,3,1,39798.0,37650.0
17,22,3,1,39360.0,38961.0
18,22,3,1,40578.0,41583.0
19,22,3,1,42223.0,38695.0
20,22,3,1,38904.0,35556.0
21,22,3,1,35964.0,31992.0
22,22,3,1,32157.0,29375.0
23,22,3,1,29420.0,26546.0
0,23,3,2,26746.0,24773.0
1,23,3,2,25144.0,23961.0
2,23,3,2,24187.0,23587.0
3,23,3,2,23859.0,23849.0
4,23,3,2,24173.0,25632.0
5,23,3,2,25932.0,29268.0
6,23,3,2,29586.0,34922.0
7,23,3,2,35419.0,39139.0
8,23,3,2,39997.0,40001.0
9,23,3,2,41289.0,39374.0
10,23,3,2,41161.0,38700.0
11,23,3,2,41017.0,36558.0
12,23,3,2,38233.0,37007.0
13,23,3,2,37666.0,39319.0
14,23,3,2,38172.0,39678.0
15,23,3,2,38498.0,39798.0
16,23,3,2,38973.0,39360.0
17,23,3,2,38885.0,40578.0
18,23,3,2,39827.0,42223.0
19,23,3,2,41949.0,38904.0
20,23,3,2,39519.0,35964.0
21,23,3,2,36282.0,32157.0
22,23,3,2,32254.0,29420.0
23,23,3,2,29433.0,26746.0
0,24,3,3,27295.0,25144.0
1,24,3,3,25496.0,24187.0
2,24,3,3,24633.0,23859.0
3,24,3,3,24303.0,24173.0
4,24,3,3,24446.0,25932.0
5,24,3,3,25846.0,29586.0
6,24,3,3,29031.0,35419.0
7,24,3,3,34428.0,39997.0
8,24,3,3,39101.0,41289.0
9,24,3,3,39948.0,41161.0
10,24,3,3,39814.0,41017.0
11,24,3,3,39145.0,38233.0
12,24,3,3,36918.0,37666.0
13,24,3,3,35926.0,38172.0
14,24,3,3,37313.0,38498.0
15,24,3,3,38017.0,38973.0
16,24,3,3,38599.0,38885.0
17,24,3,3,38807.0,39827.0
18,24,3,3,39754.0,41949.0
19,24,3,3,41774.0,39519.0
20,24,3,3,39450.0,36282.0
21,24,3,3,36084.0,32254.0
22,24,3,3,32421.0,29433.0
23,24,3,3,29313.0,27295.0
0,25,3,4,27125.0,25496.0
1,25,3,4,25200.0,24633.0
2,25,3,4,24206.0,24303.0
3,25,3,4,23959.0,24446.0
4,25,3,4,24183.0,25846.0
5,25,3,4,25714.0,29031.0
6,25,3,4,28304.0,34428.0
7,25,3,4,33165.0,39101.0
8,25,3,4,37247.0,39948.0
9,25,3,4,38371.0,39814.0
10,25,3,4,37875.0,39145.0
11,25,3,4,36926.0,36918.0
12,25,3,4,34612.0,35926.0
13,25,3,4,33671.0,37313.0
14,25,3,4,34755.0,38017.0
15,25,3,4,35033.0,38599.0
16,25,3,4,35138.0,38807.0
17,25,3,4,35160.0,39754.0
18,25,3,4,37199.0,41774.0
19,25,3,4,39859.0,39450.0
20,25,3,4,37548.0,36084.0
21,25,3,4,34219.0,32421.0
22,25,3,4,30722.0,29313.0
23,25,3,4,28119.0,27125.0
0,26,3,5,24933.0,25200.0
1,26,3,5,22931.0,24206.0
2,26,3,5,21799.0,23959.0
3,26,3,5,21276.0,24183.0
4,26,3,5,21261.0,25714.0
5,26,3,5,21518.0,28304.0
6,26,3,5,21911.0,33165.0
7,26,3,5,24173.0,37247.0
8,26,3,5,26792.0,38371.0
9,26,3,5,27789.0,37875.0
10,26,3,5,26911.0,36926.0
11,26,3,5,26238.0,34612.0
12,26,3,5,25648.0,33671.0
13,26,3,5,24464.0,34755.0
14,26,3,5,24678.0,35033.0
15,26,3,5,25349.0,35138.0
16,26,3,5,25820.0,35160.0
17,26,3,5,27211.0,37199.0
18,26,3,5,29851.0,39859.0
19,26,3,5,33573.0,37548.0
20,26,3,5,31555.0,34219.0
21,26,3,5,28679.0,30722.0
22,26,3,5,26213.0,28119.0
23,26,3,5,23708.0,24933.0
0,27,3,6,22006.0,22931.0
1,27,3,6,20045.0,21799.0
2,27,3,6,19607.0,21276.0
3,27,3,6,18346.0,21261.0
4,27,3,6,18248.0,21518.0
5,27,3,6,18470.0,21911.0
6,27,3,6,18937.0,24173.0
7,27,3,6,20442.0,26792.0
8,27,3,6,21740.0,27789.0
9,27,3,6,22730.0,26911.0
10,27,3,6,23095.0,26238.0
11,27,3,6,22139.0,25648.0
12,27,3,6,19975.0,24464.0
13,27,3,6,19016.0,24678.0
14,27,3,6,19055.0,25349.0
15,27,3,6,19411.0,25820.0
16,27,3,6,20335.0,27211.0
17,27,3,6,21546.0,29851.0
18,27,3,6,24813.0,33573.0
19,27,3,6,27377.0,31555.0
20,27,3,6,26600.0,28679.0
21,27,3,6,25015.0,26213.0
22,27,3,6,23125.0,23708.0
23,27,3,6,20520.0,22006.0
0,28,3,0,18596.0,20045.0
1,28,3,0,16716.0,19607.0
2,28,3,0,17457.0,18346.0
3,28,3,0,17321.0,18248.0
4,28,3,0,17845.0,18470.0
5,28,3,0,18711.0,18937.0
6,28,3,0,18593.0,20442.0
7,28,3,0,20649.0,21740.0
8,28,3,0,22457.0,22730.0
9,28,3,0,22912.0,23095.0
10,28,3,0,23569.0,22139.0
11,28,3,0,22955.0,19975.0
12,28,3,0,21256.0,19016.0
13,28,3,0,21213.0,19055.0
14,28,3,0,20348.0,19411.0
15,28,3,0,20150.0,20335.0
16,28,3,0,21131.0,21546.0
17,28,3,0,22908.0,24813.0
18,28,3,0,25925.0,27377.0
19,28,3,0,28853.0,26600.0
20,28,3,0,27829.0,25015.0
21,28,3,0,25649.0,23125.0
22,28,3,0,23420.0,20520.0
23,28,3,0,21300.0,18596.0
0,29,3,1,19544.0,16716.0
1,29,3,1,18740.0,17457.0
2,29,3,1,18537.0,17321.0
3,29,3,1,19161.0,17845.0
4,29,3,1,21224.0,18711.0
5,29,3,1,26521.0,18593.0
6,29,3,1,30999.0,20649.0
7,29,3,1,35910.0,22457.0
8,29,3,1,37979.0,22912.0
9,29,3,1,37637.0,23569.0
10,29,3,1,36690.0,22955.0
11,29,3,1,33761.0,21256.0
12,29,3,1,33926.0,21213.0
13,29,3,1,34641.0,20348.0
14,29,3,1,35329.0,20150.0
15,29,3,1,35329.0,21131.0
16,29,3,1,34924.0,22908.0
17,29,3,1,35342.0,25925.0
18,29,3,1,37475.0,28853.0
19,29,3,1,38798.0,27829.0
20,29,3,1,35900.0,25649.0
21,29,3,1,31936.0,23420.0
22,29,3,1,28714.0,21300.0
23,29,3,1,25452.0,19544.0
0,30,3,2,23665.0,18740.0
1,30,3,2,22856.0,18537.0
2,30,3,2,22588.0,19161.0
3,30,3,2,22932.0,21224.0
4,30,3,2,24659.0,26521.0
5,30,3,2,29421.0,30999.0
6,30,3,2,34323.0,35910.0
7,30,3,2,39242.0,37979.0
8,30,3,2,40176.0,37637.0
9,30,3,2,39945.0,36690.0
10,30,3,2,38951.0,33761.0
11,30,3,2,36153.0,33926.0
12,30,3,2,36066.0,34641.0
13,30,3,2,37096.0,35329.0
14,30,3,2,38013.0,35329.0
15,30,3,2,38371.0,34924.0
16,30,3,2,37415.0,35342.0
17,30,3,2,37167.0,37475.0
18,30,3,2,38694.0,38798.0
19,30,3,2,39830.0,35900.0
20,30,3,2,36766.0,31936.0
21,30,3,2,32588.0,28714.0
22,30,3,2,29225.0,25452.0
23,30,3,2,26204.0,23665.0
0,31,3,3,24524.0,22856.0
1,31,3,3,23623.0,22588.0
2,31,3,3,23319.0,22932.0
3,31,3,3,23501.0,24659.0
4,31,3,3,25214.0,29421.0
5,31,3,3,29555.0,34323.0
6,31,3,3,34827.0,39242.0
7,31,3,3,39329.0,40176.0
8,31,3,3,40088.0,39945.0
9,31,3,3,39601.0,38951.0
10,31,3,3,39215.0,36153.0
11,31,3,3,36623.0,36066.0
12,31,3,3,36315.0,37096.0
13,31,3,3,37972.0,38013.0
14,31,3,3,38312.0,38371.0
15,31,3,3,38263.0,37415.0
16,31,3,3,37874.0,37167.0
17,31,3,3,37528.0,38694.0
18,31,3,3,39155.0,39830.0
19,31,3,3,40018.0,36766.0
20,31,3,3,36629.0,32588.0
21,31,3,3,32693.0,29225.0
22,31,3,3,29614.0,26204.0
23,31,3,3,26545.0,24524.0
0,1,4,4,24769.0,23623.0
1,1,4,4,23833.0,23319.0
2,1,4,4,23441.0,23501.0
3,1,4,4,23729.0,25214.0
4,1,4,4,25379.0,29555.0
5,1,4,4,30083.0,34827.0
6,1,4,4,34922.0,39329.0
7,1,4,4,39609.0,40088.0
8,1,4,4,41400.0,39601.0
9,1,4,4,41517.0,39215.0
10,1,4,4,40925.0,36623.0
11,1,4,4,37908.0,36315.0
12,1,4,4,37039.0,37972.0
13,1,4,4,38835.0,38312.0
14,1,4,4,38731.0,38263.0
15,1,4,4,38562.0,37874.0
16,1,4,4,37502.0,37528.0
17,1,4,4,36629.0,39155.0
18,1,4,4,38148.0,40018.0
19,1,4,4,39085.0,36629.0
20,1,4,4,35903.0,32693.0
21,1,4,4,32116.0,29614.0
22,1,4,4,29023.0,26545.0
23,1,4,4,26402.0,24769.0
0,2,4,5,24549.0,23833.0
1,2,4,5,23396.0,23441.0
2,2,4,5,23004.0,23729.0
3,2,4,5,22949.0,25379.0
4,2,4,5,23409.0,30083.0
5,2,4,5,25332.0,34922.0
6,2,4,5,27604.0,39609.0
7,2,4,5,30801.0,41400.0
8,2,4,5,32759.0,41517.0
9,2,4,5,32859.0,40925.0
10,2,4,5,31362.0,37908.0
11,2,4,5,29566.0,37039.0
12,2,4,5,27792.0,38835.0
13,2,4,5,27527.0,38731.0
14,2,4,5,27855.0,38562.0
15,2,4,5,28042.0,37502.0
16,2,4,5,28479.0,36629.0
17,2,4,5,29275.0,38148.0
18,2,4,5,31570.0,39085.0
19,2,4,5,32877.0,35903.0
20,2,4,5,30331.0,32116.0
21,2,4,5,27953.0,29023.0
22,2,4,5,25920.0,26402.0
23,2,4,5,23354.0,24549.0
0,3,4,6,21481.0,23396.0
1,3,4,6,20382.0,23004.0
2,3,4,6,20035.0,22949.0
3,3,4,6,19866.0,23409.0
4,3,4,6,20165.0,25332.0
5,3,4,6,20854.0,27604.0
6,3,4,6,21011.0,30801.0
7,3,4,6,23107.0,32759.0
8,3,4,6,24963.0,32859.0
9,3,4,6,25900.0,31362.0
10,3,4,6,25326.0,29566.0
11,3,4,6,24882.0,27792.0
12,3,4,6,23520.0,27527.0
13,3,4,6,23849.0,27855.0
14,3,4,6,23672.0,28042.0
15,3,4,6,23360.0,28479.0
16,3,4,6,23618.0,29275.0
17,3,4,6,24934.0,31570.0
18,3,4,6,27957.0,32877.0
19,3,4,6,30854.0,30331.0
20,3,4,6,29620.0,27953.0
21,3,4,6,27396.0,25920.0
22,3,4,6,24462.0,23354.0
23,3,4,6,22035.0,21481.0
0,4,4,0,20460.0,20382.0
1,4,4,0,19665.0,20035.0
2,4,4,0,19631.0,19866.0
3,4,4,0,20113.0,20165.0
4,4,4,0,22195.0,20854.0
5,4,4,0,27587.0,21011.0
6,4,4,0,32945.0,23107.0
7,4,4,0,37333.0,24963.0
8,4,4,0,38154.0,25900.0
9,4,4,0,38153.0,25326.0
10,4,4,0,37343.0,24882.0
11,4,4,0,34855.0,23520.0
12,4,4,0,34513.0,23849.0
13,4,4,0,36310.0,23672.0
14,4,4,0,36547.0,23360.0
15,4,4,0,36500.0,23618.0
16,4,4,0,36031.0,24934.0
17,4,4,0,35479.0,27957.0
18,4,4,0,36645.0,30854.0
19,4,4,0,38475.0,29620.0
20,4,4,0,35587.0,27396.0
21,4,4,0,31591.0,24462.0
22,4,4,0,28578.0,22035.0
23,4,4,0,25956.0,20460.0
0,5,4,1,24207.0,19665.0
1,5,4,1,23202.0,19631.0
2,5,4,1,22999.0,20113.0
3,5,4,1,23232.0,22195.0
4,5,4,1,24884.0,27587.0
5,5,4,1,29067.0,32945.0
6,5,4,1,33969.0,37333.0
7,5,4,1,38443.0,38154.0
8,5,4,1,39234.0,38153.0
9,5,4,1,38723.0,37343.0
10,5,4,1,37836.0,34855.0
11,5,4,1,35410.0,34513.0
12,5,4,1,35610.0,36310.0
13,5,4,1,36366.0,36547.0
14,5,4,1,36557.0,36500.0
15,5,4,1,36213.0,36031.0
16,5,4,1,35886.0,35479.0
17,5,4,1,35510.0,36645.0
18,5,4,1,36971.0,38475.0
19,5,4,1,38813.0,35587.0
20,5,4,1,35938.0,31591.0
21,5,4,1,32109.0,28578.0
22,5,4,1,29174.0,25956.0
23,5,4,1,26020.0,24207.0
0,6,4,2,24279.0,23202.0
1,6,4,2,23529.0,22999.0
2,6,4,2,23227.0,23232.0
3,6,4,2,23523.0,24884.0
4,6,4,2,25100.0,29067.0
5,6,4,2,29454.0,33969.0
6,6,4,2,34118.0,38443.0
7,6,4,2,38301.0,39234.0
8,6,4,2,38932.0,38723.0
9,6,4,2,38512.0,37836.0
10,6,4,2,37662.0,35410.0
11,6,4,2,35139.0,35610.0
12,6,4,2,34887.0,36366.0
13,6,4,2,36071.0,36557.0
14,6,4,2,36820.0,36213.0
15,6,4,2,36677.0,35886.0
16,6,4,2,35721.0,35510.0
17,6,4,2,35922.0,36971.0
18,6,4,2,37082.0,38813.0
19,6,4,2,38880.0,35938.0
20,6,4,2,36117.0,32109.0
21,6,4,2,32391.0,29174.0
22,6,4,2,29734.0,26020.0
23,6,4,2,26413.0,24279.0
0,7,4,3,24696.0,23529.0
1,7,4,3,23771.0,23227.0
2,7,4,3,23474.0,23523.0
3,7,4,3,23730.0,25100.0
4,7,4,3,25227.0,29454.0
5,7,4,3,29434.0,34118.0
6,7,4,3,34387.0,38301.0
7,7,4,3,38485.0,38932.0
8,7,4,3,39562.0,38512.0
9,7,4,3,39385.0,37662.0
10,7,4,3,38330.0,35139.0
11,7,4,3,35356.0,34887.0
12,7,4,3,35134.0,36071.0
13,7,4,3,36600.0,36820.0
14,7,4,3,37163.0,36677.0
15,7,4,3,37359.0,35721.0
16,7,4,3,36609.0,35922.0
17,7,4,3,36130.0,37082.0
18,7,4,3,37059.0,38880.0
19,7,4,3,38489.0,36117.0
20,7,4,3,35633.0,32391.0
21,7,4,3,31965.0,29734.0
22,7,4,3,29362.0,26413.0
23,7,4,3,26367.0,24696.0
0,8,4,4,24586.0,23771.0
1,8,4,4,23837.0,23474.0
2,8,4,4,23635.0,23730.0
3,8,4,4,23815.0,25227.0
4,8,4,4,25109.0,29434.0
5,8,4,4,29372.0,34387.0
6,8,4,4,34133.0,38485.0
7,8,4,4,38833.0,39562.0
8,8,4,4,40189.0,39385.0
9,8,4,4,40026.0,38330.0
10,8,4,4,39731.0,35356.0
11,8,4,4,37073.0,35134.0
12,8,4,4,36006.0,36600.0
13,8,4,4,37438.0,37163.0
14,8,4,4,37606.0,37359.0
15,8,4,4,37954.0,36609.0
16,8,4,4,36940.0,36130.0
17,8,4,4,36041.0,37059.0
18,8,4,4,37350.0,38489.0
19,8,4,4,38245.0,35633.0
20,8,4,4,35540.0,31965.0
21,8,4,4,32024.0,29362.0
22,8,4,4,29374.0,26367.0
23,8,4,4,26735.0,24586.0
0,9,4,5,24926.0,23837.0
1,9,4,5,23725.0,23635.0
2,9,4,5,23210.0,23815.0
3,9,4,5,23089.0,25109.0
4,9,4,5,23610.0,29372.0
5,9,4,5,25237.0,34133.0
6,9,4,5,27596.0,38833.0
7,9,4,5,30825.0,40189.0
8,9,4,5,31888.0,40026.0
9,9,4,5,31403.0,39731.0
10,9,4,5,30705.0,37073.0
11,9,4,5,28997.0,36006.0
12,9,4,5,27490.0,37438.0
13,9,4,5,27725.0,37606.0
14,9,4,5,27237.0,37954.0
15,9,4,5,26830.0,36940.0
16,9,4,5,27544.0,36041.0
17,9,4,5,28954.0,37350.0
18,9,4,5,30944.0,38245.0
19,9,4,5,32483.0,35540.0
20,9,4,5,29879.0,32024.0
21,9,4,5,27685.0,29374.0
22,9,4,5,25335.0,26735.0
23,9,4,5,23324.0,24926.0
0,10,4,6,21351.0,23725.0
1,10,4,6,20272.0,23210.0
2,10,4,6,19859.0,23089.0
3,10,4,6,19645.0,23610.0
4,10,4,6,20094.0,25237.0
5,10,4,6,20420.0,27596.0
6,10,4,6,20859.0,30825.0
7,10,4,6,22919.0,31888.0
8,10,4,6,24593.0,31403.0
9,10,4,6,24743.0,30705.0
10,10,4,6,24886.0,28997.0
11,10,4,6,24744.0,27490.0
12,10,4,6,23278.0,27725.0
13,10,4,6,22377.0,27237.0
14,10,4,6,21940.0,26830.0
15,10,4,6,21673.0,27544.0
16,10,4,6,22412.0,28954.0
17,10,4,6,24173.0,30944.0
18,10,4,6,26546.0,32483.0
19,10,4,6,29771.0,29879.0
20,10,4,6,28577.0,27685.0
21,10,4,6,26394.0,25335.0
22,10,4,6,23670.0,23324.0
23,10,4,6,22219.0,21351.0
0,11,4,0,20702.0,20272.0
1,11,4,0,20033.0,19859.0
2,11,4,0,19997.0,19645.0
3,11,4,0,20506.0,20094.0
4,11,4,0,22683.0,20420.0
5,11,4,0,27340.0,20859.0
6,11,4,0,32195.0,22919.0
7,11,4,0,36496.0,24593.0
8,11,4,0,37495.0,24743.0
9,11,4,0,36918.0,24886.0
10,11,4,0,36186.0,24744.0
11,11,4,0,34100.0,23278.0
12,11,4,0,33905.0,22377.0
13,11,4,0,34596.0,21940.0
14,11,4,0,35191.0,21673.0
15,11,4,0,34953.0,22412.0
16,11,4,0,34509.0,24173.0
17,11,4,0,34294.0,26546.0
18,11,4,0,35661.0,29771.0
19,11,4,0,37956.0,28577.0
20,11,4,0,35410.0,26394.0
21,11,4,0,31665.0,23670.0
22,11,4,0,28627.0,22219.0
23,11,4,0,26187.0,20702.0
0,12,4,1,24422.0,20033.0
1,12,4,1,23469.0,19997.0
2,12,4,1,23186.0,20506.0
3,12,4,1,23508.0,22683.0
4,12,4,1,25147.0,27340.0
5,12,4,1,29135.0,32195.0
6,12,4,1,33711.0,36496.0
7,12,4,1,37665.0,37495.0
8,12,4,1,39061.0,36918.0
9,12,4,1,38722.0,36186.0
10,12,4,1,37626.0,34100.0
11,12,4,1,34795.0,33905.0
12,12,4,1,34449.0,34596.0
13,12,4,1,35655.0,35191.0
14,12,4,1,36459.0,34953.0
15,12,4,1,36211.0,34509.0
16,12,4,1,36153.0,34294.0
17,12,4,1,35957.0,35661.0
18,12,4,1,37152.0,37956.0
19,12,4,1,38997.0,35410.0
20,12,4,1,36418.0,31665.0
21,12,4,1,32842.0,28627.0
22,12,4,1,29056.0,26187.0
23,12,4,1,25727.0,24422.0
0,13,4,2,24024.0,23469.0
1,13,4,2,23221.0,23186.0
2,13,4,2,23044.0,23508.0
3,13,4,2,23342.0,25147.0
4,13,4,2,25234.0,29135.0
5,13,4,2,29030.0,33711.0
6,13,4,2,33941.0,37665.0
7,13,4,2,37507.0,39061.0
8,13,4,2,38538.0,38722.0
9,13,4,2,38296.0,37626.0
10,13,4,2,37389.0,34795.0
11,13,4,2,34898.0,34449.0
12,13,4,2,34308.0,35655.0
13,13,4,2,35376.0,36459.0
14,13,4,2,36139.0,36211.0
15,13,4,2,36210.0,36153.0
16,13,4,2,35492.0,35957.0
17,13,4,2,35684.0,37152.0
18,13,4,2,36917.0,38997.0
19,13,4,2,38470.0,36418.0
20,13,4,2,35885.0,32842.0
21,13,4,2,32281.0,29056.0
22,13,4,2,29394.0,25727.0
23,13,4,2,26259.0,24024.0
0,14,4,3,24529.0,23221.0
1,14,4,3,23810.0,23044.0
2,14,4,3,23492.0,23342.0
3,14,4,3,23602.0,25234.0
4,14,4,3,25168.0,29030.0
5,14,4,3,29056.0,33941.0
6,14,4,3,33673.0,37507.0
7,14,4,3,37984.0,38538.0
8,14,4,3,38338.0,38296.0
9,14,4,3,38043.0,37389.0
10,14,4,3,37051.0,34898.0
11,14,4,3,34534.0,34308.0
12,14,4,3,34279.0,35376.0
13,14,4,3,35016.0,36139.0
14,14,4,3,35439.0,36210.0
15,14,4,3,35626.0,35492.0
16,14,4,3,34787.0,35684.0
17,14,4,3,34437.0,36917.0
18,14,4,3,35781.0,38470.0
19,14,4,3,38230.0,35885.0
20,14,4,3,35957.0,32281.0
21,14,4,3,32254.0,29394.0
22,14,4,3,29459.0,26259.0
23,14,4,3,26438.0,24529.0
0,15,4,4,24789.0,23810.0
1,15,4,4,23776.0,23492.0
2,15,4,4,23454.0,23602.0
3,15,4,4,23677.0,25168.0
4,15,4,4,25170.0,29056.0
5,15,4,4,28720.0,33673.0
6,15,4,4,33296.0,37984.0
7,15,4,4,37073.0,38338.0
8,15,4,4,37766.0,38043.0
9,15,4,4,37473.0,37051.0
10,15,4,4,36672.0,34534.0
11,15,4,4,34397.0,34279.0
12,15,4,4,33679.0,35016.0
13,15,4,4,34780.0,35439.0
14,15,4,4,35472.0,35626.0
15,15,4,4,35115.0,34787.0
16,15,4,4,34928.0,34437.0
17,15,4,4,34746.0,35781.0
18,15,4,4,36288.0,38230.0
19,15,4,4,37678.0,35957.0
20,15,4,4,35255.0,32254.0
21,15,4,4,31383.0,29459.0
22,15,4,4,28817.0,26438.0
23,15,4,4,26300.0,24789.0
0,16,4,5,24287.0,23776.0
1,16,4,5,23280.0,23454.0
2,16,4,5,22811.0,23677.0
3,16,4,5,22711.0,25170.0
4,16,4,5,23018.0,28720.0
5,16,4,5,23827.0,33296.0
6,16,4,5,26262.0,37073.0
7,16,4,5,29255.0,37766.0
8,16,4,5,30636.0,37473.0
9,16,4,5,30236.0,36672.0
10,16,4,5,29328.0,34397.0
11,16,4,5,27582.0,33679.0
12,16,4,5,25910.0,34780.0
13,16,4,5,25462.0,35472.0
14,16,4,5,26401.0,35115.0
15,16,4,5,26757.0,34928.0
16,16,4,5,27721.0,34746.0
17,16,4,5,28501.0,36288.0
18,16,4,5,30070.0,37678.0
19,16,4,5,31959.0,35255.0
20,16,4,5,29984.0,31383.0
21,16,4,5,27668.0,28817.0
22,16,4,5,25631.0,26300.0
23,16,4,5,23730.0,24287.0
0,17,4,6,21943.0,23280.0
1,17,4,6,20941.0,22811.0
2,17,4,6,20460.0,22711.0
3,17,4,6,20228.0,23018.0
4,17,4,6,20612.0,23827.0
5,17,4,6,20698.0,26262.0
6,17,4,6,21473.0,29255.0
7,17,4,6,23608.0,30636.0
8,17,4,6,25241.0,30236.0
9,17,4,6,25745.0,29328.0
10,17,4,6,25987.0,27582.0
11,17,4,6,25955.0,25910.0
12,17,4,6,24533.0,25462.0
13,17,4,6,23119.0,26401.0
14,17,4,6,22857.0,26757.0
15,17,4,6,22618.0,27721.0
16,17,4,6,23335.0,28501.0
17,17,4,6,24351.0,30070.0
18,17,4,6,26438.0,31959.0
19,17,4,6,29450.0,29984.0
20,17,4,6,28545.0,27668.0
21,17,4,6,26548.0,25631.0
22,17,4,6,24440.0,23730.0
23,17,4,6,21781.0,21943.0
0,18,4,0,20443.0,20941.0
1,18,4,0,19777.0,20460.0
2,18,4,0,19523.0,20228.0
3,18,4,0,20107.0,20612.0
4,18,4,0,22192.0,20698.0
5,18,4,0,26484.0,21473.0
6,18,4,0,31294.0,23608.0
7,18,4,0,35540.0,25241.0
8,18,4,0,36545.0,25745.0
9,18,4,0,35913.0,25987.0
10,18,4,0,35790.0,25955.0
11,18,4,0,33771.0,24533.0
12,18,4,0,33893.0,23119.0
13,18,4,0,35375.0,22857.0
14,18,4,0,36218.0,22618.0
15,18,4,0,36329.0,23335.0
16,18,4,0,34782.0,24351.0
17,18,4,0,34213.0,26438.0
18,18,4,0,35513.0,29450.0
19,18,4,0,37506.0,28545.0
20,18,4,0,34956.0,26548.0
21,18,4,0,31273.0,24440.0
22,18,4,0,28686.0,21781.0
23,18,4,0,26042.0,20443.0
0,19,4,1,24492.0,19777.0
1,19,4,1,23751.0,19523.0
2,19,4,1,23515.0,20107.0
3,19,4,1,23811.0,22192.0
4,19,4,1,25360.0,26484.0
5,19,4,1,28855.0,31294.0
6,19,4,1,33923.0,35540.0
7,19,4,1,38032.0,36545.0
8,19,4,1,38924.0,35913.0
9,19,4,1,38271.0,35790.0
10,19,4,1,37944.0,33771.0
11,19,4,1,35775.0,33893.0
12,19,4,1,35150.0,35375.0
13,19,4,1,35850.0,36218.0
14,19,4,1,36140.0,36329.0
15,19,4,1,35498.0,34782.0
16,19,4,1,34610.0,34213.0
17,19,4,1,34476.0,35513.0
18,19,4,1,35656.0,37506.0
19,19,4,1,37852.0,34956.0
20,19,4,1,35690.0,31273.0
21,19,4,1,31944.0,28686.0
22,19,4,1,28669.0,26042.0
23,19,4,1,26251.0,24492.0
0,20,4,2,24468.0,23751.0
1,20,4,2,23564.0,23515.0
2,20,4,2,23212.0,23811.0
3,20,4,2,23351.0,25360.0
4,20,4,2,24767.0,28855.0
5,20,4,2,27774.0,33923.0
6,20,4,2,32557.0,38032.0
7,20,4,2,36742.0,38924.0
8,20,4,2,37339.0,38271.0
9,20,4,2,36869.0,37944.0
10,20,4,2,36138.0,35775.0
11,20,4,2,33769.0,35150.0
12,20,4,2,33567.0,35850.0
13,20,4,2,34062.0,36140.0
14,20,4,2,34770.0,35498.0
15,20,4,2,34641.0,34610.0
16,20,4,2,33727.0,34476.0
17,20,4,2,33215.0,35656.0
18,20,4,2,34420.0,37852.0
19,20,4,2,37000.0,35690.0
20,20,4,2,34874.0,31944.0
21,20,4,2,31658.0,28669.0
22,20,4,2,28865.0,26251.0
23,20,4,2,26030.0,24468.0
0,21,4,3,24112.0,23564.0
1,21,4,3,22792.0,23212.0
2,21,4,3,22538.0,23351.0
3,21,4,3,22747.0,24767.0
4,21,4,3,24635.0,27774.0
5,21,4,3,28794.0,32557.0
6,21,4,3,33770.0,36742.0
7,21,4,3,37638.0,37339.0
8,21,4,3,38661.0,36869.0
9,21,4,3,38101.0,36138.0
10,21,4,3,37189.0,33769.0
11,21,4,3,35018.0,33567.0
12,21,4,3,34632.0,34062.0
13,21,4,3,35741.0,34770.0
14,21,4,3,36850.0,34641.0
15,21,4,3,37185.0,33727.0
16,21,4,3,35886.0,33215.0
17,21,4,3,35384.0,34420.0
18,21,4,3,36043.0,37000.0
19,21,4,3,38026.0,34874.0
20,21,4,3,36020.0,31658.0
21,21,4,3,32474.0,28865.0
22,21,4,3,29725.0,26030.0
23,21,4,3,26575.0,24112.0
0,22,4,4,24874.0,22792.0
1,22,4,4,24144.0,22538.0
2,22,4,4,23751.0,22747.0
3,22,4,4,23954.0,24635.0
4,22,4,4,25133.0,28794.0
5,22,4,4,28150.0,33770.0
6,22,4,4,33057.0,37638.0
7,22,4,4,36998.0,38661.0
8,22,4,4,38020.0,38101.0
9,22,4,4,37398.0,37189.0
10,22,4,4,36398.0,35018.0
11,22,4,4,34100.0,34632.0
12,22,4,4,33818.0,35741.0
13,22,4,4,35100.0,36850.0
14,22,4,4,35924.0,37185.0
15,22,4,4,36198.0,35886.0
16,22,4,4,35345.0,35384.0
17,22,4,4,35049.0,36043.0
18,22,4,4,36121.0,38026.0
19,22,4,4,37535.0,36020.0
20,22,4,4,35433.0,32474.0
21,22,4,4,31840.0,29725.0
22,22,4,4,29129.0,26575.0
23,22,4,4,26369.0,24874.0
0,23,4,5,24420.0,24144.0
1,23,4,5,23367.0,23751.0
2,23,4,5,22940.0,23954.0
3,23,4,5,22727.0,25133.0
4,23,4,5,22841.0,28150.0
5,23,4,5,23641.0,33057.0
6,23,4,5,26150.0,36998.0
7,23,4,5,29180.0,38020.0
8,23,4,5,31038.0,37398.0
9,23,4,5,30886.0,36398.0
10,23,4,5,30299.0,34100.0
11,23,4,5,28568.0,33818.0
12,23,4,5,26987.0,35100.0
13,23,4,5,26277.0,35924.0
14,23,4,5,26374.0,36198.0
15,23,4,5,26365.0,35345.0
16,23,4,5,27094.0,35049.0
17,23,4,5,28125.0,36121.0
18,23,4,5,29667.0,37535.0
19,23,4,5,31107.0,35433.0
20,23,4,5,29427.0,31840.0
21,23,4,5,27328.0,29129.0
22,23,4,5,25010.0,26369.0
23,23,4,5,23389.0,24420.0
0,24,4,6,21451.0,23367.0
1,24,4,6,20377.0,22940.0
2,24,4,6,19798.0,22727.0
3,24,4,6,19653.0,22841.0
4,24,4,6,19991.0,23641.0
5,24,4,6,19699.0,26150.0
6,24,4,6,20642.0,29180.0
7,24,4,6,22560.0,31038.0
8,24,4,6,23866.0,30886.0
9,24,4,6,24472.0,30299.0
10,24,4,6,24883.0,28568.0
11,24,4,6,24253.0,26987.0
12,24,4,6,23203.0,26277.0
13,24,4,6,22483.0,26374.0
14,24,4,6,22170.0,26365.0
15,24,4,6,22736.0,27094.0
16,24,4,6,23327.0,28125.0
17,24,4,6,24200.0,29667.0
18,24,4,6,25617.0,31107.0
19,24,4,6,28162.0,29427.0
20,24,4,6,27515.0,27328.0
21,24,4,6,25283.0,25010.0
22,24,4,6,23156.0,23389.0
23,24,4,6,21877.0,21451.0
0,25,4,0,20212.0,20377.0
1,25,4,0,19326.0,19798.0
2,25,4,0,18750.0,19653.0
3,25,4,0,18687.0,19991.0
4,25,4,0,19111.0,19699.0
5,25,4,0,18882.0,20642.0
6,25,4,0,19966.0,22560.0
7,25,4,0,21756.0,23866.0
8,25,4,0,23411.0,24472.0
9,25,4,0,23874.0,24883.0
10,25,4,0,24134.0,24253.0
11,25,4,0,23002.0,23203.0
12,25,4,0,22456.0,22483.0
13,25,4,0,21313.0,22170.0
14,25,4,0,21573.0,22736.0
15,25,4,0,21409.0,23327.0
16,25,4,0,21535.0,24200.0
17,25,4,0,23059.0,25617.0
18,25,4,0,24972.0,28162.0
19,25,4,0,27768.0,27515.0
20,25,4,0,27757.0,25283.0
21,25,4,0,25467.0,23156.0
22,25,4,0,22759.0,21877.0
23,25,4,0,21215.0,20212.0
0,26,4,1,19705.0,19326.0
1,26,4,1,18981.0,18750.0
2,26,4,1,18797.0,18687.0
3,26,4,1,19295.0,19111.0
4,26,4,1,21231.0,18882.0
5,26,4,1,25441.0,19966.0
6,26,4,1,31235.0,21756.0
7,26,4,1,35797.0,23411.0
8,26,4,1,37146.0,23874.0
9,26,4,1,36831.0,24134.0
10,26,4,1,36307.0,23002.0
11,26,4,1,33757.0,22456.0
12,26,4,1,33946.0,21313.0
13,26,4,1,36624.0,21573.0
14,26,4,1,37161.0,21409.0
15,26,4,1,36603.0,21535.0
16,26,4,1,35732.0,23059.0
17,26,4,1,35324.0,24972.0
18,26,4,1,36748.0,27768.0
19,26,4,1,38157.0,27757.0
20,26,4,1,36649.0,25467.0
21,26,4,1,33097.0,22759.0
22,26,4,1,29703.0,21215.0
23,26,4,1,26309.0,19705.0
0,27,4,2,24430.0,18981.0
1,27,4,2,23439.0,18797.0
2,27,4,2,23088.0,19295.0
3,27,4,2,23339.0,21231.0
4,27,4,2,24806.0,25441.0
5,27,4,2,28065.0,31235.0
6,27,4,2,33536.0,35797.0
7,27,4,2,38123.0,37146.0
8,27,4,2,39200.0,36831.0
9,27,4,2,39133.0,36307.0
10,27,4,2,38036.0,33757.0
11,27,4,2,35596.0,33946.0
12,27,4,2,35185.0,36624.0
13,27,4,2,35945.0,37161.0
14,27,4,2,36211.0,36603.0
15,27,4,2,36278.0,35732.0
16,27,4,2,35458.0,35324.0
17,27,4,2,35211.0,36748.0
18,27,4,2,36279.0,38157.0
19,27,4,2,38230.0,36649.0
20,27,4,2,36608.0,33097.0
21,27,4,2,33093.0,29703.0
22,27,4,2,30006.0,26309.0
23,27,4,2,26088.0,24430.0
0,28,4,3,24417.0,23439.0
1,28,4,3,23607.0,23088.0
2,28,4,3,23265.0,23339.0
3,28,4,3,23510.0,24806.0
4,28,4,3,24992.0,28065.0
5,28,4,3,28340.0,33536.0
6,28,4,3,33816.0,38123.0
7,28,4,3,38277.0,39200.0
8,28,4,3,39290.0,39133.0
9,28,4,3,39195.0,38036.0
10,28,4,3,38659.0,35596.0
11,28,4,3,35826.0,35185.0
12,28,4,3,35346.0,35945.0
13,28,4,3,36423.0,36211.0
14,28,4,3,35709.0,36278.0
15,28,4,3,36110.0,35458.0
16,28,4,3,35730.0,35211.0
17,28,4,3,35690.0,36279.0
18,28,4,3,36840.0,38230.0
19,28,4,3,38260.0,36608.0
20,28,4,3,36698.0,33093.0
21,28,4,3,32985.0,30006.0
22,28,4,3,29892.0,26088.0
23,28,4,3,26909.0,24417.0
0,29,4,4,25184.0,23607.0
1,29,4,4,24324.0,23265.0
2,29,4,4,23928.0,23510.0
3,29,4,4,24178.0,24992.0
4,29,4,4,25436.0,28340.0
5,29,4,4,28746.0,33816.0
6,29,4,4,33378.0,38277.0
7,29,4,4,37675.0,39290.0
8,29,4,4,39193.0,39195.0
9,29,4,4,39405.0,38659.0
10,29,4,4,38284.0,35826.0
11,29,4,4,36029.0,35346.0
12,29,4,4,35915.0,36423.0
13,29,4,4,35746.0,35709.0
14,29,4,4,35838.0,36110.0
15,29,4,4,35414.0,35730.0
16,29,4,4,34375.0,35690.0
17,29,4,4,34133.0,36840.0
18,29,4,4,35228.0,38260.0
19,29,4,4,36796.0,36698.0
20,29,4,4,35392.0,32985.0
21,29,4,4,31894.0,29892.0
22,29,4,4,29262.0,26909.0
23,29,4,4,26876.0,25184.0
0,30,4,5,24962.0,24324.0
1,30,4,5,23608.0,23928.0
2,30,4,5,22992.0,24178.0
3,30,4,5,22897.0,25436.0
4,30,4,5,23399.0,28746.0
5,30,4,5,24379.0,33378.0
6,30,4,5,27478.0,37675.0
7,30,4,5,30392.0,39193.0
8,30,4,5,31470.0,39405.0
9,30,4,5,31132.0,38284.0
10,30,4,5,30145.0,36029.0
11,30,4,5,28183.0,35915.0
12,30,4,5,27342.0,35746.0
13,30,4,5,26490.0,35838.0
14,30,4,5,27305.0,35414.0
15,30,4,5,27975.0,34375.0
16,30,4,5,28958.0,34133.0
17,30,4,5,29642.0,35228.0
18,30,4,5,31031.0,36796.0
19,30,4,5,32236.0,35392.0
20,30,4,5,30605.0,31894.0
21,30,4,5,27959.0,29262.0
22,30,4,5,25952.0,26876.0
23,30,4,5,23104.0,24962.0
0,1,5,6,21023.0,23608.0
1,1,5,6,19744.0,22992.0
2,1,5,6,19083.0,22897.0
3,1,5,6,18577.0,23399.0
4,1,5,6,18512.0,24379.0
5,1,5,6,17959.0,27478.0
6,1,5,6,18987.0,30392.0
7,1,5,6,21054.0,31470.0
8,1,5,6,22903.0,31132.0
9,1,5,6,23780.0,30145.0
10,1,5,6,24157.0,28183.0
11,1,5,6,23650.0,27342.0
12,1,5,6,21892.0,26490.0
13,1,5,6,21654.0,27305.0
14,1,5,6,21455.0,27975.0
15,1,5,6,20933.0,28958.0
16,1,5,6,21664.0,29642.0
17,1,5,6,22704.0,31031.0
18,1,5,6,24717.0,32236.0
19,1,5,6,27417.0,30605.0
20,1,5,6,27382.0,27959.0
21,1,5,6,25379.0,25952.0
22,1,5,6,22666.0,23104.0
23,1,5,6,20168.0,21023.0
0,2,5,0,18761.0,19744.0
1,2,5,0,18208.0,19083.0
2,2,5,0,18156.0,18577.0
3,2,5,0,18825.0,18512.0
4,2,5,0,20861.0,17959.0
5,2,5,0,25168.0,18987.0
6,2,5,0,31354.0,21054.0
7,2,5,0,36276.0,22903.0
8,2,5,0,37681.0,23780.0
9,2,5,0,37685.0,24157.0
10,2,5,0,37417.0,23650.0
11,2,5,0,35328.0,21892.0
12,2,5,0,35621.0,21654.0
13,2,5,0,35709.0,21455.0
14,2,5,0,36409.0,20933.0
15,2,5,0,36427.0,21664.0
16,2,5,0,35539.0,22704.0
17,2,5,0,34657.0,24717.0
18,2,5,0,35721.0,27417.0
19,2,5,0,36747.0,27382.0
20,2,5,0,36001.0,25379.0
21,2,5,0,32394.0,22666.0
22,2,5,0,29253.0,20168.0
23,2,5,0,26090.0,18761.0
0,3,5,1,24384.0,18208.0
1,3,5,1,23519.0,18156.0
2,3,5,1,23327.0,18825.0
3,3,5,1,23427.0,20861.0
4,3,5,1,24817.0,25168.0
5,3,5,1,27994.0,31354.0
6,3,5,1,33426.0,36276.0
7,3,5,1,37672.0,37681.0
8,3,5,1,38682.0,37685.0
9,3,5,1,38972.0,37417.0
10,3,5,1,38616.0,35328.0
11,3,5,1,35955.0,35621.0
12,3,5,1,35017.0,35709.0
13,3,5,1,35930.0,36409.0
14,3,5,1,36881.0,36427.0
15,3,5,1,36192.0,35539.0
16,3,5,1,34892.0,34657.0
17,3,5,1,34638.0,35721.0
18,3,5,1,35699.0,36747.0
19,3,5,1,37404.0,36001.0
20,3,5,1,36463.0,32394.0
21,3,5,1,32799.0,29253.0
22,3,5,1,29666.0,26090.0
23,3,5,1,26295.0,24384.0
0,4,5,2,24653.0,23519.0
1,4,5,2,23817.0,23327.0
2,4,5,2,23424.0,23427.0
3,4,5,2,23932.0,24817.0
4,4,5,2,25370.0,27994.0
5,4,5,2,28161.0,33426.0
6,4,5,2,33311.0,37672.0
7,4,5,2,37570.0,38682.0
8,4,5,2,38693.0,38972.0
9,4,5,2,38257.0,38616.0
10,4,5,2,38343.0,35955.0
11,4,5,2,36074.0,35017.0
12,4,5,2,35343.0,35930.0
13,4,5,2,36048.0,36881.0
14,4,5,2,37121.0,36192.0
15,4,5,2,36646.0,34892.0
16,4,5,2,35415.0,34638.0
17,4,5,2,34579.0,35699.0
18,4,5,2,35803.0,37404.0
19,4,5,2,37390.0,36463.0
20,4,5,2,36464.0,32799.0
21,4,5,2,32529.0,29666.0
22,4,5,2,29948.0,26295.0
23,4,5,2,26993.0,24653.0
0,5,5,3,25302.0,23817.0
1,5,5,3,24475.0,23424.0
2,5,5,3,24224.0,23932.0
3,5,5,3,24354.0,25370.0
4,5,5,3,25632.0,28161.0
5,5,5,3,28654.0,33311.0
6,5,5,3,34006.0,37570.0
7,5,5,3,37864.0,38693.0
8,5,5,3,38835.0,38257.0
9,5,5,3,38371.0,38343.0
10,5,5,3,38562.0,36074.0
11,5,5,3,36567.0,35343.0
12,5,5,3,36264.0,36048.0
13,5,5,3,36231.0,37121.0
14,5,5,3,36448.0,36646.0
15,5,5,3,35562.0,35415.0
16,5,5,3,34555.0,34579.0
17,5,5,3,33969.0,35803.0
18,5,5,3,35061.0,37390.0
19,5,5,3,36801.0,36464.0
20,5,5,3,36030.0,32529.0
21,5,5,3,32623.0,29948.0
22,5,5,3,29773.0,26993.0
23,5,5,3,27481.0,25302.0
0,6,5,4,25589.0,24475.0
1,6,5,4,24655.0,24224.0
2,6,5,4,24279.0,24354.0
3,6,5,4,24297.0,25632.0
4,6,5,4,25583.0,28654.0
5,6,5,4,28362.0,34006.0
6,6,5,4,33265.0,37864.0
7,6,5,4,36678.0,38835.0
8,6,5,4,37913.0,38371.0
9,6,5,4,37668.0,38562.0
10,6,5,4,37415.0,36567.0
11,6,5,4,35165.0,36264.0
12,6,5,4,34722.0,36231.0
13,6,5,4,34088.0,36448.0
14,6,5,4,34828.0,35562.0
15,6,5,4,34854.0,34555.0
16,6,5,4,34018.0,33969.0
17,6,5,4,33886.0,35061.0
18,6,5,4,35077.0,36801.0
19,6,5,4,36629.0,36030.0
20,6,5,4,35999.0,32623.0
21,6,5,4,32483.0,29773.0
22,6,5,4,29481.0,27481.0
23,6,5,4,26787.0,25589.0
0,7,5,5,24733.0,24655.0
1,7,5,5,23640.0,24279.0
2,7,5,5,23188.0,24297.0
3,7,5,5,23004.0,25583.0
4,7,5,5,22948.0,28362.0
5,7,5,5,23302.0,33265.0
6,7,5,5,26055.0,36678.0
7,7,5,5,28683.0,37913.0
8,7,5,5,29672.0,37668.0
9,7,5,5,29684.0,37415.0
10,7,5,5,28842.0,35165.0
11,7,5,5,27610.0,34722.0
12,7,5,5,26182.0,34088.0
13,7,5,5,26050.0,34828.0
14,7,5,5,26372.0,34854.0
15,7,5,5,26635.0,34018.0
16,7,5,5,27077.0,33886.0
17,7,5,5,28137.0,35077.0
18,7,5,5,29848.0,36629.0
19,7,5,5,31362.0,35999.0
20,7,5,5,30479.0,32483.0
21,7,5,5,27974.0,29481.0
22,7,5,5,25978.0,26787.0
23,7,5,5,23438.0,24733.0
0,8,5,6,21501.0,23640.0
1,8,5,6,20487.0,23188.0
2,8,5,6,19982.0,23004.0
3,8,5,6,19775.0,22948.0
4,8,5,6,19846.0,23302.0
5,8,5,6,19133.0,26055.0
6,8,5,6,20230.0,28683.0
7,8,5,6,22048.0,29672.0
8,8,5,6,23210.0,29684.0
9,8,5,6,23976.0,28842.0
10,8,5,6,24051.0,27610.0
11,8,5,6,23760.0,26182.0
12,8,5,6,22556.0,26050.0
13,8,5,6,22129.0,26372.0
14,8,5,6,22444.0,26635.0
15,8,5,6,22563.0,27077.0
16,8,5,6,23084.0,28137.0
17,8,5,6,24453.0,29848.0
18,8,5,6,26279.0,31362.0
19,8,5,6,28695.0,30479.0
20,8,5,6,28622.0,27974.0
21,8,5,6,26604.0,25978.0
22,8,5,6,24264.0,23438.0
23,8,5,6,22055.0,21501.0
0,9,5,0,20407.0,20487.0
1,9,5,0,19812.0,19982.0
2,9,5,0,19602.0,19775.0
3,9,5,0,20151.0,19846.0
4,9,5,0,21667.0,19133.0
5,9,5,0,25679.0,20230.0
6,9,5,0,31603.0,22048.0
7,9,5,0,36543.0,23210.0
8,9,5,0,37795.0,23976.0
9,9,5,0,37107.0,24051.0
10,9,5,0,36969.0,23760.0
11,9,5,0,35223.0,22556.0
12,9,5,0,35172.0,22129.0
13,9,5,0,35371.0,22444.0
14,9,5,0,35661.0,22563.0
15,9,5,0,35830.0,23084.0
16,9,5,0,35173.0,24453.0
17,9,5,0,34567.0,26279.0
18,9,5,0,35110.0,28695.0
19,9,5,0,36540.0,28622.0
20,9,5,0,35609.0,26604.0
21,9,5,0,31829.0,24264.0
22,9,5,0,28770.0,22055.0
23,9,5,0,26519.0,20407.0
0,10,5,1,24721.0,19812.0
1,10,5,1,23938.0,19602.0
2,10,5,1,23643.0,20151.0
3,10,5,1,23962.0,21667.0
4,10,5,1,25012.0,25679.0
5,10,5,1,28017.0,31603.0
6,10,5,1,33555.0,36543.0
7,10,5,1,38084.0,37795.0
8,10,5,1,39762.0,37107.0
9,10,5,1,39616.0,36969.0
10,10,5,1,39594.0,35223.0
11,10,5,1,36923.0,35172.0
12,10,5,1,36564.0,35371.0
13,10,5,1,36867.0,35661.0
14,10,5,1,37257.0,35830.0
15,10,5,1,37369.0,35173.0
16,10,5,1,36336.0,34567.0
17,10,5,1,35639.0,35110.0
18,10,5,1,36378.0,36540.0
19,10,5,1,37337.0,35609.0
20,10,5,1,36331.0,31829.0
21,10,5,1,32556.0,28770.0
22,10,5,1,29817.0,26519.0
23,10,5,1,26801.0,24721.0
0,11,5,2,24921.0,23938.0
1,11,5,2,24140.0,23643.0
2,11,5,2,23953.0,23962.0
3,11,5,2,24235.0,25012.0
4,11,5,2,25304.0,28017.0
5,11,5,2,28513.0,33555.0
6,11,5,2,34232.0,38084.0
7,11,5,2,39099.0,39762.0
8,11,5,2,40682.0,39616.0
9,11,5,2,40938.0,39594.0
10,11,5,2,41123.0,36923.0
11,11,5,2,37976.0,36564.0
12,11,5,2,37640.0,36867.0
13,11,5,2,38404.0,37257.0
14,11,5,2,39006.0,37369.0
15,11,5,2,39321.0,36336.0
16,11,5,2,38300.0,35639.0
17,11,5,2,36927.0,36378.0
18,11,5,2,37165.0,37337.0
19,11,5,2,37257.0,36331.0
20,11,5,2,36193.0,32556.0
21,11,5,2,32632.0,29817.0
22,11,5,2,29759.0,26801.0
23,11,5,2,26986.0,24921.0
0,12,5,3,25074.0,24140.0
1,12,5,3,24323.0,23953.0
2,12,5,3,24107.0,24235.0
3,12,5,3,24278.0,25304.0
4,12,5,3,25328.0,28513.0
5,12,5,3,28527.0,34232.0
6,12,5,3,33892.0,39099.0
7,12,5,3,38559.0,40682.0
8,12,5,3,40295.0,40938.0
9,12,5,3,40228.0,41123.0
10,12,5,3,39636.0,37976.0
11,12,5,3,36524.0,37640.0
12,12,5,3,35883.0,38404.0
13,12,5,3,37373.0,39006.0
14,12,5,3,37343.0,39321.0
15,12,5,3,36886.0,38300.0
16,12,5,3,35631.0,36927.0
17,12,5,3,34779.0,37165.0
18,12,5,3,35214.0,37257.0
19,12,5,3,36428.0,36193.0
20,12,5,3,35630.0,32632.0
21,12,5,3,32135.0,29759.0
22,12,5,3,28887.0,26986.0
23,12,5,3,26680.0,25074.0
0,13,5,4,24965.0,24323.0
1,13,5,4,24149.0,24107.0
2,13,5,4,23782.0,24278.0
3,13,5,4,24032.0,25328.0
4,13,5,4,24934.0,28527.0
5,13,5,4,27727.0,33892.0
6,13,5,4,32757.0,38559.0
7,13,5,4,37089.0,40295.0
8,13,5,4,38572.0,40228.0
9,13,5,4,39160.0,39636.0
10,13,5,4,38252.0,36524.0
11,13,5,4,35811.0,35883.0
12,13,5,4,35508.0,37373.0
13,13,5,4,37374.0,37343.0
14,13,5,4,36602.0,36886.0
15,13,5,4,35583.0,35631.0
16,13,5,4,34707.0,34779.0
17,13,5,4,34267.0,35214.0
18,13,5,4,35002.0,36428.0
19,13,5,4,35894.0,35630.0
20,13,5,4,35223.0,32135.0
21,13,5,4,31840.0,28887.0
22,13,5,4,28840.0,26680.0
23,13,5,4,26205.0,24965.0
0,14,5,5,24331.0,24149.0
1,14,5,5,23407.0,23782.0
2,14,5,5,22930.0,24032.0
3,14,5,5,22696.0,24934.0
4,14,5,5,22717.0,27727.0
5,14,5,5,23173.0,32757.0
6,14,5,5,26358.0,37089.0
7,14,5,5,28999.0,38572.0
8,14,5,5,30300.0,39160.0
9,14,5,5,30299.0,38252.0
10,14,5,5,29565.0,35811.0
11,14,5,5,28132.0,35508.0
12,14,5,5,27054.0,37374.0
13,14,5,5,26888.0,36602.0
14,14,5,5,26841.0,35583.0
15,14,5,5,26949.0,34707.0
16,14,5,5,27959.0,34267.0
17,14,5,5,29037.0,35002.0
18,14,5,5,30133.0,35894.0
19,14,5,5,31145.0,35223.0
20,14,5,5,30808.0,31840.0
21,14,5,5,28454.0,28840.0
22,14,5,5,25992.0,26205.0
23,14,5,5,23477.0,24331.0
0,15,5,6,21713.0,23407.0
1,15,5,6,20588.0,22930.0
2,15,5,6,20013.0,22696.0
3,15,5,6,20119.0,22717.0
4,15,5,6,19962.0,23173.0
5,15,5,6,19356.0,26358.0
6,15,5,6,20204.0,28999.0
7,15,5,6,22197.0,30300.0
8,15,5,6,23829.0,30299.0
9,15,5,6,24073.0,29565.0
10,15,5,6,24223.0,28132.0
11,15,5,6,24890.0,27054.0
12,15,5,6,23809.0,26888.0
13,15,5,6,22843.0,26841.0
14,15,5,6,22492.0,26949.0
15,15,5,6,22234.0,27959.0
16,15,5,6,22710.0,29037.0
17,15,5,6,24515.0,30133.0
18,15,5,6,26367.0,31145.0
19,15,5,6,28232.0,30808.0
20,15,5,6,28964.0,28454.0
21,15,5,6,27147.0,25992.0
22,15,5,6,24324.0,23477.0
23,15,5,6,22046.0,21713.0
0,16,5,0,20536.0,20588.0
1,16,5,0,19882.0,20013.0
2,16,5,0,19663.0,20119.0
3,16,5,0,20161.0,19962.0
4,16,5,0,21522.0,19356.0
5,16,5,0,25191.0,20204.0
6,16,5,0,30967.0,22197.0
7,16,5,0,35800.0,23829.0
8,16,5,0,36992.0,24073.0
9,16,5,0,36715.0,24223.0
10,16,5,0,36222.0,24890.0
11,16,5,0,34570.0,23809.0
12,16,5,0,35140.0,22843.0
13,16,5,0,35963.0,22492.0
14,16,5,0,35944.0,22234.0
15,16,5,0,35155.0,22710.0
16,16,5,0,34379.0,24515.0
17,16,5,0,33895.0,26367.0
18,16,5,0,34733.0,28232.0
19,16,5,0,35438.0,28964.0
20,16,5,0,35394.0,27147.0
21,16,5,0,32191.0,24324.0
22,16,5,0,29250.0,22046.0
23,16,5,0,25953.0,20536.0
0,17,5,1,24483.0,19882.0
1,17,5,1,23680.0,19663.0
2,17,5,1,23436.0,20161.0
3,17,5,1,23680.0,21522.0
4,17,5,1,24443.0,25191.0
5,17,5,1,27234.0,30967.0
6,17,5,1,32440.0,35800.0
7,17,5,1,36341.0,36992.0
8,17,5,1,37675.0,36715.0
9,17,5,1,37724.0,36222.0
10,17,5,1,37051.0,34570.0
11,17,5,1,34138.0,35140.0
12,17,5,1,34314.0,35963.0
13,17,5,1,35805.0,35944.0
14,17,5,1,35858.0,35155.0
15,17,5,1,35754.0,34379.0
16,17,5,1,34882.0,33895.0
17,17,5,1,34614.0,34733.0
18,17,5,1,35509.0,35438.0
19,17,5,1,36316.0,35394.0
20,17,5,1,36464.0,32191.0
21,17,5,1,32834.0,29250.0
22,17,5,1,29584.0,25953.0
23,17,5,1,26792.0,24483.0
0,18,5,2,24874.0,23680.0
1,18,5,2,23899.0,23436.0
2,18,5,2,23598.0,23680.0
3,18,5,2,23843.0,24443.0
4,18,5,2,24583.0,27234.0
5,18,5,2,27375.0,32440.0
6,18,5,2,32774.0,36341.0
7,18,5,2,36660.0,37675.0
8,18,5,2,37500.0,37724.0
9,18,5,2,37562.0,37051.0
10,18,5,2,37468.0,34138.0
11,18,5,2,35169.0,34314.0
12,18,5,2,35533.0,35805.0
13,18,5,2,37193.0,35858.0
14,18,5,2,37116.0,35754.0
15,18,5,2,37386.0,34882.0
16,18,5,2,36396.0,34614.0
17,18,5,2,35676.0,35509.0
18,18,5,2,36252.0,36316.0
19,18,5,2,37070.0,36464.0
20,18,5,2,36501.0,32834.0
21,18,5,2,33273.0,29584.0
22,18,5,2,30481.0,26792.0
23,18,5,2,27177.0,24874.0
0,19,5,3,25506.0,23899.0
1,19,5,3,24582.0,23598.0
2,19,5,3,24245.0,23843.0
3,19,5,3,24561.0,24583.0
4,19,5,3,25281.0,27375.0
5,19,5,3,28320.0,32774.0
6,19,5,3,34174.0,36660.0
7,19,5,3,38429.0,37500.0
8,19,5,3,39934.0,37562.0
9,19,5,3,40377.0,37468.0
10,19,5,3,40947.0,35169.0
11,19,5,3,38799.0,35533.0
12,19,5,3,37572.0,37193.0
13,19,5,3,38480.0,37116.0
14,19,5,3,38590.0,37386.0
15,19,5,3,38650.0,36396.0
16,19,5,3,37748.0,35676.0
17,19,5,3,36839.0,36252.0
18,19,5,3,36616.0,37070.0
19,19,5,3,36957.0,36501.0
20,19,5,3,35975.0,33273.0
21,19,5,3,32629.0,30481.0
22,19,5,3,29814.0,27177.0
23,19,5,3,26932.0,25506.0
0,20,5,4,25079.0,24582.0
1,20,5,4,24104.0,24245.0
2,20,5,4,23711.0,24561.0
3,20,5,4,24036.0,25281.0
4,20,5,4,24823.0,28320.0
5,20,5,4,27872.0,34174.0
6,20,5,4,33372.0,38429.0
7,20,5,4,37823.0,39934.0
8,20,5,4,38917.0,40377.0
9,20,5,4,39051.0,40947.0
10,20,5,4,38942.0,38799.0
11,20,5,4,36450.0,37572.0
12,20,5,4,35816.0,38480.0
13,20,5,4,36670.0,38590.0
14,20,5,4,36321.0,38650.0
15,20,5,4,36136.0,37748.0
16,20,5,4,35313.0,36839.0
17,20,5,4,34443.0,36616.0
18,20,5,4,34832.0,36957.0
19,20,5,4,35777.0,35975.0
20,20,5,4,35458.0,32629.0
21,20,5,4,32494.0,29814.0
22,20,5,4,29485.0,26932.0
23,20,5,4,26310.0,25079.0
0,21,5,5,24526.0,24104.0
1,21,5,5,23445.0,23711.0
2,21,5,5,22905.0,24036.0
3,21,5,5,22654.0,24823.0
4,21,5,5,22239.0,27872.0
5,21,5,5,22742.0,33372.0
6,21,5,5,25913.0,37823.0
7,21,5,5,28972.0,38917.0
8,21,5,5,30182.0,39051.0
9,21,5,5,30016.0,38942.0
10,21,5,5,29372.0,36450.0
11,21,5,5,27997.0,35816.0
12,21,5,5,26759.0,36670.0
13,21,5,5,26721.0,36321.0
14,21,5,5,25823.0,36136.0
15,21,5,5,25946.0,35313.0
16,21,5,5,26554.0,34443.0
17,21,5,5,27627.0,34832.0
18,21,5,5,28694.0,35777.0
19,21,5,5,29671.0,35458.0
20,21,5,5,29969.0,32494.0
21,21,5,5,28050.0,29485.0
22,21,5,5,25934.0,26310.0
23,21,5,5,23528.0,24526.0
0,22,5,6,21628.0,23445.0
1,22,5,6,20581.0,22905.0
2,22,5,6,19933.0,22654.0
3,22,5,6,19775.0,22239.0
4,22,5,6,19346.0,22742.0
5,22,5,6,18785.0,25913.0
6,22,5,6,20190.0,28972.0
7,22,5,6,22080.0,30182.0
8,22,5,6,23250.0,30016.0
9,22,5,6,23780.0,29372.0
10,22,5,6,24044.0,27997.0
11,22,5,6,23687.0,26759.0
12,22,5,6,22350.0,26721.0
13,22,5,6,22196.0,25823.0
14,22,5,6,21894.0,25946.0
15,22,5,6,22129.0,26554.0
16,22,5,6,23170.0,27627.0
17,22,5,6,24506.0,28694.0
18,22,5,6,26316.0,29671.0
19,22,5,6,27508.0,29969.0
20,22,5,6,28811.0,28050.0
21,22,5,6,27191.0,25934.0
22,22,5,6,24868.0,23528.0
23,22,5,6,22218.0,21628.0
0,23,5,0,20641.0,20581.0
1,23,5,0,20153.0,19933.0
2,23,5,0,20103.0,19775.0
3,23,5,0,20549.0,19346.0
4,23,5,0,21780.0,18785.0
5,23,5,0,25506.0,20190.0
6,23,5,0,31147.0,22080.0
7,23,5,0,35893.0,23250.0
8,23,5,0,37732.0,23780.0
9,23,5,0,37960.0,24044.0
10,23,5,0,38569.0,23687.0
11,23,5,0,35502.0,22350.0
12,23,5,0,35217.0,22196.0
13,23,5,0,36897.0,21894.0
14,23,5,0,36814.0,22129.0
15,23,5,0,36441.0,23170.0
16,23,5,0,35305.0,24506.0
17,23,5,0,34223.0,26316.0
18,23,5,0,34423.0,27508.0
19,23,5,0,34994.0,28811.0
20,23,5,0,34802.0,27191.0
21,23,5,0,31581.0,24868.0
22,23,5,0,28578.0,22218.0
23,23,5,0,25834.0,20641.0
0,24,5,1,24239.0,20153.0
1,24,5,1,23321.0,20103.0
2,24,5,1,22879.0,20549.0
3,24,5,1,23308.0,21780.0
4,24,5,1,23828.0,25506.0
5,24,5,1,26996.0,31147.0
6,24,5,1,32616.0,35893.0
7,24,5,1,36669.0,37732.0
8,24,5,1,37926.0,37960.0
9,24,5,1,37990.0,38569.0
10,24,5,1,37528.0,35502.0
11,24,5,1,35421.0,35217.0
12,24,5,1,34691.0,36897.0
13,24,5,1,36596.0,36814.0
14,24,5,1,36031.0,36441.0
15,24,5,1,36380.0,35305.0
16,24,5,1,35045.0,34223.0
17,24,5,1,34064.0,34423.0
18,24,5,1,34800.0,34994.0
19,24,5,1,35460.0,34802.0
20,24,5,1,35498.0,31581.0
21,24,5,1,32066.0,28578.0
22,24,5,1,29118.0,25834.0
23,24,5,1,26209.0,24239.0
0,25,5,2,24520.0,23321.0
1,25,5,2,23661.0,22879.0
2,25,5,2,23402.0,23308.0
3,25,5,2,23589.0,23828.0
4,25,5,2,24138.0,26996.0
5,25,5,2,27055.0,32616.0
6,25,5,2,32373.0,36669.0
7,25,5,2,36528.0,37926.0
8,25,5,2,37164.0,37990.0
9,25,5,2,37018.0,37528.0
10,25,5,2,37048.0,35421.0
11,25,5,2,34659.0,34691.0
12,25,5,2,34581.0,36596.0
13,25,5,2,35809.0,36031.0
14,25,5,2,36058.0,36380.0
15,25,5,2,36323.0,35045.0
16,25,5,2,35421.0,34064.0
17,25,5,2,34633.0,34800.0
18,25,5,2,35388.0,35460.0
19,25,5,2,35827.0,35498.0
20,25,5,2,35798.0,32066.0
21,25,5,2,32838.0,29118.0
22,25,5,2,29777.0,26209.0
23,25,5,2,26864.0,24520.0
0,26,5,3,25004.0,23661.0
1,26,5,3,24057.0,23402.0
2,26,5,3,23813.0,23589.0
3,26,5,3,23967.0,24138.0
4,26,5,3,24534.0,27055.0
5,26,5,3,27080.0,32373.0
6,26,5,3,32324.0,36528.0
7,26,5,3,36542.0,37164.0
8,26,5,3,37607.0,37018.0
9,26,5,3,37548.0,37048.0
10,26,5,3,37502.0,34659.0
11,26,5,3,35377.0,34581.0
12,26,5,3,35105.0,35809.0
13,26,5,3,36313.0,36058.0
14,26,5,3,36521.0,36323.0
15,26,5,3,36670.0,35421.0
16,26,5,3,36130.0,34633.0
17,26,5,3,35351.0,35388.0
18,26,5,3,35889.0,35827.0
19,26,5,3,36057.0,35798.0
20,26,5,3,36181.0,32838.0
21,26,5,3,33118.0,29777.0
22,26,5,3,30286.0,26864.0
23,26,5,3,27055.0,25004.0
0,27,5,4,25380.0,24057.0
1,27,5,4,24434.0,23813.0
2,27,5,4,24280.0,23967.0
3,27,5,4,24402.0,24534.0
4,27,5,4,25025.0,27080.0
5,27,5,4,27789.0,32324.0
6,27,5,4,33100.0,36542.0
7,27,5,4,36946.0,37607.0
8,27,5,4,38218.0,37548.0
9,27,5,4,38366.0,37502.0
10,27,5,4,38102.0,35377.0
11,27,5,4,36171.0,35105.0
12,27,5,4,35740.0,36313.0
13,27,5,4,36740.0,36521.0
14,27,5,4,37066.0,36670.0
15,27,5,4,37466.0,36130.0
16,27,5,4,36802.0,35351.0
17,27,5,4,36146.0,35889.0
18,27,5,4,36129.0,36057.0
19,27,5,4,36168.0,36181.0
20,27,5,4,36158.0,33118.0
21,27,5,4,33064.0,30286.0
22,27,5,4,30028.0,27055.0
23,27,5,4,27305.0,25380.0
0,28,5,5,25475.0,24434.0
1,28,5,5,24129.0,24280.0
2,28,5,5,23706.0,24402.0
3,28,5,5,23444.0,25025.0
4,28,5,5,22845.0,27789.0
5,28,5,5,23728.0,33100.0
6,28,5,5,26842.0,36946.0
7,28,5,5,29624.0,38218.0
8,28,5,5,31058.0,38366.0
9,28,5,5,30893.0,38102.0
10,28,5,5,30212.0,36171.0
11,28,5,5,28823.0,35740.0
12,28,5,5,27522.0,36740.0
13,28,5,5,27027.0,37066.0
14,28,5,5,27400.0,37466.0
15,28,5,5,27797.0,36802.0
16,28,5,5,28579.0,36146.0
17,28,5,5,29468.0,36129.0
18,28,5,5,30537.0,36168.0
19,28,5,5,31014.0,36158.0
20,28,5,5,31111.0,33064.0
21,28,5,5,29009.0,30028.0
22,28,5,5,26774.0,27305.0
23,28,5,5,24564.0,25475.0
0,29,5,6,22784.0,24129.0
1,29,5,6,21702.0,23706.0
2,29,5,6,21230.0,23444.0
3,29,5,6,21261.0,22845.0
4,29,5,6,20744.0,23728.0
5,29,5,6,20301.0,26842.0
6,29,5,6,21622.0,29624.0
7,29,5,6,23737.0,31058.0
8,29,5,6,25398.0,30893.0
9,29,5,6,26213.0,30212.0
10,29,5,6,26673.0,28823.0
11,29,5,6,26692.0,27522.0
12,29,5,6,24983.0,27027.0
13,29,5,6,23906.0,27400.0
14,29,5,6,22852.0,27797.0
15,29,5,6,23601.0,28579.0
16,29,5,6,24611.0,29468.0
17,29,5,6,25786.0,30537.0
18,29,5,6,27159.0,31014.0
19,29,5,6,28303.0,31111.0
20,29,5,6,29308.0,29009.0
21,29,5,6,27470.0,26774.0
22,29,5,6,24958.0,24564.0
23,29,5,6,22711.0,22784.0
0,30,5,0,21334.0,21702.0
1,30,5,0,20791.0,21230.0
2,30,5,0,20590.0,21261.0
3,30,5,0,21052.0,20744.0
4,30,5,0,22076.0,20301.0
5,30,5,0,25846.0,21622.0
6,30,5,0,31730.0,23737.0
7,30,5,0,36679.0,25398.0
8,30,5,0,38382.0,26213.0
9,30,5,0,38033.0,26673.0
10,30,5,0,38692.0,26692.0
11,30,5,0,36344.0,24983.0
12,30,5,0,35833.0,23906.0
13,30,5,0,36372.0,22852.0
14,30,5,0,36993.0,23601.0
15,30,5,0,36831.0,24611.0
16,30,5,0,35492.0,25786.0
17,30,5,0,34531.0,27159.0
18,30,5,0,34729.0,28303.0
19,30,5,0,35014.0,29308.0
20,30,5,0,35037.0,27470.0
21,30,5,0,31598.0,24958.0
22,30,5,0,28537.0,22711.0
23,30,5,0,26274.0,21334.0
0,31,5,1,24588.0,20791.0
1,31,5,1,23653.0,20590.0
2,31,5,1,23340.0,21052.0
3,31,5,1,23686.0,22076.0
4,31,5,1,23994.0,25846.0
5,31,5,1,27015.0,31730.0
6,31,5,1,32830.0,36679.0
7,31,5,1,37143.0,38382.0
8,31,5,1,38685.0,38033.0
9,31,5,1,38580.0,38692.0
10,31,5,1,38973.0,36344.0
11,31,5,1,36357.0,35833.0
12,31,5,1,36372.0,36372.0
13,31,5,1,37043.0,36993.0
14,31,5,1,37816.0,36831.0
15,31,5,1,37613.0,35492.0
16,31,5,1,36884.0,34531.0
17,31,5,1,35380.0,34729.0
18,31,5,1,35226.0,35014.0
19,31,5,1,35447.0,35037.0
20,31,5,1,35456.0,31598.0
21,31,5,1,32634.0,28537.0
22,31,5,1,29817.0,26274.0
23,31,5,1,26664.0,24588.0
0,1,6,2,24913.0,23653.0
1,1,6,2,24004.0,23340.0
2,1,6,2,23817.0,23686.0
3,1,6,2,24046.0,23994.0
4,1,6,2,24569.0,27015.0
5,1,6,2,27667.0,32830.0
6,1,6,2,32576.0,37143.0
7,1,6,2,37075.0,38685.0
8,1,6,2,38425.0,38580.0
9,1,6,2,38631.0,38973.0
10,1,6,2,38463.0,36357.0
11,1,6,2,36555.0,36372.0
12,1,6,2,36759.0,37043.0
13,1,6,2,38553.0,37816.0
14,1,6,2,38102.0,37613.0
15,1,6,2,37942.0,36884.0
16,1,6,2,35942.0,35380.0
17,1,6,2,34980.0,35226.0
18,1,6,2,35081.0,35447.0
19,1,6,2,34888.0,35456.0
20,1,6,2,34605.0,32634.0
21,1,6,2,31445.0,29817.0
22,1,6,2,28723.0,26664.0
23,1,6,2,25515.0,24913.0
0,2,6,3,23777.0,24004.0
1,2,6,3,22784.0,23817.0
2,2,6,3,22240.0,24046.0
3,2,6,3,21741.0,24569.0
4,2,6,3,20926.0,27667.0
5,2,6,3,20072.0,32576.0
6,2,6,3,21907.0,37075.0
7,2,6,3,23543.0,38425.0
8,2,6,3,24733.0,38631.0
9,2,6,3,25648.0,38463.0
10,2,6,3,25517.0,36555.0
11,2,6,3,25562.0,36759.0
12,2,6,3,24023.0,38553.0
13,2,6,3,23924.0,38102.0
14,2,6,3,23387.0,37942.0
15,2,6,3,23562.0,35942.0
16,2,6,3,23923.0,34980.0
17,2,6,3,24796.0,35081.0
18,2,6,3,26325.0,34888.0
19,2,6,3,27508.0,34605.0
20,2,6,3,28788.0,31445.0
21,2,6,3,27362.0,28723.0
22,2,6,3,24599.0,25515.0
23,2,6,3,22557.0,23777.0
0,3,6,4,21070.0,22784.0
1,3,6,4,20242.0,22240.0
2,3,6,4,20094.0,21741.0
3,3,6,4,20273.0,20926.0
4,3,6,4,20923.0,20072.0
5,3,6,4,22932.0,21907.0
6,3,6,4,26933.0,23543.0
7,3,6,4,29922.0,24733.0
8,3,6,4,31314.0,25648.0
9,3,6,4,31412.0,25517.0
10,3,6,4,31264.0,25562.0
11,3,6,4,30743.0,24023.0
12,3,6,4,30259.0,23924.0
13,3,6,4,30771.0,23387.0
14,3,6,4,31142.0,23562.0
15,3,6,4,31014.0,23923.0
16,3,6,4,31610.0,24796.0
17,3,6,4,31718.0,26325.0
18,3,6,4,32116.0,27508.0
19,3,6,4,32261.0,28788.0
20,3,6,4,32569.0,27362.0
21,3,6,4,30260.0,24599.0
22,3,6,4,27652.0,22557.0
23,3,6,4,24689.0,21070.0
0,4,6,5,22926.0,20242.0
1,4,6,5,21828.0,20094.0
2,4,6,5,21426.0,20273.0
3,4,6,5,21497.0,20923.0
4,4,6,5,21140.0,22932.0
5,4,6,5,21954.0,26933.0
6,4,6,5,24835.0,29922.0
7,4,6,5,27358.0,31314.0
8,4,6,5,28992.0,31412.0
9,4,6,5,29032.0,31264.0
10,4,6,5,29374.0,30743.0
11,4,6,5,28512.0,30259.0
12,4,6,5,26781.0,30771.0
13,4,6,5,26387.0,31142.0
14,4,6,5,25947.0,31014.0
15,4,6,5,26294.0,31610.0
16,4,6,5,27189.0,31718.0
17,4,6,5,28343.0,32116.0
18,4,6,5,29285.0,32261.0
19,4,6,5,29333.0,32569.0
20,4,6,5,29833.0,30260.0
21,4,6,5,28026.0,27652.0
22,4,6,5,26010.0,24689.0
23,4,6,5,23348.0,22926.0
0,5,6,6,21642.0,21828.0
1,5,6,6,20600.0,21426.0
2,5,6,6,20120.0,21497.0
3,5,6,6,19980.0,21140.0
4,5,6,6,19365.0,21954.0
5,5,6,6,19152.0,24835.0
6,5,6,6,20440.0,27358.0
7,5,6,6,22136.0,28992.0
8,5,6,6,23697.0,29032.0
9,5,6,6,24463.0,29374.0
10,5,6,6,24431.0,28512.0
11,5,6,6,24429.0,26781.0
12,5,6,6,23045.0,26387.0
13,5,6,6,23286.0,25947.0
14,5,6,6,22406.0,26294.0
15,5,6,6,22738.0,27189.0
16,5,6,6,23792.0,28343.0
17,5,6,6,24913.0,29285.0
18,5,6,6,26240.0,29333.0
19,5,6,6,27343.0,29833.0
20,5,6,6,28723.0,28026.0
21,5,6,6,27294.0,26010.0
22,5,6,6,24887.0,23348.0
23,5,6,6,22560.0,21642.0
0,6,6,0,21024.0,20600.0
1,6,6,0,20263.0,20120.0
2,6,6,0,19958.0,19980.0
3,6,6,0,20411.0,19365.0
4,6,6,0,21103.0,19152.0
5,6,6,0,25131.0,20440.0
6,6,6,0,30858.0,22136.0
7,6,6,0,35818.0,23697.0
8,6,6,0,37307.0,24463.0
9,6,6,0,37753.0,24431.0
10,6,6,0,38186.0,24429.0
11,6,6,0,35618.0,23045.0
12,6,6,0,35282.0,23286.0
13,6,6,0,36224.0,22406.0
14,6,6,0,36842.0,22738.0
15,6,6,0,36830.0,23792.0
16,6,6,0,35680.0,24913.0
17,6,6,0,35204.0,26240.0
18,6,6,0,35774.0,27343.0
19,6,6,0,35779.0,28723.0
20,6,6,0,36072.0,27294.0
21,6,6,0,33345.0,24887.0
22,6,6,0,30242.0,22560.0
23,6,6,0,27284.0,21024.0
0,7,6,1,25436.0,20263.0
1,7,6,1,24561.0,19958.0
2,7,6,1,24253.0,20411.0
3,7,6,1,24475.0,21103.0
4,7,6,1,24685.0,25131.0
5,7,6,1,27782.0,30858.0
6,7,6,1,33004.0,35818.0
7,7,6,1,37621.0,37307.0
8,7,6,1,39103.0,37753.0
9,7,6,1,39160.0,38186.0
10,7,6,1,38890.0,35618.0
11,7,6,1,37378.0,35282.0
12,7,6,1,37368.0,36224.0
13,7,6,1,38838.0,36842.0
14,7,6,1,39865.0,36830.0
15,7,6,1,40039.0,35680.0
16,7,6,1,39079.0,35204.0
17,7,6,1,38109.0,35774.0
18,7,6,1,37864.0,35779.0
19,7,6,1,37494.0,36072.0
20,7,6,1,37400.0,33345.0
21,7,6,1,34472.0,30242.0
22,7,6,1,31226.0,27284.0
23,7,6,1,28429.0,25436.0
0,8,6,2,26448.0,24561.0
1,8,6,2,25458.0,24253.0
2,8,6,2,24986.0,24475.0
3,8,6,2,25217.0,24685.0
4,8,6,2,25471.0,27782.0
5,8,6,2,28508.0,33004.0
6,8,6,2,33898.0,37621.0
7,8,6,2,38580.0,39103.0
8,8,6,2,40131.0,39160.0
9,8,6,2,40164.0,38890.0
10,8,6,2,40462.0,37378.0
11,8,6,2,38317.0,37368.0
12,8,6,2,38410.0,38838.0
13,8,6,2,39352.0,39865.0
14,8,6,2,40673.0,40039.0
15,8,6,2,40865.0,39079.0
16,8,6,2,40121.0,38109.0
17,8,6,2,39242.0,37864.0
18,8,6,2,38640.0,37494.0
19,8,6,2,37733.0,37400.0
20,8,6,2,37084.0,34472.0
21,8,6,2,33964.0,31226.0
22,8,6,2,30853.0,28429.0
23,8,6,2,28071.0,26448.0
0,9,6,3,26183.0,25458.0
1,9,6,3,24918.0,24986.0
2,9,6,3,24357.0,25217.0
3,9,6,3,24384.0,25471.0
4,9,6,3,24678.0,28508.0
5,9,6,3,27417.0,33898.0
6,9,6,3,32895.0,38580.0
7,9,6,3,37829.0,40131.0
8,9,6,3,39685.0,40164.0
9,9,6,3,39440.0,40462.0
10,9,6,3,39163.0,38317.0
11,9,6,3,37308.0,38410.0
12,9,6,3,37168.0,39352.0
13,9,6,3,38179.0,40673.0
14,9,6,3,38981.0,40865.0
15,9,6,3,39337.0,40121.0
16,9,6,3,38919.0,39242.0
17,9,6,3,37398.0,38640.0
18,9,6,3,36380.0,37733.0
19,9,6,3,35660.0,37084.0
20,9,6,3,35433.0,33964.0
21,9,6,3,32868.0,30853.0
22,9,6,3,29789.0,28071.0
23,9,6,3,27023.0,26183.0
0,10,6,4,25220.0,24918.0
1,10,6,4,24297.0,24357.0
2,10,6,4,23860.0,24384.0
3,10,6,4,23965.0,24678.0
4,10,6,4,24367.0,27417.0
5,10,6,4,27764.0,32895.0
6,10,6,4,32920.0,37829.0
7,10,6,4,37598.0,39685.0
8,10,6,4,38735.0,39440.0
9,10,6,4,38951.0,39163.0
10,10,6,4,39351.0,37308.0
11,10,6,4,37528.0,37168.0
12,10,6,4,36804.0,38179.0
13,10,6,4,37984.0,38981.0
14,10,6,4,37968.0,39337.0
15,10,6,4,37907.0,38919.0
16,10,6,4,37481.0,37398.0
17,10,6,4,37210.0,36380.0
18,10,6,4,36900.0,35660.0
19,10,6,4,36546.0,35433.0
20,10,6,4,36429.0,32868.0
21,10,6,4,33792.0,29789.0
22,10,6,4,30860.0,27023.0
23,10,6,4,28075.0,25220.0
0,11,6,5,26010.0,24297.0
1,11,6,5,24881.0,23860.0
2,11,6,5,24288.0,23965.0
3,11,6,5,23920.0,24367.0
4,11,6,5,23240.0,27764.0
5,11,6,5,23994.0,32920.0
6,11,6,5,27044.0,37598.0
7,11,6,5,29721.0,38735.0
8,11,6,5,31600.0,38951.0
9,11,6,5,32138.0,39351.0
10,11,6,5,31804.0,37528.0
11,11,6,5,30338.0,36804.0
12,11,6,5,29568.0,37984.0
13,11,6,5,28879.0,37968.0
14,11,6,5,28533.0,37907.0
15,11,6,5,28767.0,37481.0
16,11,6,5,29267.0,37210.0
17,11,6,5,30126.0,36900.0
18,11,6,5,30885.0,36546.0
19,11,6,5,30935.0,36429.0
20,11,6,5,31087.0,33792.0
21,11,6,5,29361.0,30860.0
22,11,6,5,27018.0,28075.0
23,11,6,5,24950.0,26010.0
0,12,6,6,23258.0,24881.0
1,12,6,6,22240.0,24288.0
2,12,6,6,21553.0,23920.0
3,12,6,6,21243.0,23240.0
4,12,6,6,20587.0,23994.0
5,12,6,6,20369.0,27044.0
6,12,6,6,21596.0,29721.0
7,12,6,6,23307.0,31600.0
8,12,6,6,24905.0,32138.0
9,12,6,6,26411.0,31804.0
10,12,6,6,26933.0,30338.0
11,12,6,6,25953.0,29568.0
12,12,6,6,24106.0,28879.0
13,12,6,6,24275.0,28533.0
14,12,6,6,23992.0,28767.0
15,12,6,6,24646.0,29267.0
16,12,6,6,25216.0,30126.0
17,12,6,6,25853.0,30885.0
18,12,6,6,27056.0,30935.0
19,12,6,6,28046.0,31087.0
20,12,6,6,29146.0,29361.0
21,12,6,6,28044.0,27018.0
22,12,6,6,25687.0,24950.0
23,12,6,6,23309.0,23258.0
0,13,6,0,21846.0,22240.0
1,13,6,0,21098.0,21553.0
2,13,6,0,20719.0,21243.0
3,13,6,0,21157.0,20587.0
4,13,6,0,22231.0,20369.0
5,13,6,0,26106.0,21596.0
6,13,6,0,31865.0,23307.0
7,13,6,0,36997.0,24905.0
8,13,6,0,38268.0,26411.0
9,13,6,0,38817.0,26933.0
10,13,6,0,38698.0,25953.0
11,13,6,0,36912.0,24106.0
12,13,6,0,37186.0,24275.0
13,13,6,0,39157.0,23992.0
14,13,6,0,39230.0,24646.0
15,13,6,0,39155.0,25216.0
16,13,6,0,38494.0,25853.0
17,13,6,0,37188.0,27056.0
18,13,6,0,36913.0,28046.0
19,13,6,0,36546.0,29146.0
20,13,6,0,36125.0,28044.0
21,13,6,0,33399.0,25687.0
22,13,6,0,30789.0,23309.0
23,13,6,0,27991.0,21846.0
0,14,6,1,26078.0,21098.0
1,14,6,1,25201.0,20719.0
2,14,6,1,25054.0,21157.0
3,14,6,1,25177.0,22231.0
4,14,6,1,25331.0,26106.0
5,14,6,1,28414.0,31865.0
6,14,6,1,33804.0,36997.0
7,14,6,1,38701.0,38268.0
8,14,6,1,40817.0,38817.0
9,14,6,1,40952.0,38698.0
10,14,6,1,40883.0,36912.0
11,14,6,1,38296.0,37186.0
12,14,6,1,38248.0,39157.0
13,14,6,1,39687.0,39230.0
14,14,6,1,40185.0,39155.0
15,14,6,1,40310.0,38494.0
16,14,6,1,39251.0,37188.0
17,14,6,1,37894.0,36913.0
18,14,6,1,37812.0,36546.0
19,14,6,1,37406.0,36125.0
20,14,6,1,37311.0,33399.0
21,14,6,1,34360.0,30789.0
22,14,6,1,31085.0,27991.0
23,14,6,1,28644.0,26078.0
0,15,6,2,26966.0,25201.0
1,15,6,2,25854.0,25054.0
2,15,6,2,25528.0,25177.0
3,15,6,2,25676.0,25331.0
4,15,6,2,26092.0,28414.0
5,15,6,2,29067.0,33804.0
6,15,6,2,33998.0,38701.0
7,15,6,2,38389.0,40817.0
8,15,6,2,39807.0,40952.0
9,15,6,2,39975.0,40883.0
10,15,6,2,39750.0,38296.0
11,15,6,2,37805.0,38248.0
12,15,6,2,37555.0,39687.0
13,15,6,2,38561.0,40185.0
14,15,6,2,38848.0,40310.0
15,15,6,2,39143.0,39251.0
16,15,6,2,38543.0,37894.0
17,15,6,2,37889.0,37812.0
18,15,6,2,37864.0,37406.0
19,15,6,2,37266.0,37311.0
20,15,6,2,37293.0,34360.0
21,15,6,2,34668.0,31085.0
22,15,6,2,31563.0,28644.0
23,15,6,2,28782.0,26966.0
0,16,6,3,26955.0,25854.0
1,16,6,3,25872.0,25528.0
2,16,6,3,25429.0,25676.0
3,16,6,3,25683.0,26092.0
4,16,6,3,26138.0,29067.0
5,16,6,3,29228.0,33998.0
6,16,6,3,34205.0,38389.0
7,16,6,3,39310.0,39807.0
8,16,6,3,40874.0,39975.0
9,16,6,3,41139.0,39750.0
10,16,6,3,40973.0,37805.0
11,16,6,3,39137.0,37555.0
12,16,6,3,39442.0,38561.0
13,16,6,3,40321.0,38848.0
14,16,6,3,41003.0,39143.0
15,16,6,3,41200.0,38543.0
16,16,6,3,40400.0,37889.0
17,16,6,3,39176.0,37864.0
18,16,6,3,38944.0,37266.0
19,16,6,3,38168.0,37293.0
20,16,6,3,38025.0,34668.0
21,16,6,3,35473.0,31563.0
22,16,6,3,32249.0,28782.0
23,16,6,3,29147.0,26955.0
0,17,6,4,27420.0,25872.0
1,17,6,4,26415.0,25429.0
2,17,6,4,26020.0,25683.0
3,17,6,4,26036.0,26138.0
4,17,6,4,26077.0,29228.0
5,17,6,4,29073.0,34205.0
6,17,6,4,33832.0,39310.0
7,17,6,4,38314.0,40874.0
8,17,6,4,39863.0,41139.0
9,17,6,4,40044.0,40973.0
10,17,6,4,39844.0,39137.0
11,17,6,4,38102.0,39442.0
12,17,6,4,37298.0,40321.0
13,17,6,4,37828.0,41003.0
14,17,6,4,37987.0,41200.0
15,17,6,4,38135.0,40400.0
16,17,6,4,37497.0,39176.0
17,17,6,4,36812.0,38944.0
18,17,6,4,36701.0,38168.0
19,17,6,4,36418.0,38025.0
20,17,6,4,36231.0,35473.0
21,17,6,4,33507.0,32249.0
22,17,6,4,30558.0,29147.0
23,17,6,4,27858.0,27420.0
0,18,6,5,25921.0,26415.0
1,18,6,5,24835.0,26020.0
2,18,6,5,24388.0,26036.0
3,18,6,5,24163.0,26077.0
4,18,6,5,23460.0,29073.0
5,18,6,5,24178.0,33832.0
6,18,6,5,27072.0,38314.0
7,18,6,5,29871.0,39863.0
8,18,6,5,31307.0,40044.0
9,18,6,5,31321.0,39844.0
10,18,6,5,30824.0,38102.0
11,18,6,5,29649.0,37298.0
12,18,6,5,28644.0,37828.0
13,18,6,5,27798.0,37987.0
14,18,6,5,27827.0,38135.0
15,18,6,5,28100.0,37497.0
16,18,6,5,28993.0,36812.0
17,18,6,5,30006.0,36701.0
18,18,6,5,30681.0,36418.0
19,18,6,5,30319.0,36231.0
20,18,6,5,30621.0,33507.0
21,18,6,5,28976.0,30558.0
22,18,6,5,26941.0,27858.0
23,18,6,5,24530.0,25921.0
0,19,6,6,23080.0,24835.0
1,19,6,6,21920.0,24388.0
2,19,6,6,21193.0,24163.0
3,19,6,6,21089.0,23460.0
4,19,6,6,20424.0,24178.0
5,19,6,6,20215.0,27072.0
6,19,6,6,21478.0,29871.0
7,19,6,6,23430.0,31307.0
8,19,6,6,25517.0,31321.0
9,19,6,6,26275.0,30824.0
10,19,6,6,26187.0,29649.0
11,19,6,6,26780.0,28644.0
12,19,6,6,26026.0,27798.0
13,19,6,6,25154.0,27827.0
14,19,6,6,24958.0,28100.0
15,19,6,6,25000.0,28993.0
16,19,6,6,25304.0,30006.0
17,19,6,6,25580.0,30681.0
18,19,6,6,26314.0,30319.0
19,19,6,6,26882.0,30621.0
20,19,6,6,28249.0,28976.0
21,19,6,6,27475.0,26941.0
22,19,6,6,25290.0,24530.0
23,19,6,6,23035.0,23080.0
0,20,6,0,21552.0,21920.0
1,20,6,0,20797.0,21193.0
2,20,6,0,20593.0,21089.0
3,20,6,0,20993.0,20424.0
4,20,6,0,21883.0,20215.0
5,20,6,0,25898.0,21478.0
6,20,6,0,31488.0,23430.0
7,20,6,0,36429.0,25517.0
8,20,6,0,38179.0,26275.0
9,20,6,0,38911.0,26187.0
10,20,6,0,38685.0,26780.0
11,20,6,0,36538.0,26026.0
12,20,6,0,36628.0,25154.0
13,20,6,0,37569.0,24958.0
14,20,6,0,38139.0,25000.0
15,20,6,0,38373.0,25304.0
16,20,6,0,36947.0,25580.0
17,20,6,0,36374.0,26314.0
18,20,6,0,36276.0,26882.0
19,20,6,0,35789.0,28249.0
20,20,6,0,36191.0,27475.0
21,20,6,0,33763.0,25290.0
22,20,6,0,30554.0,23035.0
23,20,6,0,27621.0,21552.0
0,21,6,1,25786.0,20797.0
1,21,6,1,24752.0,20593.0
2,21,6,1,24416.0,20993.0
3,21,6,1,24814.0,21883.0
4,21,6,1,25121.0,25898.0
5,21,6,1,28130.0,31488.0
6,21,6,1,33265.0,36429.0
7,21,6,1,38036.0,38179.0
8,21,6,1,39995.0,38911.0
9,21,6,1,40424.0,38685.0
10,21,6,1,40226.0,36538.0
11,21,6,1,38222.0,36628.0
12,21,6,1,37977.0,37569.0
13,21,6,1,38986.0,38139.0
14,21,6,1,39127.0,38373.0
15,21,6,1,39340.0,36947.0
16,21,6,1,38483.0,36374.0
17,21,6,1,38052.0,36276.0
18,21,6,1,37938.0,35789.0
19,21,6,1,37594.0,36191.0
20,21,6,1,37621.0,33763.0
21,21,6,1,35069.0,30554.0
22,21,6,1,31812.0,27621.0
23,21,6,1,29041.0,25786.0
0,22,6,2,27162.0,24752.0
1,22,6,2,26186.0,24416.0
2,22,6,2,25738.0,24814.0
3,22,6,2,25951.0,25121.0
4,22,6,2,26141.0,28130.0
5,22,6,2,29240.0,33265.0
6,22,6,2,34353.0,38036.0
7,22,6,2,39660.0,39995.0
8,22,6,2,41532.0,40424.0
9,22,6,2,42042.0,40226.0
10,22,6,2,42154.0,38222.0
11,22,6,2,40226.0,37977.0
12,22,6,2,39795.0,38986.0
13,22,6,2,40520.0,39127.0
14,22,6,2,41110.0,39340.0
15,22,6,2,41227.0,38483.0
16,22,6,2,40380.0,38052.0
17,22,6,2,39445.0,37938.0
18,22,6,2,39378.0,37594.0
19,22,6,2,38637.0,37621.0
20,22,6,2,38097.0,35069.0
21,22,6,2,35785.0,31812.0
22,22,6,2,32838.0,29041.0
23,22,6,2,29804.0,27162.0
0,23,6,3,27826.0,26186.0
1,23,6,3,26712.0,25738.0
2,23,6,3,26411.0,25951.0
3,23,6,3,26511.0,26141.0
4,23,6,3,26892.0,29240.0
5,23,6,3,30069.0,34353.0
6,23,6,3,35125.0,39660.0
7,23,6,3,40310.0,41532.0
8,23,6,3,42652.0,42042.0
9,23,6,3,43076.0,42154.0
10,23,6,3,43164.0,40226.0
11,23,6,3,41047.0,39795.0
12,23,6,3,40992.0,40520.0
13,23,6,3,42267.0,41110.0
14,23,6,3,42934.0,41227.0
15,23,6,3,43357.0,40380.0
16,23,6,3,42490.0,39445.0
17,23,6,3,41551.0,39378.0
18,23,6,3,41041.0,38637.0
19,23,6,3,39963.0,38097.0
20,23,6,3,39877.0,35785.0
21,23,6,3,36979.0,32838.0
22,23,6,3,34401.0,29804.0
23,23,6,3,31333.0,27826.0
0,24,6,4,29289.0,26712.0
1,24,6,4,28077.0,26411.0
2,24,6,4,27628.0,26511.0
3,24,6,4,27624.0,26892.0
4,24,6,4,27834.0,30069.0
5,24,6,4,30551.0,35125.0
6,24,6,4,35879.0,40310.0
7,24,6,4,40638.0,42652.0
8,24,6,4,42850.0,43076.0
9,24,6,4,43608.0,43164.0
10,24,6,4,44234.0,41047.0
11,24,6,4,42344.0,40992.0
12,24,6,4,41677.0,42267.0
13,24,6,4,41894.0,42934.0
14,24,6,4,42704.0,43357.0
15,24,6,4,43072.0,42490.0
16,24,6,4,42008.0,41551.0
17,24,6,4,41370.0,41041.0
18,24,6,4,41339.0,39963.0
19,24,6,4,40357.0,39877.0
20,24,6,4,39797.0,36979.0
21,24,6,4,37528.0,34401.0
22,24,6,4,34396.0,31333.0
23,24,6,4,32091.0,29289.0
0,25,6,5,29898.0,28077.0
1,25,6,5,28446.0,27628.0
2,25,6,5,27506.0,27624.0
3,25,6,5,27103.0,27834.0
4,25,6,5,26279.0,30551.0
5,25,6,5,26975.0,35879.0
6,25,6,5,30035.0,40638.0
7,25,6,5,33149.0,42850.0
8,25,6,5,35319.0,43608.0
9,25,6,5,35990.0,44234.0
10,25,6,5,35856.0,42344.0
11,25,6,5,34692.0,41677.0
12,25,6,5,33528.0,41894.0
13,25,6,5,32335.0,42704.0
14,25,6,5,32294.0,43072.0
15,25,6,5,32798.0,42008.0
16,25,6,5,34198.0,41370.0
17,25,6,5,34822.0,41339.0
18,25,6,5,35079.0,40357.0
19,25,6,5,34162.0,39797.0
20,25,6,5,34088.0,37528.0
21,25,6,5,32362.0,34396.0
22,25,6,5,30269.0,32091.0
23,25,6,5,28349.0,29898.0
0,26,6,6,26343.0,28446.0
1,26,6,6,25032.0,27506.0
2,26,6,6,24225.0,27103.0
3,26,6,6,23788.0,26279.0
4,26,6,6,22934.0,26975.0
5,26,6,6,22490.0,30035.0
6,26,6,6,24075.0,33149.0
7,26,6,6,25667.0,35319.0
8,26,6,6,27172.0,35990.0
9,26,6,6,28442.0,35856.0
10,26,6,6,29064.0,34692.0
11,26,6,6,29045.0,33528.0
12,26,6,6,28146.0,32335.0
13,26,6,6,26018.0,32294.0
14,26,6,6,26484.0,32798.0
15,26,6,6,27444.0,34198.0
16,26,6,6,28330.0,34822.0
17,26,6,6,29938.0,35079.0
18,26,6,6,31293.0,34162.0
19,26,6,6,31743.0,34088.0
20,26,6,6,32767.0,32362.0
21,26,6,6,31537.0,30269.0
22,26,6,6,29139.0,28349.0
23,26,6,6,26446.0,26343.0
0,27,6,0,24561.0,25032.0
1,27,6,0,23633.0,24225.0
2,27,6,0,23364.0,23788.0
3,27,6,0,23514.0,22934.0
4,27,6,0,24420.0,22490.0
5,27,6,0,28306.0,24075.0
6,27,6,0,34122.0,25667.0
7,27,6,0,39322.0,27172.0
8,27,6,0,41280.0,28442.0
9,27,6,0,41499.0,29064.0
10,27,6,0,42248.0,29045.0
11,27,6,0,40563.0,28146.0
12,27,6,0,40901.0,26018.0
13,27,6,0,41887.0,26484.0
14,27,6,0,41983.0,27444.0
15,27,6,0,42052.0,28330.0
16,27,6,0,40571.0,29938.0
17,27,6,0,39216.0,31293.0
18,27,6,0,38424.0,31743.0
19,27,6,0,38033.0,32767.0
20,27,6,0,38301.0,31537.0
21,27,6,0,36106.0,29139.0
22,27,6,0,33193.0,26446.0
23,27,6,0,30508.0,24561.0
0,28,6,1,28559.0,23633.0
1,28,6,1,27500.0,23364.0
2,28,6,1,27022.0,23514.0
3,28,6,1,26948.0,24420.0
4,28,6,1,27135.0,28306.0
5,28,6,1,30215.0,34122.0
6,28,6,1,35653.0,39322.0
7,28,6,1,40686.0,41280.0
8,28,6,1,42983.0,41499.0
9,28,6,1,43572.0,42248.0
10,28,6,1,43707.0,40563.0
11,28,6,1,41494.0,40901.0
12,28,6,1,41089.0,41887.0
13,28,6,1,41544.0,41983.0
14,28,6,1,41988.0,42052.0
15,28,6,1,42356.0,40571.0
16,28,6,1,41658.0,39216.0
17,28,6,1,40616.0,38424.0
18,28,6,1,40093.0,38033.0
19,28,6,1,39154.0,38301.0
20,28,6,1,39072.0,36106.0
21,28,6,1,36996.0,33193.0
22,28,6,1,33919.0,30508.0
23,28,6,1,31266.0,28559.0
0,29,6,2,29113.0,27500.0
1,29,6,2,28110.0,27022.0
2,29,6,2,27432.0,26948.0
3,29,6,2,27457.0,27135.0
4,29,6,2,27566.0,30215.0
5,29,6,2,30689.0,35653.0
6,29,6,2,35512.0,40686.0
7,29,6,2,40942.0,42983.0
8,29,6,2,43324.0,43572.0
9,29,6,2,43806.0,43707.0
10,29,6,2,43488.0,41494.0
11,29,6,2,41679.0,41089.0
12,29,6,2,41100.0,41544.0
13,29,6,2,42168.0,41988.0
14,29,6,2,42764.0,42356.0
15,29,6,2,43163.0,41658.0
16,29,6,2,42626.0,40616.0
17,29,6,2,41541.0,40093.0
18,29,6,2,40897.0,39154.0
19,29,6,2,40511.0,39072.0
20,29,6,2,40463.0,36996.0
21,29,6,2,38057.0,33919.0
22,29,6,2,34721.0,31266.0
23,29,6,2,31390.0,29113.0
0,30,6,3,29480.0,28110.0
1,30,6,3,28156.0,27432.0
2,30,6,3,27653.0,27457.0
3,30,6,3,27715.0,27566.0
4,30,6,3,28024.0,30689.0
5,30,6,3,30743.0,35512.0
6,30,6,3,36379.0,40942.0
7,30,6,3,41455.0,43324.0
8,30,6,3,43895.0,43806.0
9,30,6,3,44277.0,43488.0
10,30,6,3,44538.0,41679.0
11,30,6,3,42829.0,41100.0
12,30,6,3,42474.0,42168.0
13,30,6,3,43701.0,42764.0
14,30,6,3,44304.0,43163.0
15,30,6,3,44632.0,42626.0
16,30,6,3,43402.0,41541.0
17,30,6,3,42410.0,40897.0
18,30,6,3,41935.0,40511.0
19,30,6,3,40695.0,40463.0
20,30,6,3,40550.0,38057.0
21,30,6,3,38163.0,34721.0
22,30,6,3,35240.0,31390.0
23,30,6,3,31978.0,29480.0
0,1,7,4,29839.0,28156.0
1,1,7,4,28593.0,27653.0
2,1,7,4,27996.0,27715.0
3,1,7,4,27855.0,28024.0
4,1,7,4,27746.0,30743.0
5,1,7,4,30413.0,36379.0
6,1,7,4,35585.0,41455.0
7,1,7,4,40602.0,43895.0
8,1,7,4,42985.0,44277.0
9,1,7,4,43588.0,44538.0
10,1,7,4,43943.0,42829.0
11,1,7,4,42716.0,42474.0
12,1,7,4,42569.0,43701.0
13,1,7,4,43371.0,44304.0
14,1,7,4,43402.0,44632.0
15,1,7,4,43438.0,43402.0
16,1,7,4,42922.0,42410.0
17,1,7,4,42286.0,41935.0
18,1,7,4,41746.0,40695.0
19,1,7,4,40807.0,40550.0
20,1,7,4,40586.0,38163.0
21,1,7,4,38397.0,35240.0
22,1,7,4,34997.0,31978.0
23,1,7,4,31959.0,29839.0
0,2,7,5,29678.0,28593.0
1,2,7,5,28015.0,27996.0
2,2,7,5,27247.0,27855.0
3,2,7,5,26803.0,27746.0
4,2,7,5,26074.0,30413.0
5,2,7,5,26830.0,35585.0
6,2,7,5,29716.0,40602.0
7,2,7,5,32570.0,42985.0
8,2,7,5,34550.0,43588.0
9,2,7,5,34953.0,43943.0
10,2,7,5,34869.0,42716.0
11,2,7,5,33978.0,42569.0
12,2,7,5,33006.0,43371.0
13,2,7,5,32343.0,43402.0
14,2,7,5,31833.0,43438.0
15,2,7,5,32313.0,42922.0
16,2,7,5,33322.0,42286.0
17,2,7,5,34809.0,41746.0
18,2,7,5,35316.0,40807.0
19,2,7,5,34589.0,40586.0
20,2,7,5,34185.0,38397.0
21,2,7,5,32446.0,34997.0
22,2,7,5,30447.0,31959.0
23,2,7,5,28826.0,29678.0
0,3,7,6,26570.0,28015.0
1,3,7,6,25087.0,27247.0
2,3,7,6,24295.0,26803.0
3,3,7,6,23781.0,26074.0
4,3,7,6,23037.0,26830.0
5,3,7,6,22365.0,29716.0
6,3,7,6,23703.0,32570.0
7,3,7,6,25418.0,34550.0
8,3,7,6,26975.0,34953.0
9,3,7,6,28034.0,34869.0
10,3,7,6,28429.0,33978.0
11,3,7,6,28613.0,33006.0
12,3,7,6,27981.0,32343.0
13,3,7,6,27300.0,31833.0
14,3,7,6,26988.0,32313.0
15,3,7,6,27349.0,33322.0
16,3,7,6,28534.0,34809.0
17,3,7,6,29919.0,35316.0
18,3,7,6,31866.0,34589.0
19,3,7,6,32372.0,34185.0
20,3,7,6,33653.0,32446.0
21,3,7,6,32697.0,30447.0
22,3,7,6,30286.0,28826.0
23,3,7,6,27385.0,26570.0
0,4,7,0,25528.0,25087.0
1,4,7,0,24466.0,24295.0
2,4,7,0,24190.0,23781.0
3,4,7,0,24574.0,23037.0
4,4,7,0,25603.0,22365.0
5,4,7,0,29657.0,23703.0
6,4,7,0,35294.0,25418.0
7,4,7,0,41168.0,26975.0
8,4,7,0,43442.0,28034.0
9,4,7,0,43775.0,28429.0
10,4,7,0,44176.0,28613.0
11,4,7,0,42596.0,27981.0
12,4,7,0,42470.0,27300.0
13,4,7,0,42416.0,26988.0
14,4,7,0,42732.0,27349.0
15,4,7,0,43037.0,28534.0
16,4,7,0,42755.0,29919.0
17,4,7,0,41644.0,31866.0
18,4,7,0,41292.0,32372.0
19,4,7,0,40464.0,33653.0
20,4,7,0,40526.0,32697.0
21,4,7,0,38258.0,30286.0
22,4,7,0,35097.0,27385.0
23,4,7,0,32043.0,25528.0
0,5,7,1,29997.0,24466.0
1,5,7,1,28806.0,24190.0
2,5,7,1,28273.0,24574.0
3,5,7,1,28272.0,25603.0
4,5,7,1,28642.0,29657.0
5,5,7,1,31565.0,35294.0
6,5,7,1,37037.0,41168.0
7,5,7,1,42134.0,43442.0
8,5,7,1,44589.0,43775.0
9,5,7,1,45394.0,44176.0
10,5,7,1,45301.0,42596.0
11,5,7,1,43921.0,42470.0
12,5,7,1,43571.0,42416.0
13,5,7,1,44721.0,42732.0
14,5,7,1,45088.0,43037.0
15,5,7,1,45353.0,42755.0
16,5,7,1,44841.0,41644.0
17,5,7,1,43576.0,41292.0
18,5,7,1,42490.0,40464.0
19,5,7,1,41395.0,40526.0
20,5,7,1,41095.0,38258.0
21,5,7,1,38665.0,35097.0
22,5,7,1,35642.0,32043.0
23,5,7,1,32444.0,29997.0
0,6,7,2,30330.0,28806.0
1,6,7,2,29095.0,28273.0
2,6,7,2,28560.0,28272.0
3,6,7,2,28519.0,28642.0
4,6,7,2,28684.0,31565.0
5,6,7,2,31530.0,37037.0
6,6,7,2,36907.0,42134.0
7,6,7,2,42005.0,44589.0
8,6,7,2,44009.0,45394.0
9,6,7,2,44709.0,45301.0
10,6,7,2,45081.0,43921.0
11,6,7,2,43898.0,43571.0
12,6,7,2,43965.0,44721.0
13,6,7,2,44476.0,45088.0
14,6,7,2,45522.0,45353.0
15,6,7,2,45721.0,44841.0
16,6,7,2,44484.0,43576.0
17,6,7,2,43516.0,42490.0
18,6,7,2,42966.0,41395.0
19,6,7,2,41859.0,41095.0
20,6,7,2,41569.0,38665.0
21,6,7,2,39208.0,35642.0
22,6,7,2,35862.0,32444.0
23,6,7,2,32785.0,30330.0
0,7,7,3,30510.0,29095.0
1,7,7,3,29320.0,28560.0
2,7,7,3,28762.0,28519.0
3,7,7,3,28735.0,28684.0
4,7,7,3,28990.0,31530.0
5,7,7,3,31724.0,36907.0
6,7,7,3,37142.0,42005.0
7,7,7,3,42227.0,44009.0
8,7,7,3,44850.0,44709.0
9,7,7,3,45405.0,45081.0
10,7,7,3,45560.0,43898.0
11,7,7,3,43866.0,43965.0
12,7,7,3,43862.0,44476.0
13,7,7,3,44192.0,45522.0
14,7,7,3,44789.0,45721.0
15,7,7,3,45477.0,44484.0
16,7,7,3,45010.0,43516.0
17,7,7,3,43741.0,42966.0
18,7,7,3,43257.0,41859.0
19,7,7,3,42251.0,41569.0
20,7,7,3,42293.0,39208.0
21,7,7,3,40144.0,35862.0
22,7,7,3,36791.0,32785.0
23,7,7,3,33360.0,30510.0
0,8,7,4,31149.0,29320.0
1,8,7,4,29663.0,28762.0
2,8,7,4,29092.0,28735.0
3,8,7,4,28878.0,28990.0
4,8,7,4,29282.0,31724.0
5,8,7,4,32196.0,37142.0
6,8,7,4,37693.0,42227.0
7,8,7,4,42802.0,44850.0
8,8,7,4,45321.0,45405.0
9,8,7,4,46017.0,45560.0
10,8,7,4,46116.0,43866.0
11,8,7,4,44702.0,43862.0
12,8,7,4,44373.0,44192.0
13,8,7,4,45786.0,44789.0
14,8,7,4,45674.0,45477.0
15,8,7,4,45839.0,45010.0
16,8,7,4,44685.0,43741.0
17,8,7,4,43605.0,43257.0
18,8,7,4,43075.0,42251.0
19,8,7,4,41698.0,42293.0
20,8,7,4,41604.0,40144.0
21,8,7,4,39150.0,36791.0
22,8,7,4,36055.0,33360.0
23,8,7,4,33245.0,31149.0
0,9,7,5,30880.0,29663.0
1,9,7,5,29309.0,29092.0
2,9,7,5,28438.0,28878.0
3,9,7,5,27869.0,29282.0
4,9,7,5,27271.0,32196.0
5,9,7,5,27745.0,37693.0
6,9,7,5,30752.0,42802.0
7,9,7,5,33874.0,45321.0
8,9,7,5,36000.0,46017.0
9,9,7,5,36346.0,46116.0
10,9,7,5,36277.0,44702.0
11,9,7,5,34943.0,44373.0
12,9,7,5,33968.0,45786.0
13,9,7,5,33541.0,45674.0
14,9,7,5,33221.0,45839.0
15,9,7,5,33715.0,44685.0
16,9,7,5,35142.0,43605.0
17,9,7,5,35878.0,43075.0
18,9,7,5,36197.0,41698.0
19,9,7,5,36016.0,41604.0
20,9,7,5,36114.0,39150.0
21,9,7,5,34576.0,36055.0
22,9,7,5,32327.0,33245.0
23,9,7,5,30009.0,30880.0
0,10,7,6,27960.0,29309.0
1,10,7,6,26707.0,28438.0
2,10,7,6,25739.0,27869.0
3,10,7,6,25226.0,27271.0
4,10,7,6,24606.0,27745.0
5,10,7,6,23923.0,30752.0
6,10,7,6,25062.0,33874.0
7,10,7,6,27008.0,36000.0
8,10,7,6,28542.0,36346.0
9,10,7,6,29532.0,36277.0
10,10,7,6,29967.0,34943.0
11,10,7,6,30520.0,33968.0
12,10,7,6,30112.0,33541.0
13,10,7,6,29601.0,33221.0
14,10,7,6,29470.0,33715.0
15,10,7,6,29995.0,35142.0
16,10,7,6,30828.0,35878.0
17,10,7,6,32181.0,36197.0
18,10,7,6,33668.0,36016.0
19,10,7,6,34476.0,36114.0
20,10,7,6,36080.0,34576.0
21,10,7,6,35175.0,32327.0
22,10,7,6,32607.0,30009.0
23,10,7,6,29826.0,27960.0
0,11,7,0,27589.0,26707.0
1,11,7,0,26401.0,25739.0
2,11,7,0,26045.0,25226.0
3,11,7,0,26286.0,24606.0
4,11,7,0,27257.0,23923.0
5,11,7,0,30944.0,25062.0
6,11,7,0,36863.0,27008.0
7,11,7,0,39545.0,28542.0
8,11,7,0,39201.0,29532.0
9,11,7,0,40167.0,29967.0
10,11,7,0,41036.0,30520.0
11,11,7,0,40106.0,30112.0
12,11,7,0,40831.0,29601.0
13,11,7,0,42223.0,29470.0
14,11,7,0,42612.0,29995.0
15,11,7,0,42347.0,30828.0
16,11,7,0,41926.0,32181.0
17,11,7,0,40400.0,33668.0
18,11,7,0,39733.0,34476.0
19,11,7,0,38002.0,36080.0
20,11,7,0,37561.0,35175.0
21,11,7,0,34797.0,32607.0
22,11,7,0,32013.0,29826.0
23,11,7,0,34883.0,27589.0
0,12,7,1,32424.0,26401.0
1,12,7,1,30765.0,26045.0
2,12,7,1,30237.0,26286.0
3,12,7,1,30117.0,27257.0
4,12,7,1,30618.0,30944.0
5,12,7,1,33417.0,36863.0
6,12,7,1,39108.0,39545.0
7,12,7,1,44709.0,39201.0
8,12,7,1,47382.0,40167.0
9,12,7,1,48231.0,41036.0
10,12,7,1,48918.0,40106.0
11,12,7,1,47219.0,40831.0
12,12,7,1,47433.0,42223.0
13,12,7,1,48986.0,42612.0
14,12,7,1,48904.0,42347.0
15,12,7,1,48984.0,41926.0
16,12,7,1,47824.0,40400.0
17,12,7,1,46306.0,39733.0
18,12,7,1,45473.0,38002.0
19,12,7,1,44035.0,37561.0
20,12,7,1,44182.0,34797.0
21,12,7,1,41522.0,32013.0
22,12,7,1,38284.0,34883.0
23,12,7,1,34753.0,32424.0
0,13,7,2,32335.0,30765.0
1,13,7,2,31014.0,30237.0
2,13,7,2,30289.0,30117.0
3,13,7,2,30097.0,30618.0
4,13,7,2,30579.0,33417.0
5,13,7,2,33100.0,39108.0
6,13,7,2,38733.0,44709.0
7,13,7,2,44163.0,47382.0
8,13,7,2,46750.0,48231.0
9,13,7,2,47853.0,48918.0
10,13,7,2,48663.0,47219.0
11,13,7,2,46765.0,47433.0
12,13,7,2,46628.0,48986.0
13,13,7,2,47973.0,48904.0
14,13,7,2,47897.0,48984.0
15,13,7,2,48101.0,47824.0
16,13,7,2,46779.0,46306.0
17,13,7,2,44652.0,45473.0
18,13,7,2,43473.0,44035.0
19,13,7,2,41919.0,44182.0
20,13,7,2,41519.0,41522.0
21,13,7,2,38249.0,38284.0
22,13,7,2,35700.0,34753.0
23,13,7,2,32714.0,32335.0
0,14,7,3,30879.0,31014.0
1,14,7,3,29605.0,30289.0
2,14,7,3,28963.0,30097.0
3,14,7,3,28734.0,30579.0
4,14,7,3,29258.0,33100.0
5,14,7,3,31662.0,38733.0
6,14,7,3,36694.0,44163.0
7,14,7,3,41438.0,46750.0
8,14,7,3,43282.0,47853.0
9,14,7,3,43742.0,48663.0
10,14,7,3,43696.0,46765.0
11,14,7,3,41644.0,46628.0
12,14,7,3,41114.0,47973.0
13,14,7,3,42631.0,47897.0
14,14,7,3,43082.0,48101.0
15,14,7,3,43529.0,46779.0
16,14,7,3,43049.0,44652.0
17,14,7,3,41808.0,43473.0
18,14,7,3,40935.0,41919.0
19,14,7,3,39944.0,41519.0
20,14,7,3,39701.0,38249.0
21,14,7,3,37085.0,35700.0
22,14,7,3,34368.0,32714.0
23,14,7,3,31653.0,30879.0
0,15,7,4,29554.0,29605.0
1,15,7,4,28437.0,28963.0
2,15,7,4,27788.0,28734.0
3,15,7,4,27839.0,29258.0
4,15,7,4,28584.0,31662.0
5,15,7,4,31001.0,36694.0
6,15,7,4,35925.0,41438.0
7,15,7,4,40404.0,43282.0
8,15,7,4,42135.0,43742.0
9,15,7,4,42440.0,43696.0
10,15,7,4,42318.0,41644.0
11,15,7,4,40483.0,41114.0
12,15,7,4,39754.0,42631.0
13,15,7,4,39485.0,43082.0
14,15,7,4,39686.0,43529.0
15,15,7,4,39728.0,43049.0
16,15,7,4,39161.0,41808.0
17,15,7,4,38059.0,40935.0
18,15,7,4,37433.0,39944.0
19,15,7,4,36838.0,39701.0
20,15,7,4,36646.0,37085.0
21,15,7,4,34154.0,34368.0
22,15,7,4,31556.0,31653.0
23,15,7,4,29470.0,29554.0
0,16,7,5,27756.0,28437.0
1,16,7,5,26536.0,27788.0
2,16,7,5,25966.0,27839.0
3,16,7,5,25665.0,28584.0
4,16,7,5,25339.0,31001.0
5,16,7,5,25627.0,35925.0
6,16,7,5,28255.0,40404.0
7,16,7,5,30683.0,42135.0
8,16,7,5,32366.0,42440.0
9,16,7,5,32709.0,42318.0
10,16,7,5,32226.0,40483.0
11,16,7,5,30527.0,39754.0
12,16,7,5,29685.0,39485.0
13,16,7,5,28397.0,39686.0
14,16,7,5,27839.0,39728.0
15,16,7,5,28167.0,39161.0
16,16,7,5,29153.0,38059.0
17,16,7,5,30357.0,37433.0
18,16,7,5,31586.0,36838.0
19,16,7,5,31684.0,36646.0
20,16,7,5,31940.0,34154.0
21,16,7,5,30021.0,31556.0
22,16,7,5,27978.0,29470.0
23,16,7,5,26135.0,27756.0
0,17,7,6,24348.0,26536.0
1,17,7,6,23192.0,25966.0
2,17,7,6,22496.0,25665.0
3,17,7,6,22208.0,25339.0
4,17,7,6,21701.0,25627.0
5,17,7,6,21115.0,28255.0
6,17,7,6,22367.0,30683.0
7,17,7,6,23984.0,32366.0
8,17,7,6,25309.0,32709.0
9,17,7,6,26021.0,32226.0
10,17,7,6,26514.0,30527.0
11,17,7,6,26399.0,29685.0
12,17,7,6,25180.0,28397.0
13,17,7,6,23806.0,27839.0
14,17,7,6,23941.0,28167.0
15,17,7,6,24416.0,29153.0
16,17,7,6,25480.0,30357.0
17,17,7,6,27030.0,31586.0
18,17,7,6,29015.0,31684.0
19,17,7,6,29987.0,31940.0
20,17,7,6,31090.0,30021.0
21,17,7,6,30008.0,27978.0
22,17,7,6,27601.0,26135.0
23,17,7,6,25575.0,24348.0
0,18,7,0,23972.0,23192.0
1,18,7,0,23098.0,22496.0
2,18,7,0,22983.0,22208.0
3,18,7,0,23255.0,21701.0
4,18,7,0,24548.0,21115.0
5,18,7,0,28153.0,22367.0
6,18,7,0,33811.0,23984.0
7,18,7,0,39172.0,25309.0
8,18,7,0,41389.0,26021.0
9,18,7,0,41907.0,26514.0
10,18,7,0,42229.0,26399.0
11,18,7,0,41035.0,25180.0
12,18,7,0,40969.0,23806.0
13,18,7,0,41357.0,23941.0
14,18,7,0,41603.0,24416.0
15,18,7,0,41889.0,25480.0
16,18,7,0,41095.0,27030.0
17,18,7,0,40567.0,29015.0
18,18,7,0,40411.0,29987.0
19,18,7,0,39881.0,31090.0
20,18,7,0,39792.0,30008.0
21,18,7,0,37108.0,27601.0
22,18,7,0,33826.0,25575.0
23,18,7,0,30990.0,23972.0
0,19,7,1,29051.0,23098.0
1,19,7,1,27919.0,22983.0
2,19,7,1,27250.0,23255.0
3,19,7,1,27328.0,24548.0
4,19,7,1,28343.0,28153.0
5,19,7,1,31213.0,33811.0
6,19,7,1,36239.0,39172.0
7,19,7,1,41259.0,41389.0
8,19,7,1,43890.0,41907.0
9,19,7,1,44604.0,42229.0
10,19,7,1,45096.0,41035.0
11,19,7,1,43670.0,40969.0
12,19,7,1,42879.0,41357.0
13,19,7,1,43556.0,41603.0
14,19,7,1,44307.0,41889.0
15,19,7,1,44798.0,41095.0
16,19,7,1,42818.0,40567.0
17,19,7,1,43120.0,40411.0
18,19,7,1,42784.0,39881.0
19,19,7,1,41230.0,39792.0
20,19,7,1,42011.0,37108.0
21,19,7,1,39113.0,33826.0
22,19,7,1,32180.0,30990.0
23,19,7,1,32901.0,29051.0
0,20,7,2,30958.0,27919.0
1,20,7,2,29543.0,27250.0
2,20,7,2,29086.0,27328.0
3,20,7,2,29072.0,28343.0
4,20,7,2,29783.0,31213.0
5,20,7,2,32378.0,36239.0
6,20,7,2,37596.0,41259.0
7,20,7,2,42555.0,43890.0
8,20,7,2,45050.0,44604.0
9,20,7,2,45683.0,45096.0
10,20,7,2,46031.0,43670.0
11,20,7,2,44754.0,42879.0
12,20,7,2,44691.0,43556.0
13,20,7,2,43714.0,44307.0
14,20,7,2,45346.0,44798.0
15,20,7,2,45802.0,42818.0
16,20,7,2,44998.0,43120.0
17,20,7,2,44276.0,42784.0
18,20,7,2,43975.0,41230.0
19,20,7,2,43051.0,42011.0
20,20,7,2,42853.0,39113.0
21,20,7,2,40032.0,32180.0
22,20,7,2,34322.0,32901.0
23,20,7,2,33572.0,30958.0
0,21,7,3,31499.0,29543.0
1,21,7,3,30164.0,29086.0
2,21,7,3,29551.0,29072.0
3,21,7,3,29597.0,29783.0
4,21,7,3,30316.0,32378.0
5,21,7,3,32741.0,37596.0
6,21,7,3,38186.0,42555.0
7,21,7,3,43615.0,45050.0
8,21,7,3,46216.0,45683.0
9,21,7,3,46904.0,46031.0
10,21,7,3,47338.0,44754.0
11,21,7,3,45673.0,44691.0
12,21,7,3,45501.0,43714.0
13,21,7,3,45615.0,45346.0
14,21,7,3,45108.0,45802.0
15,21,7,3,45654.0,44998.0
16,21,7,3,46022.0,44276.0
17,21,7,3,44987.0,43975.0
18,21,7,3,44259.0,43051.0
19,21,7,3,43391.0,42853.0
20,21,7,3,43056.0,40032.0
21,21,7,3,40251.0,34322.0
22,21,7,3,34484.0,33572.0
23,21,7,3,33865.0,31499.0
0,22,7,4,31656.0,30164.0
1,22,7,4,30230.0,29551.0
2,22,7,4,29599.0,29597.0
3,22,7,4,29582.0,30316.0
4,22,7,4,30276.0,32741.0
5,22,7,4,32684.0,38186.0
6,22,7,4,37739.0,43615.0
7,22,7,4,42751.0,46216.0
8,22,7,4,45398.0,46904.0
9,22,7,4,46475.0,47338.0
10,22,7,4,46944.0,45673.0
11,22,7,4,44688.0,45501.0
12,22,7,4,44586.0,45615.0
13,22,7,4,45257.0,45108.0
14,22,7,4,45672.0,45654.0
15,22,7,4,45840.0,46022.0
16,22,7,4,43913.0,44987.0
17,22,7,4,44033.0,44259.0
18,22,7,4,43334.0,43391.0
19,22,7,4,42321.0,43056.0
20,22,7,4,41931.0,40251.0
21,22,7,4,39009.0,34484.0
22,22,7,4,33242.0,33865.0
23,22,7,4,33119.0,31656.0
0,23,7,5,31053.0,30230.0
1,23,7,5,29589.0,29599.0
2,23,7,5,28668.0,29582.0
3,23,7,5,28326.0,30276.0
4,23,7,5,28236.0,32684.0
5,23,7,5,28826.0,37739.0
6,23,7,5,31578.0,42751.0
7,23,7,5,34711.0,45398.0
8,23,7,5,36957.0,46475.0
9,23,7,5,37262.0,46944.0
10,23,7,5,37071.0,44688.0
11,23,7,5,35475.0,44586.0
12,23,7,5,33501.0,45257.0
13,23,7,5,32573.0,45672.0
14,23,7,5,32202.0,45840.0
15,23,7,5,31349.0,43913.0
16,23,7,5,33676.0,44033.0
17,23,7,5,34392.0,43334.0
18,23,7,5,34684.0,42321.0
19,23,7,5,34278.0,41931.0
20,23,7,5,34625.0,39009.0
21,23,7,5,30345.0,33242.0
22,23,7,5,28566.0,33119.0
23,23,7,5,28647.0,31053.0
0,24,7,6,26754.0,29589.0
1,24,7,6,25493.0,28668.0
2,24,7,6,24778.0,28326.0
3,24,7,6,24428.0,28236.0
4,24,7,6,24048.0,28826.0
5,24,7,6,23056.0,31578.0
6,24,7,6,24152.0,34711.0
7,24,7,6,26051.0,36957.0
8,24,7,6,27397.0,37262.0
9,24,7,6,28130.0,37071.0
10,24,7,6,29178.0,35475.0
11,24,7,6,29237.0,33501.0
12,24,7,6,27961.0,32573.0
13,24,7,6,26164.0,32202.0
14,24,7,6,27029.0,31349.0
15,24,7,6,26726.0,33676.0
16,24,7,6,28171.0,34392.0
17,24,7,6,28383.0,34684.0
18,24,7,6,30970.0,34278.0
19,24,7,6,32046.0,34625.0
20,24,7,6,32068.0,30345.0
21,24,7,6,30885.0,28566.0
22,24,7,6,27291.0,28647.0
23,24,7,6,27405.0,26754.0
0,25,7,0,25626.0,25493.0
1,25,7,0,24671.0,24778.0
2,25,7,0,24388.0,24428.0
3,25,7,0,24827.0,24048.0
4,25,7,0,26424.0,23056.0
5,25,7,0,29964.0,24152.0
6,25,7,0,35570.0,26051.0
7,25,7,0,41089.0,27397.0
8,25,7,0,43678.0,28130.0
9,25,7,0,43983.0,29178.0
10,25,7,0,44995.0,29237.0
11,25,7,0,43363.0,27961.0
12,25,7,0,43389.0,26164.0
13,25,7,0,43853.0,27029.0
14,25,7,0,44144.0,26726.0
15,25,7,0,44689.0,28171.0
16,25,7,0,43901.0,28383.0
17,25,7,0,42239.0,30970.0
18,25,7,0,42255.0,32046.0
19,25,7,0,41862.0,32068.0
20,25,7,0,41700.0,30885.0
21,25,7,0,36039.0,27291.0
22,25,7,0,32527.0,27405.0
23,25,7,0,32292.0,25626.0
0,26,7,1,30108.0,24671.0
1,26,7,1,28882.0,24388.0
2,26,7,1,28445.0,24827.0
3,26,7,1,28546.0,26424.0
4,26,7,1,29262.0,29964.0
5,26,7,1,31914.0,35570.0
6,26,7,1,37133.0,41089.0
7,26,7,1,42080.0,43678.0
8,26,7,1,44679.0,43983.0
9,26,7,1,45430.0,44995.0
10,26,7,1,46040.0,43363.0
11,26,7,1,44857.0,43389.0
12,26,7,1,44499.0,43853.0
13,26,7,1,44402.0,44144.0
14,26,7,1,46699.0,44689.0
15,26,7,1,47054.0,43901.0
16,26,7,1,45783.0,42239.0
17,26,7,1,44299.0,42255.0
18,26,7,1,43641.0,41862.0
19,26,7,1,42943.0,41700.0
20,26,7,1,42521.0,36039.0
21,26,7,1,39383.0,32527.0
22,26,7,1,36167.0,32292.0
23,26,7,1,32917.0,30108.0
0,27,7,2,30743.0,28882.0
1,27,7,2,29407.0,28445.0
2,27,7,2,28786.0,28546.0
3,27,7,2,28762.0,29262.0
4,27,7,2,29549.0,31914.0
5,27,7,2,32190.0,37133.0
6,27,7,2,37356.0,42080.0
7,27,7,2,42279.0,44679.0
8,27,7,2,44651.0,45430.0
9,27,7,2,45306.0,46040.0
10,27,7,2,45583.0,44857.0
11,27,7,2,44004.0,44499.0
12,27,7,2,44053.0,44402.0
13,27,7,2,45564.0,46699.0
14,27,7,2,45568.0,47054.0
15,27,7,2,46794.0,45783.0
16,27,7,2,45822.0,44299.0
17,27,7,2,44410.0,43641.0
18,27,7,2,43264.0,42943.0
19,27,7,2,42505.0,42521.0
20,27,7,2,41914.0,39383.0
21,27,7,2,38665.0,36167.0
22,27,7,2,35580.0,32917.0
23,27,7,2,32634.0,30743.0
0,28,7,3,30184.0,29407.0
1,28,7,3,29050.0,28786.0
2,28,7,3,28460.0,28762.0
3,28,7,3,28462.0,29549.0
4,28,7,3,29316.0,32190.0
5,28,7,3,31668.0,37356.0
6,28,7,3,36333.0,42279.0
7,28,7,3,41292.0,44651.0
8,28,7,3,43601.0,45306.0
9,28,7,3,44231.0,45583.0
10,28,7,3,44592.0,44004.0
11,28,7,3,42989.0,44053.0
12,28,7,3,42505.0,45564.0
13,28,7,3,43392.0,45568.0
14,28,7,3,43536.0,46794.0
15,28,7,3,44060.0,45822.0
16,28,7,3,43401.0,44410.0
17,28,7,3,42908.0,43264.0
18,28,7,3,42696.0,42505.0
19,28,7,3,41810.0,41914.0
20,28,7,3,41352.0,38665.0
21,28,7,3,38630.0,35580.0
22,28,7,3,35510.0,32634.0
23,28,7,3,32428.0,30184.0
0,29,7,4,30287.0,29050.0
1,29,7,4,29098.0,28460.0
2,29,7,4,28748.0,28462.0
3,29,7,4,28600.0,29316.0
4,29,7,4,29517.0,31668.0
5,29,7,4,31706.0,36333.0
6,29,7,4,36480.0,41292.0
7,29,7,4,40953.0,43601.0
8,29,7,4,43235.0,44231.0
9,29,7,4,43919.0,44592.0
10,29,7,4,44222.0,42989.0
11,29,7,4,42745.0,42505.0
12,29,7,4,42504.0,43392.0
13,29,7,4,43155.0,43536.0
14,29,7,4,43674.0,44060.0
15,29,7,4,44016.0,43401.0
16,29,7,4,43511.0,42908.0
17,29,7,4,42605.0,42696.0
18,29,7,4,42076.0,41810.0
19,29,7,4,41292.0,41352.0
20,29,7,4,40772.0,38630.0
21,29,7,4,37942.0,35510.0
22,29,7,4,35243.0,32428.0
23,29,7,4,32436.0,30287.0
0,30,7,5,30351.0,29098.0
1,30,7,5,28850.0,28748.0
2,30,7,5,27933.0,28600.0
3,30,7,5,27527.0,29517.0
4,30,7,5,27463.0,31706.0
5,30,7,5,27592.0,36480.0
6,30,7,5,30077.0,40953.0
7,30,7,5,32885.0,43235.0
8,30,7,5,34647.0,43919.0
9,30,7,5,35213.0,44222.0
10,30,7,5,35111.0,42745.0
11,30,7,5,34289.0,42504.0
12,30,7,5,33367.0,43155.0
13,30,7,5,32734.0,43674.0
14,30,7,5,32747.0,44016.0
15,30,7,5,33136.0,43511.0
16,30,7,5,34090.0,42605.0
17,30,7,5,35164.0,42076.0
18,30,7,5,35935.0,41292.0
19,30,7,5,35951.0,40772.0
20,30,7,5,35655.0,37942.0
21,30,7,5,33549.0,35243.0
22,30,7,5,31099.0,32436.0
23,30,7,5,28956.0,30351.0
0,31,7,6,27038.0,28850.0
1,31,7,6,25740.0,27933.0
2,31,7,6,24968.0,27527.0
3,31,7,6,24407.0,27463.0
4,31,7,6,24146.0,27592.0
5,31,7,6,22862.0,30077.0
6,31,7,6,23921.0,32885.0
7,31,7,6,25496.0,34647.0
8,31,7,6,26937.0,35213.0
9,31,7,6,27952.0,35111.0
10,31,7,6,28636.0,34289.0
11,31,7,6,28727.0,33367.0
12,31,7,6,28090.0,32734.0
13,31,7,6,27531.0,32747.0
14,31,7,6,27103.0,33136.0
15,31,7,6,26979.0,34090.0
16,31,7,6,28067.0,35164.0
17,31,7,6,29804.0,35935.0
18,31,7,6,31215.0,35951.0
19,31,7,6,32293.0,35655.0
20,31,7,6,33193.0,33549.0
21,31,7,6,31427.0,31099.0
22,31,7,6,29177.0,28956.0
23,31,7,6,27223.0,27038.0
0,1,8,0,25396.0,25740.0
1,1,8,0,24365.0,24968.0
2,1,8,0,23991.0,24407.0
3,1,8,0,24212.0,24146.0
4,1,8,0,25608.0,22862.0
5,1,8,0,28380.0,23921.0
6,1,8,0,33180.0,25496.0
7,1,8,0,38111.0,26937.0
8,1,8,0,40418.0,27952.0
9,1,8,0,41009.0,28636.0
10,1,8,0,41290.0,28727.0
11,1,8,0,40026.0,28090.0
12,1,8,0,39976.0,27531.0
13,1,8,0,40400.0,27103.0
14,1,8,0,41019.0,26979.0
15,1,8,0,40338.0,28067.0
16,1,8,0,40784.0,29804.0
17,1,8,0,39727.0,31215.0
18,1,8,0,39280.0,32293.0
19,1,8,0,39089.0,33193.0
20,1,8,0,38756.0,31427.0
21,1,8,0,35721.0,29177.0
22,1,8,0,32984.0,27223.0
23,1,8,0,30374.0,25396.0
0,2,8,1,28399.0,24365.0
1,2,8,1,27201.0,23991.0
2,2,8,1,26617.0,24212.0
3,2,8,1,26664.0,25608.0
4,2,8,1,27414.0,28380.0
5,2,8,1,29503.0,33180.0
6,2,8,1,33830.0,38111.0
7,2,8,1,38249.0,40418.0
8,2,8,1,40228.0,41009.0
9,2,8,1,40895.0,41290.0
10,2,8,1,41296.0,40026.0
11,2,8,1,39809.0,39976.0
12,2,8,1,39412.0,40400.0
13,2,8,1,39960.0,41019.0
14,2,8,1,40496.0,40338.0
15,2,8,1,41080.0,40784.0
16,2,8,1,40808.0,39727.0
17,2,8,1,39695.0,39280.0
18,2,8,1,39744.0,39089.0
19,2,8,1,39461.0,38756.0
20,2,8,1,39156.0,35721.0
21,2,8,1,35908.0,32984.0
22,2,8,1,33105.0,30374.0
23,2,8,1,30345.0,28399.0
0,3,8,2,28256.0,27201.0
1,3,8,2,27069.0,26617.0
2,3,8,2,26494.0,26664.0
3,3,8,2,26523.0,27414.0
4,3,8,2,27416.0,29503.0
5,3,8,2,29546.0,33830.0
6,3,8,2,33569.0,38249.0
7,3,8,2,37715.0,40228.0
8,3,8,2,39970.0,40895.0
9,3,8,2,40605.0,41296.0
10,3,8,2,41016.0,39809.0
11,3,8,2,40006.0,39412.0
12,3,8,2,39658.0,39960.0
13,3,8,2,40468.0,40496.0
14,3,8,2,40443.0,41080.0
15,3,8,2,40913.0,40808.0
16,3,8,2,40800.0,39695.0
17,3,8,2,40320.0,39744.0
18,3,8,2,39971.0,39461.0
19,3,8,2,39420.0,39156.0
20,3,8,2,39002.0,35908.0
21,3,8,2,36059.0,33105.0
22,3,8,2,33443.0,30345.0
23,3,8,2,30678.0,28256.0
0,4,8,3,28463.0,27069.0
1,4,8,3,27093.0,26494.0
2,4,8,3,26486.0,26523.0
3,4,8,3,26352.0,27416.0
4,4,8,3,27100.0,29546.0
5,4,8,3,28927.0,33569.0
6,4,8,3,32959.0,37715.0
7,4,8,3,37226.0,39970.0
8,4,8,3,39532.0,40605.0
9,4,8,3,40319.0,41016.0
10,4,8,3,40725.0,40006.0
11,4,8,3,40048.0,39658.0
12,4,8,3,39764.0,40468.0
13,4,8,3,40535.0,40443.0
14,4,8,3,40858.0,40913.0
15,4,8,3,41339.0,40800.0
16,4,8,3,41056.0,40320.0
17,4,8,3,40587.0,39971.0
18,4,8,3,40327.0,39420.0
19,4,8,3,40088.0,39002.0
20,4,8,3,39233.0,36059.0
21,4,8,3,36017.0,33443.0
22,4,8,3,33320.0,30678.0
23,4,8,3,30487.0,28463.0
0,5,8,4,28492.0,27093.0
1,5,8,4,27191.0,26486.0
2,5,8,4,26497.0,26352.0
3,5,8,4,26302.0,27100.0
4,5,8,4,27167.0,28927.0
5,5,8,4,28914.0,32959.0
6,5,8,4,32724.0,37226.0
7,5,8,4,36795.0,39532.0
8,5,8,4,39028.0,40319.0
9,5,8,4,39976.0,40725.0
10,5,8,4,39947.0,40048.0
11,5,8,4,38587.0,39764.0
12,5,8,4,37923.0,40535.0
13,5,8,4,37821.0,40858.0
14,5,8,4,37156.0,41339.0
15,5,8,4,36439.0,41056.0
16,5,8,4,36002.0,40587.0
17,5,8,4,35749.0,40327.0
18,5,8,4,35714.0,40088.0
19,5,8,4,35736.0,39233.0
20,5,8,4,35034.0,36017.0
21,5,8,4,31847.0,33320.0
22,5,8,4,29140.0,30487.0
23,5,8,4,27272.0,28492.0
0,6,8,5,25492.0,27191.0
1,6,8,5,24439.0,26497.0
2,6,8,5,23627.0,26302.0
3,6,8,5,23434.0,27167.0
4,6,8,5,23617.0,28914.0
5,6,8,5,23486.0,32724.0
6,6,8,5,25283.0,36795.0
7,6,8,5,27260.0,39028.0
8,6,8,5,28499.0,39976.0
9,6,8,5,29087.0,39947.0
10,6,8,5,29018.0,38587.0
11,6,8,5,28861.0,37923.0
12,6,8,5,28115.0,37821.0
13,6,8,5,27172.0,37156.0
14,6,8,5,26964.0,36439.0
15,6,8,5,27610.0,36002.0
16,6,8,5,28553.0,35749.0
17,6,8,5,29993.0,35714.0
18,6,8,5,30839.0,35736.0
19,6,8,5,31166.0,35034.0
20,6,8,5,30792.0,31847.0
21,6,8,5,28569.0,29140.0
22,6,8,5,26250.0,27272.0
23,6,8,5,24900.0,25492.0
0,7,8,6,23337.0,24439.0
1,7,8,6,22049.0,23627.0
2,7,8,6,21423.0,23434.0
3,7,8,6,21108.0,23617.0
4,7,8,6,21198.0,23486.0
5,7,8,6,20372.0,25283.0
6,7,8,6,21146.0,27260.0
7,7,8,6,22455.0,28499.0
8,7,8,6,23434.0,29087.0
9,7,8,6,24033.0,29018.0
10,7,8,6,24425.0,28861.0
11,7,8,6,24180.0,28115.0
12,7,8,6,23104.0,27172.0
13,7,8,6,22718.0,26964.0
14,7,8,6,22941.0,27610.0
15,7,8,6,23475.0,28553.0
16,7,8,6,24514.0,29993.0
17,7,8,6,26019.0,30839.0
18,7,8,6,27742.0,31166.0
19,7,8,6,29347.0,30792.0
20,7,8,6,30060.0,28569.0
21,7,8,6,28139.0,26250.0
22,7,8,6,25590.0,24900.0
23,7,8,6,23863.0,23337.0
0,8,8,0,22068.0,22049.0
1,8,8,0,21076.0,21423.0
2,8,8,0,20680.0,21108.0
3,8,8,0,20773.0,21198.0
4,8,8,0,21898.0,20372.0
5,8,8,0,23109.0,21146.0
6,8,8,0,26139.0,22455.0
7,8,8,0,29139.0,23434.0
8,8,8,0,30826.0,24033.0
9,8,8,0,31302.0,24425.0
10,8,8,0,31529.0,24180.0
11,8,8,0,31187.0,23104.0
12,8,8,0,30906.0,22718.0
13,8,8,0,30694.0,22941.0
14,8,8,0,30968.0,23475.0
15,8,8,0,31389.0,24514.0
16,8,8,0,31569.0,26019.0
17,8,8,0,31904.0,27742.0
18,8,8,0,32537.0,29347.0
19,8,8,0,33334.0,30060.0
20,8,8,0,32934.0,28139.0
21,8,8,0,30345.0,25590.0
22,8,8,0,27740.0,23863.0
23,8,8,0,25454.0,22068.0
0,9,8,1,23625.0,21076.0
1,9,8,1,22485.0,20680.0
2,9,8,1,21958.0,20773.0
3,9,8,1,22112.0,21898.0
4,9,8,1,22932.0,23109.0
5,9,8,1,23835.0,26139.0
6,9,8,1,26651.0,29139.0
7,9,8,1,29613.0,30826.0
8,9,8,1,31316.0,31302.0
9,9,8,1,31830.0,31529.0
10,9,8,1,31978.0,31187.0
11,9,8,1,31731.0,30906.0
12,9,8,1,31422.0,30694.0
13,9,8,1,31617.0,30968.0
14,9,8,1,32099.0,31389.0
15,9,8,1,32815.0,31569.0
16,9,8,1,33466.0,31904.0
17,9,8,1,33876.0,32537.0
18,9,8,1,34202.0,33334.0
19,9,8,1,34694.0,32934.0
20,9,8,1,34043.0,30345.0
21,9,8,1,30972.0,27740.0
22,9,8,1,28282.0,25454.0
23,9,8,1,25724.0,23625.0
0,10,8,2,23882.0,22485.0
1,10,8,2,22780.0,21958.0
2,10,8,2,22266.0,22112.0
3,10,8,2,22143.0,22932.0
4,10,8,2,22902.0,23835.0
5,10,8,2,23990.0,26651.0
6,10,8,2,26903.0,29613.0
7,10,8,2,30076.0,31316.0
8,10,8,2,32209.0,31830.0
9,10,8,2,32689.0,31978.0
10,10,8,2,32577.0,31731.0
11,10,8,2,31421.0,31422.0
12,10,8,2,30224.0,31617.0
13,10,8,2,29494.0,32099.0
14,10,8,2,30199.0,32815.0
15,10,8,2,30731.0,33466.0
16,10,8,2,31104.0,33876.0
17,10,8,2,31749.0,34202.0
18,10,8,2,32195.0,34694.0
19,10,8,2,32635.0,34043.0
20,10,8,2,32042.0,30972.0
21,10,8,2,29376.0,28282.0
22,10,8,2,27020.0,25724.0
23,10,8,2,25019.0,23882.0
0,11,8,3,23160.0,22780.0
1,11,8,3,21977.0,22266.0
2,11,8,3,21510.0,22143.0
3,11,8,3,21448.0,22902.0
4,11,8,3,22267.0,23990.0
5,11,8,3,23415.0,26903.0
6,11,8,3,25693.0,30076.0
7,11,8,3,28348.0,32209.0
8,11,8,3,29525.0,32689.0
9,11,8,3,29413.0,32577.0
10,11,8,3,29480.0,31421.0
11,11,8,3,29241.0,30224.0
12,11,8,3,28783.0,29494.0
13,11,8,3,28462.0,30199.0
14,11,8,3,28217.0,30731.0
15,11,8,3,28603.0,31104.0
16,11,8,3,29558.0,31749.0
17,11,8,3,30184.0,32195.0
18,11,8,3,30983.0,32635.0
19,11,8,3,31453.0,32042.0
20,11,8,3,30648.0,29376.0
21,11,8,3,28103.0,27020.0
22,11,8,3,25714.0,25019.0
23,11,8,3,23840.0,23160.0
0,12,8,4,22243.0,21977.0
1,12,8,4,21133.0,21510.0
2,12,8,4,20702.0,21448.0
3,12,8,4,20719.0,22267.0
4,12,8,4,21643.0,23415.0
5,12,8,4,22359.0,25693.0
6,12,8,4,24542.0,28348.0
7,12,8,4,26955.0,29525.0
8,12,8,4,28219.0,29413.0
9,12,8,4,28434.0,29480.0
10,12,8,4,28609.0,29241.0
11,12,8,4,27806.0,28783.0
12,12,8,4,27149.0,28462.0
13,12,8,4,26328.0,28217.0
14,12,8,4,26355.0,28603.0
15,12,8,4,27029.0,29558.0
16,12,8,4,27567.0,30184.0
17,12,8,4,28467.0,30983.0
18,12,8,4,29603.0,31453.0
19,12,8,4,30677.0,30648.0
20,12,8,4,30232.0,28103.0
21,12,8,4,27717.0,25714.0
22,12,8,4,25319.0,23840.0
23,12,8,4,23287.0,22243.0
0,13,8,5,21471.0,21133.0
1,13,8,5,20518.0,20702.0
2,13,8,5,19940.0,20719.0
3,13,8,5,19835.0,21643.0
4,13,8,5,20317.0,22359.0
5,13,8,5,20177.0,24542.0
6,13,8,5,21387.0,26955.0
7,13,8,5,22976.0,28219.0
8,13,8,5,24171.0,28434.0
9,13,8,5,24414.0,28609.0
10,13,8,5,24271.0,27806.0
11,13,8,5,24057.0,27149.0
12,13,8,5,23361.0,26328.0
13,13,8,5,23052.0,26355.0
14,13,8,5,23285.0,27029.0
15,13,8,5,23611.0,27567.0
16,13,8,5,24984.0,28467.0
17,13,8,5,26718.0,29603.0
18,13,8,5,28325.0,30677.0
19,13,8,5,29559.0,30232.0
20,13,8,5,28789.0,27717.0
21,13,8,5,26765.0,25319.0
22,13,8,5,24491.0,23287.0
23,13,8,5,21930.0,21471.0
0,14,8,6,20397.0,20518.0
1,14,8,6,19456.0,19940.0
2,14,8,6,18892.0,19835.0
3,14,8,6,18672.0,20317.0
4,14,8,6,18984.0,20177.0
5,14,8,6,18282.0,21387.0
6,14,8,6,19021.0,22976.0
7,14,8,6,20301.0,24171.0
8,14,8,6,21235.0,24414.0
9,14,8,6,21681.0,24271.0
10,14,8,6,21919.0,24057.0
11,14,8,6,22012.0,23361.0
12,14,8,6,21389.0,23052.0
13,14,8,6,21076.0,23285.0
14,14,8,6,21299.0,23611.0
15,14,8,6,21875.0,24984.0
16,14,8,6,22884.0,26718.0
17,14,8,6,24412.0,28325.0
18,14,8,6,25889.0,29559.0
19,14,8,6,27806.0,28789.0
20,14,8,6,27739.0,26765.0
21,14,8,6,25904.0,24491.0
22,14,8,6,23788.0,21930.0
23,14,8,6,21446.0,20397.0
0,15,8,0,20084.0,19456.0
1,15,8,0,19385.0,18892.0
2,15,8,0,18830.0,18672.0
3,15,8,0,18680.0,18984.0
4,15,8,0,18982.0,18282.0
5,15,8,0,18492.0,19021.0
6,15,8,0,19280.0,20301.0
7,15,8,0,20608.0,21235.0
8,15,8,0,21451.0,21681.0
9,15,8,0,21982.0,21919.0
10,15,8,0,22285.0,22012.0
11,15,8,0,22165.0,21389.0
12,15,8,0,21284.0,21076.0
13,15,8,0,20914.0,21299.0
14,15,8,0,21107.0,21875.0
15,15,8,0,21569.0,22884.0
16,15,8,0,22377.0,24412.0
17,15,8,0,23822.0,25889.0
18,15,8,0,25293.0,27806.0
19,15,8,0,27496.0,27739.0
20,15,8,0,27631.0,25904.0
21,15,8,0,25891.0,23788.0
22,15,8,0,23969.0,21446.0
23,15,8,0,22232.0,20084.0
0,16,8,1,20766.0,19385.0
1,16,8,1,19829.0,18830.0
2,16,8,1,19387.0,18680.0
3,16,8,1,19457.0,18982.0
4,16,8,1,20277.0,18492.0
5,16,8,1,21095.0,19280.0
6,16,8,1,23013.0,20608.0
7,16,8,1,25290.0,21451.0
8,16,8,1,26877.0,21982.0
9,16,8,1,27619.0,22285.0
10,16,8,1,27897.0,22165.0
11,16,8,1,27658.0,21284.0
12,16,8,1,27284.0,20914.0
13,16,8,1,27322.0,21107.0
14,16,8,1,27716.0,21569.0
15,16,8,1,28477.0,22377.0
16,16,8,1,29162.0,23822.0
17,16,8,1,29852.0,25293.0
18,16,8,1,30718.0,27496.0
19,16,8,1,31960.0,27631.0
20,16,8,1,30780.0,25891.0
21,16,8,1,28203.0,23969.0
22,16,8,1,25600.0,22232.0
23,16,8,1,23419.0,20766.0
0,17,8,2,21878.0,19829.0
1,17,8,2,20885.0,19387.0
2,17,8,2,20431.0,19457.0
3,17,8,2,20404.0,20277.0
4,17,8,2,21225.0,21095.0
5,17,8,2,22109.0,23013.0
6,17,8,2,23972.0,25290.0
7,17,8,2,26386.0,26877.0
8,17,8,2,28015.0,27619.0
9,17,8,2,28533.0,27897.0
10,17,8,2,28231.0,27658.0
11,17,8,2,28294.0,27284.0
12,17,8,2,28067.0,27322.0
13,17,8,2,28254.0,27716.0
14,17,8,2,28510.0,28477.0
15,17,8,2,29109.0,29162.0
16,17,8,2,29656.0,29852.0
17,17,8,2,30346.0,30718.0
18,17,8,2,31172.0,31960.0
19,17,8,2,32042.0,30780.0
20,17,8,2,30819.0,28203.0
21,17,8,2,28242.0,25600.0
22,17,8,2,25586.0,23419.0
23,17,8,2,23432.0,21878.0
0,18,8,3,21786.0,20885.0
1,18,8,3,20923.0,20431.0
2,18,8,3,20519.0,20404.0
3,18,8,3,20532.0,21225.0
4,18,8,3,21250.0,22109.0
5,18,8,3,22106.0,23972.0
6,18,8,3,24277.0,26386.0
7,18,8,3,26949.0,28015.0
8,18,8,3,28313.0,28533.0
9,18,8,3,28127.0,28231.0
10,18,8,3,28040.0,28294.0
11,18,8,3,28126.0,28067.0
12,18,8,3,27808.0,28254.0
13,18,8,3,28411.0,28510.0
14,18,8,3,28659.0,29109.0
15,18,8,3,29455.0,29656.0
16,18,8,3,30123.0,30346.0
17,18,8,3,31024.0,31172.0
18,18,8,3,31979.0,32042.0
19,18,8,3,33312.0,30819.0
20,18,8,3,32044.0,28242.0
21,18,8,3,29295.0,25586.0
22,18,8,3,26748.0,23432.0
23,18,8,3,24212.0,21786.0
0,19,8,4,22537.0,20923.0
1,19,8,4,21542.0,20519.0
2,19,8,4,21124.0,20532.0
3,19,8,4,21162.0,21250.0
4,19,8,4,21878.0,22106.0
5,19,8,4,22705.0,24277.0
6,19,8,4,24442.0,26949.0
7,19,8,4,27329.0,28313.0
8,19,8,4,28971.0,28127.0
9,19,8,4,29281.0,28040.0
10,19,8,4,29439.0,28126.0
11,19,8,4,29220.0,27808.0
12,19,8,4,28916.0,28411.0
13,19,8,4,29218.0,28659.0
14,19,8,4,29399.0,29455.0
15,19,8,4,29864.0,30123.0
16,19,8,4,30347.0,31024.0
17,19,8,4,31346.0,31979.0
18,19,8,4,32099.0,33312.0
19,19,8,4,33274.0,32044.0
20,19,8,4,31769.0,29295.0
21,19,8,4,29329.0,26748.0
22,19,8,4,26949.0,24212.0
23,19,8,4,24588.0,22537.0
0,20,8,5,22943.0,21542.0
1,20,8,5,21985.0,21124.0
2,20,8,5,21399.0,21162.0
3,20,8,5,21226.0,21878.0
4,20,8,5,21713.0,22705.0
5,20,8,5,22013.0,24442.0
6,20,8,5,23218.0,27329.0
7,20,8,5,25470.0,28971.0
8,20,8,5,27183.0,29281.0
9,20,8,5,27692.0,29439.0
10,20,8,5,27780.0,29220.0
11,20,8,5,27860.0,28916.0
12,20,8,5,27536.0,29218.0
13,20,8,5,27433.0,29399.0
14,20,8,5,27313.0,29864.0
15,20,8,5,27786.0,30347.0
16,20,8,5,28986.0,31346.0
17,20,8,5,30534.0,32099.0
18,20,8,5,31396.0,33274.0
19,20,8,5,32636.0,31769.0
20,20,8,5,30926.0,29329.0
21,20,8,5,28787.0,26949.0
22,20,8,5,26757.0,24588.0
23,20,8,5,24729.0,22943.0
0,21,8,6,23101.0,21985.0
1,21,8,6,21949.0,21399.0
2,21,8,6,21174.0,21226.0
3,21,8,6,21015.0,21713.0
4,21,8,6,21264.0,22013.0
5,21,8,6,20843.0,23218.0
6,21,8,6,21146.0,25470.0
7,21,8,6,22886.0,27183.0
8,21,8,6,24049.0,27692.0
9,21,8,6,24583.0,27780.0
10,21,8,6,25073.0,27860.0
11,21,8,6,25175.0,27536.0
12,21,8,6,24542.0,27433.0
13,21,8,6,24643.0,27313.0
14,21,8,6,24801.0,27786.0
15,21,8,6,25359.0,28986.0
16,21,8,6,26279.0,30534.0
17,21,8,6,27937.0,31396.0
18,21,8,6,29334.0,32636.0
19,21,8,6,31566.0,30926.0
20,21,8,6,30735.0,28787.0
21,21,8,6,28616.0,26757.0
22,21,8,6,26342.0,24729.0
23,21,8,6,23989.0,23101.0
0,22,8,0,22305.0,21949.0
1,22,8,0,21370.0,21174.0
2,22,8,0,20965.0,21015.0
3,22,8,0,21190.0,21264.0
4,22,8,0,22450.0,20843.0
5,22,8,0,24646.0,21146.0
6,22,8,0,27474.0,22886.0
7,22,8,0,30945.0,24049.0
8,22,8,0,32759.0,24583.0
9,22,8,0,33062.0,25073.0
10,22,8,0,33187.0,25175.0
11,22,8,0,32779.0,24542.0
12,22,8,0,32645.0,24643.0
13,22,8,0,32487.0,24801.0
14,22,8,0,32662.0,25359.0
15,22,8,0,33160.0,26279.0
16,22,8,0,33444.0,27937.0
17,22,8,0,33676.0,29334.0
18,22,8,0,34454.0,31566.0
19,22,8,0,36167.0,30735.0
20,22,8,0,34370.0,28616.0
21,22,8,0,31270.0,26342.0
22,22,8,0,28504.0,23989.0
23,22,8,0,26514.0,22305.0
0,23,8,1,24778.0,21370.0
1,23,8,1,23796.0,20965.0
2,23,8,1,23442.0,21190.0
3,23,8,1,23425.0,22450.0
4,23,8,1,24555.0,24646.0
5,23,8,1,26497.0,27474.0
6,23,8,1,29207.0,30945.0
7,23,8,1,32610.0,32759.0
8,23,8,1,34756.0,33062.0
9,23,8,1,35123.0,33187.0
10,23,8,1,36447.0,32779.0
11,23,8,1,35084.0,32645.0
12,23,8,1,34437.0,32487.0
13,23,8,1,34349.0,32662.0
14,23,8,1,34258.0,33160.0
15,23,8,1,34806.0,33444.0
16,23,8,1,34829.0,33676.0
17,23,8,1,34618.0,34454.0
18,23,8,1,35154.0,36167.0
19,23,8,1,36242.0,34370.0
20,23,8,1,34490.0,31270.0
21,23,8,1,31532.0,28504.0
22,23,8,1,28533.0,26514.0
23,23,8,1,27003.0,24778.0
0,24,8,2,25281.0,23796.0
1,24,8,2,24251.0,23442.0
2,24,8,2,23807.0,23425.0
3,24,8,2,23959.0,24555.0
4,24,8,2,25080.0,26497.0
5,24,8,2,26824.0,29207.0
6,24,8,2,29834.0,32610.0
7,24,8,2,33450.0,34756.0
8,24,8,2,35167.0,35123.0
9,24,8,2,35768.0,36447.0
10,24,8,2,36323.0,35084.0
11,24,8,2,35070.0,34437.0
12,24,8,2,34560.0,34349.0
13,24,8,2,34368.0,34258.0
14,24,8,2,34784.0,34806.0
15,24,8,2,35211.0,34829.0
16,24,8,2,35471.0,34618.0
17,24,8,2,35816.0,35154.0
18,24,8,2,36919.0,36242.0
19,24,8,2,38137.0,34490.0
20,24,8,2,36290.0,31532.0
21,24,8,2,33042.0,28533.0
22,24,8,2,30146.0,27003.0
23,24,8,2,27761.0,25281.0
0,25,8,3,26085.0,24251.0
1,25,8,3,25181.0,23807.0
2,25,8,3,24695.0,23959.0
3,25,8,3,24788.0,25080.0
4,25,8,3,25974.0,26824.0
5,25,8,3,28015.0,29834.0
6,25,8,3,30771.0,33450.0
7,25,8,3,34659.0,35167.0
8,25,8,3,36695.0,35768.0
9,25,8,3,37192.0,36323.0
10,25,8,3,37387.0,35070.0
11,25,8,3,36482.0,34560.0
12,25,8,3,35908.0,34368.0
13,25,8,3,36023.0,34784.0
14,25,8,3,36160.0,35211.0
15,25,8,3,36739.0,35471.0
16,25,8,3,36842.0,35816.0
17,25,8,3,37055.0,36919.0
18,25,8,3,37765.0,38137.0
19,25,8,3,39046.0,36290.0
20,25,8,3,36883.0,33042.0
21,25,8,3,33606.0,30146.0
22,25,8,3,30854.0,27761.0
23,25,8,3,28698.0,26085.0
0,26,8,4,26911.0,25181.0
1,26,8,4,25765.0,24695.0
2,26,8,4,25316.0,24788.0
3,26,8,4,25256.0,25974.0
4,26,8,4,26305.0,28015.0
5,26,8,4,28356.0,30771.0
6,26,8,4,31416.0,34659.0
7,26,8,4,35176.0,36695.0
8,26,8,4,37040.0,37192.0
9,26,8,4,37637.0,37387.0
10,26,8,4,37765.0,36482.0
11,26,8,4,36758.0,35908.0
12,26,8,4,36409.0,36023.0
13,26,8,4,36536.0,36160.0
14,26,8,4,36857.0,36739.0
15,26,8,4,37433.0,36842.0
16,26,8,4,37801.0,37055.0
17,26,8,4,37974.0,37765.0
18,26,8,4,38501.0,39046.0
19,26,8,4,39552.0,36883.0
20,26,8,4,37151.0,33606.0
21,26,8,4,34074.0,30854.0
22,26,8,4,31361.0,28698.0
23,26,8,4,29025.0,26911.0
0,27,8,5,27033.0,25765.0
1,27,8,5,26019.0,25316.0
2,27,8,5,25400.0,25256.0
3,27,8,5,25068.0,26305.0
4,27,8,5,25286.0,28356.0
5,27,8,5,25782.0,31416.0
6,27,8,5,26824.0,35176.0
7,27,8,5,29040.0,37040.0
8,27,8,5,30677.0,37637.0
9,27,8,5,31186.0,37765.0
10,27,8,5,31309.0,36758.0
11,27,8,5,30805.0,36409.0
12,27,8,5,29960.0,36536.0
13,27,8,5,29394.0,36857.0
14,27,8,5,29546.0,37433.0
15,27,8,5,30483.0,37801.0
16,27,8,5,31871.0,37974.0
17,27,8,5,33079.0,38501.0
18,27,8,5,34430.0,39552.0
19,27,8,5,36031.0,37151.0
20,27,8,5,33787.0,34074.0
21,27,8,5,31372.0,31361.0
22,27,8,5,29164.0,29025.0
23,27,8,5,26938.0,27033.0
0,28,8,6,25307.0,26019.0
1,28,8,6,24045.0,25400.0
2,28,8,6,23367.0,25068.0
3,28,8,6,23004.0,25286.0
4,28,8,6,23358.0,25782.0
5,28,8,6,22983.0,26824.0
6,28,8,6,23201.0,29040.0
7,28,8,6,24817.0,30677.0
8,28,8,6,26062.0,31186.0
9,28,8,6,26730.0,31309.0
10,28,8,6,27344.0,30805.0
11,28,8,6,27653.0,29960.0
12,28,8,6,27041.0,29394.0
13,28,8,6,26950.0,29546.0
14,28,8,6,27258.0,30483.0
15,28,8,6,28007.0,31871.0
16,28,8,6,29044.0,33079.0
17,28,8,6,30377.0,34430.0
18,28,8,6,31990.0,36031.0
19,28,8,6,34432.0,33787.0
20,28,8,6,33134.0,31372.0
21,28,8,6,30994.0,29164.0
22,28,8,6,28661.0,26938.0
23,28,8,6,25961.0,25307.0
0,29,8,0,24368.0,24045.0
1,29,8,0,23518.0,23367.0
2,29,8,0,23181.0,23004.0
3,29,8,0,23576.0,23358.0
4,29,8,0,25136.0,22983.0
5,29,8,0,28539.0,23201.0
6,29,8,0,32434.0,24817.0
7,29,8,0,37480.0,26062.0
8,29,8,0,39854.0,26730.0
9,29,8,0,40857.0,27344.0
10,29,8,0,41109.0,27653.0
11,29,8,0,39950.0,27041.0
12,29,8,0,40103.0,26950.0
13,29,8,0,41539.0,27258.0
14,29,8,0,42034.0,28007.0
15,29,8,0,42669.0,29044.0
16,29,8,0,42185.0,30377.0
17,29,8,0,41497.0,31990.0
18,29,8,0,41632.0,34432.0
19,29,8,0,42987.0,33134.0
20,29,8,0,40163.0,30994.0
21,29,8,0,36357.0,28661.0
22,29,8,0,33321.0,25961.0
23,29,8,0,30556.0,24368.0
0,30,8,1,28606.0,23518.0
1,30,8,1,27438.0,23181.0
2,30,8,1,26942.0,23576.0
3,30,8,1,26981.0,25136.0
4,30,8,1,28241.0,28539.0
5,30,8,1,31476.0,32434.0
6,30,8,1,35263.0,37480.0
7,30,8,1,40427.0,39854.0
8,30,8,1,42915.0,40857.0
9,30,8,1,43564.0,41109.0
10,30,8,1,43790.0,39950.0
11,30,8,1,42670.0,40103.0
12,30,8,1,42372.0,41539.0
13,30,8,1,43455.0,42034.0
14,30,8,1,43633.0,42669.0
15,30,8,1,44233.0,42185.0
16,30,8,1,43291.0,41497.0
17,30,8,1,42252.0,41632.0
18,30,8,1,42311.0,42987.0
19,30,8,1,42913.0,40163.0
20,30,8,1,40075.0,36357.0
21,30,8,1,36499.0,33321.0
22,30,8,1,33277.0,30556.0
23,30,8,1,30606.0,28606.0
0,31,8,2,28920.0,27438.0
1,31,8,2,27685.0,26942.0
2,31,8,2,27187.0,26981.0
3,31,8,2,27315.0,28241.0
4,31,8,2,28683.0,31476.0
5,31,8,2,31630.0,35263.0
6,31,8,2,35561.0,40427.0
7,31,8,2,41040.0,42915.0
8,31,8,2,43106.0,43564.0
9,31,8,2,43682.0,43790.0
10,31,8,2,43538.0,42670.0
11,31,8,2,41620.0,42372.0
12,31,8,2,41295.0,43455.0
13,31,8,2,42153.0,43633.0
14,31,8,2,42663.0,44233.0
15,31,8,2,42703.0,43291.0
16,31,8,2,42537.0,42252.0
17,31,8,2,42257.0,42311.0
18,31,8,2,42543.0,42913.0
19,31,8,2,43510.0,40075.0
20,31,8,2,40506.0,36499.0
21,31,8,2,36905.0,33277.0
22,31,8,2,34005.0,30606.0
23,31,8,2,30092.0,28920.0
0,1,9,3,28398.0,27685.0
1,1,9,3,27308.0,27187.0
2,1,9,3,26762.0,27315.0
3,1,9,3,26807.0,28683.0
4,1,9,3,28074.0,31630.0
5,1,9,3,30961.0,35561.0
6,1,9,3,34662.0,41040.0
7,1,9,3,39654.0,43106.0
8,1,9,3,41940.0,43682.0
9,1,9,3,42667.0,43538.0
10,1,9,3,42896.0,41620.0
11,1,9,3,41050.0,41295.0
12,1,9,3,40850.0,42153.0
13,1,9,3,41261.0,42663.0
14,1,9,3,42667.0,42703.0
15,1,9,3,42871.0,42537.0
16,1,9,3,42045.0,42257.0
17,1,9,3,40794.0,42543.0
18,1,9,3,41182.0,43510.0
19,1,9,3,42230.0,40506.0
20,1,9,3,39564.0,36905.0
21,1,9,3,36358.0,34005.0
22,1,9,3,33454.0,30092.0
23,1,9,3,30769.0,28398.0
0,2,9,4,28849.0,27308.0
1,2,9,4,27847.0,26762.0
2,2,9,4,27275.0,26807.0
3,2,9,4,27257.0,28074.0
4,2,9,4,28502.0,30961.0
5,2,9,4,31434.0,34662.0
6,2,9,4,35221.0,39654.0
7,2,9,4,40076.0,41940.0
8,2,9,4,42304.0,42667.0
9,2,9,4,43071.0,42896.0
10,2,9,4,43370.0,41050.0
11,2,9,4,41666.0,40850.0
12,2,9,4,41281.0,41261.0
13,2,9,4,41539.0,42667.0
14,2,9,4,42038.0,42871.0
15,2,9,4,42256.0,42045.0
16,2,9,4,41903.0,40794.0
17,2,9,4,41451.0,41182.0
18,2,9,4,41535.0,42230.0
19,2,9,4,42025.0,39564.0
20,2,9,4,39128.0,36358.0
21,2,9,4,35882.0,33454.0
22,2,9,4,33131.0,30769.0
23,2,9,4,30601.0,28849.0
0,3,9,5,28791.0,27847.0
1,3,9,5,27569.0,27275.0
2,3,9,5,26930.0,27257.0
3,3,9,5,26560.0,28502.0
4,3,9,5,26689.0,31434.0
5,3,9,5,27513.0,35221.0
6,3,9,5,28920.0,40076.0
7,3,9,5,31318.0,42304.0
8,3,9,5,32841.0,43071.0
9,3,9,5,33503.0,43370.0
10,3,9,5,33581.0,41666.0
11,3,9,5,32425.0,41281.0
12,3,9,5,31320.0,41539.0
13,3,9,5,30609.0,42038.0
14,3,9,5,30872.0,42256.0
15,3,9,5,31853.0,41903.0
16,3,9,5,33207.0,41451.0
17,3,9,5,34088.0,41535.0
18,3,9,5,35563.0,42025.0
19,3,9,5,36588.0,39128.0
20,3,9,5,34147.0,35882.0
21,3,9,5,31735.0,33131.0
22,3,9,5,29272.0,30601.0
23,3,9,5,27396.0,28791.0
0,4,9,6,25619.0,27569.0
1,4,9,6,24470.0,26930.0
2,4,9,6,23769.0,26560.0
3,4,9,6,23556.0,26689.0
4,4,9,6,23709.0,27513.0
5,4,9,6,23744.0,28920.0
6,4,9,6,23785.0,31318.0
7,4,9,6,25411.0,32841.0
8,4,9,6,26720.0,33503.0
9,4,9,6,27542.0,33581.0
10,4,9,6,27913.0,32425.0
11,4,9,6,28431.0,31320.0
12,4,9,6,27943.0,30609.0
13,4,9,6,28137.0,30872.0
14,4,9,6,28226.0,31853.0
15,4,9,6,28465.0,33207.0
16,4,9,6,29067.0,34088.0
17,4,9,6,30187.0,35563.0
18,4,9,6,32153.0,36588.0
19,4,9,6,34203.0,34147.0
20,4,9,6,32753.0,31735.0
21,4,9,6,30793.0,29272.0
22,4,9,6,28316.0,27396.0
23,4,9,6,26179.0,25619.0
0,5,9,0,24579.0,24470.0
1,5,9,0,23670.0,23769.0
2,5,9,0,23353.0,23556.0
3,5,9,0,23630.0,23709.0
4,5,9,0,25449.0,23744.0
5,5,9,0,29937.0,23785.0
6,5,9,0,34292.0,25411.0
7,5,9,0,39697.0,26720.0
8,5,9,0,41740.0,27542.0
9,5,9,0,42470.0,27913.0
10,5,9,0,42991.0,28431.0
11,5,9,0,41492.0,27943.0
12,5,9,0,41584.0,28137.0
13,5,9,0,41858.0,28226.0
14,5,9,0,42087.0,28465.0
15,5,9,0,42882.0,29067.0
16,5,9,0,41975.0,30187.0
17,5,9,0,40486.0,32153.0
18,5,9,0,41005.0,34203.0
19,5,9,0,41676.0,32753.0
20,5,9,0,38354.0,30793.0
21,5,9,0,34936.0,28316.0
22,5,9,0,31883.0,26179.0
23,5,9,0,29693.0,24579.0
0,6,9,1,27845.0,23670.0
1,6,9,1,26874.0,23353.0
2,6,9,1,26515.0,23630.0
3,6,9,1,26575.0,25449.0
4,6,9,1,27805.0,29937.0
5,6,9,1,31251.0,34292.0
6,6,9,1,35233.0,39697.0
7,6,9,1,40124.0,41740.0
8,6,9,1,41950.0,42470.0
9,6,9,1,42139.0,42991.0
10,6,9,1,42052.0,41492.0
11,6,9,1,39666.0,41584.0
12,6,9,1,39356.0,41858.0
13,6,9,1,40749.0,42087.0
14,6,9,1,41787.0,42882.0
15,6,9,1,41837.0,41975.0
16,6,9,1,40887.0,40486.0
17,6,9,1,39464.0,41005.0
18,6,9,1,40044.0,41676.0
19,6,9,1,40548.0,38354.0
20,6,9,1,37344.0,34936.0
21,6,9,1,34032.0,31883.0
22,6,9,1,31105.0,29693.0
23,6,9,1,28931.0,27845.0
0,7,9,2,27248.0,26874.0
1,7,9,2,26398.0,26515.0
2,7,9,2,26117.0,26575.0
3,7,9,2,26160.0,27805.0
4,7,9,2,27285.0,31251.0
5,7,9,2,31242.0,35233.0
6,7,9,2,34920.0,40124.0
7,7,9,2,39737.0,41950.0
8,7,9,2,41545.0,42139.0
9,7,9,2,41898.0,42052.0
10,7,9,2,42406.0,39666.0
11,7,9,2,40373.0,39356.0
12,7,9,2,40670.0,40749.0
13,7,9,2,41302.0,41787.0
14,7,9,2,41778.0,41837.0
15,7,9,2,41816.0,40887.0
16,7,9,2,40645.0,39464.0
17,7,9,2,39700.0,40044.0
18,7,9,2,40299.0,40548.0
19,7,9,2,41028.0,37344.0
20,7,9,2,37970.0,34032.0
21,7,9,2,34591.0,31105.0
22,7,9,2,31745.0,28931.0
23,7,9,2,29218.0,27248.0
0,8,9,3,27539.0,26398.0
1,8,9,3,26585.0,26117.0
2,8,9,3,26247.0,26160.0
3,8,9,3,26183.0,27285.0
4,8,9,3,27454.0,31242.0
5,8,9,3,30901.0,34920.0
6,8,9,3,34588.0,39737.0
7,8,9,3,39047.0,41545.0
8,8,9,3,40786.0,41898.0
9,8,9,3,41057.0,42406.0
10,8,9,3,40930.0,40373.0
11,8,9,3,39358.0,40670.0
12,8,9,3,39252.0,41302.0
13,8,9,3,40387.0,41778.0
14,8,9,3,39585.0,41816.0
15,8,9,3,38197.0,40645.0
16,8,9,3,38331.0,39700.0
17,8,9,3,39486.0,40299.0
18,8,9,3,40431.0,41028.0
19,8,9,3,41216.0,37970.0
20,8,9,3,38201.0,34591.0
21,8,9,3,34587.0,31745.0
22,8,9,3,31657.0,29218.0
23,8,9,3,29219.0,27539.0
0,9,9,4,27426.0,26585.0
1,9,9,4,26459.0,26247.0
2,9,9,4,26064.0,26183.0
3,9,9,4,26179.0,27454.0
4,9,9,4,27715.0,30901.0
5,9,9,4,31139.0,34588.0
6,9,9,4,35073.0,39047.0
7,9,9,4,39614.0,40786.0
8,9,9,4,41434.0,41057.0
9,9,9,4,41877.0,40930.0
10,9,9,4,42554.0,39358.0
11,9,9,4,41298.0,39252.0
12,9,9,4,40420.0,40387.0
13,9,9,4,40946.0,39585.0
14,9,9,4,41092.0,38197.0
15,9,9,4,41053.0,38331.0
16,9,9,4,40797.0,39486.0
17,9,9,4,40167.0,40431.0
18,9,9,4,40912.0,41216.0
19,9,9,4,41107.0,38201.0
20,9,9,4,37975.0,34587.0
21,9,9,4,34820.0,31657.0
22,9,9,4,32211.0,29219.0
23,9,9,4,29339.0,27426.0
0,10,9,5,27422.0,26459.0
1,10,9,5,26232.0,26064.0
2,10,9,5,25699.0,26179.0
3,10,9,5,25498.0,27715.0
4,10,9,5,25859.0,31139.0
5,10,9,5,26905.0,35073.0
6,10,9,5,28409.0,39614.0
7,10,9,5,31151.0,41434.0
8,10,9,5,32567.0,41877.0
9,10,9,5,32875.0,42554.0
10,10,9,5,32971.0,41298.0
11,10,9,5,31537.0,40420.0
12,10,9,5,30678.0,40946.0
13,10,9,5,30168.0,41092.0
14,10,9,5,30121.0,41053.0
15,10,9,5,30698.0,40797.0
16,10,9,5,31926.0,40167.0
17,10,9,5,32771.0,40912.0
18,10,9,5,34684.0,41107.0
19,10,9,5,35370.0,37975.0
20,10,9,5,32583.0,34820.0
21,10,9,5,30215.0,32211.0
22,10,9,5,28151.0,29339.0
23,10,9,5,25794.0,27422.0
0,11,9,6,24039.0,26232.0
1,11,9,6,23031.0,25699.0
2,11,9,6,22508.0,25498.0
3,11,9,6,22274.0,25859.0
4,11,9,6,22540.0,26905.0
5,11,9,6,22919.0,28409.0
6,11,9,6,22803.0,31151.0
7,11,9,6,24368.0,32567.0
8,11,9,6,25837.0,32875.0
9,11,9,6,26583.0,32971.0
10,11,9,6,27455.0,31537.0
11,11,9,6,27684.0,30678.0
12,11,9,6,26713.0,30168.0
13,11,9,6,26486.0,30121.0
14,11,9,6,26828.0,30698.0
15,11,9,6,27170.0,31926.0
16,11,9,6,27999.0,32771.0
17,11,9,6,29090.0,34684.0
18,11,9,6,31325.0,35370.0
19,11,9,6,32814.0,32583.0
20,11,9,6,31363.0,30215.0
21,11,9,6,29505.0,28151.0
22,11,9,6,27174.0,25794.0
23,11,9,6,24667.0,24039.0
0,12,9,0,23251.0,23031.0
1,12,9,0,22579.0,22508.0
2,12,9,0,22451.0,22274.0
3,12,9,0,22893.0,22540.0
4,12,9,0,24757.0,22919.0
5,12,9,0,29661.0,22803.0
6,12,9,0,34006.0,24368.0
7,12,9,0,38575.0,25837.0
8,12,9,0,40247.0,26583.0
9,12,9,0,40961.0,27455.0
10,12,9,0,41343.0,27684.0
11,12,9,0,39627.0,26713.0
12,12,9,0,39731.0,26486.0
13,12,9,0,41163.0,26828.0
14,12,9,0,41909.0,27170.0
15,12,9,0,42136.0,27999.0
16,12,9,0,41433.0,29090.0
17,12,9,0,40513.0,31325.0
18,12,9,0,41310.0,32814.0
19,12,9,0,41712.0,31363.0
20,12,9,0,38377.0,29505.0
21,12,9,0,34958.0,27174.0
22,12,9,0,31619.0,24667.0
23,12,9,0,29142.0,23251.0
0,13,9,1,27424.0,22579.0
1,13,9,1,26415.0,22451.0
2,13,9,1,26018.0,22893.0
3,13,9,1,26238.0,24757.0
4,13,9,1,27593.0,29661.0
5,13,9,1,31610.0,34006.0
6,13,9,1,35578.0,38575.0
7,13,9,1,39747.0,40247.0
8,13,9,1,41496.0,40961.0
9,13,9,1,41728.0,41343.0
10,13,9,1,41763.0,39627.0
11,13,9,1,39910.0,39731.0
12,13,9,1,40014.0,41163.0
13,13,9,1,41933.0,41909.0
14,13,9,1,43176.0,42136.0
15,13,9,1,43732.0,41433.0
16,13,9,1,42803.0,40513.0
17,13,9,1,41517.0,41310.0
18,13,9,1,42468.0,41712.0
19,13,9,1,42374.0,38377.0
20,13,9,1,39188.0,34958.0
21,13,9,1,35667.0,31619.0
22,13,9,1,32459.0,29142.0
23,13,9,1,29692.0,27424.0
0,14,9,2,27999.0,26415.0
1,14,9,2,27032.0,26018.0
2,14,9,2,26660.0,26238.0
3,14,9,2,26791.0,27593.0
4,14,9,2,28127.0,31610.0
5,14,9,2,32316.0,35578.0
6,14,9,2,36136.0,39747.0
7,14,9,2,40008.0,41496.0
8,14,9,2,41720.0,41728.0
9,14,9,2,42223.0,41763.0
10,14,9,2,42729.0,39910.0
11,14,9,2,40911.0,40014.0
12,14,9,2,40890.0,41933.0
13,14,9,2,42121.0,43176.0
14,14,9,2,43057.0,43732.0
15,14,9,2,43682.0,42803.0
16,14,9,2,42847.0,41517.0
17,14,9,2,42023.0,42468.0
18,14,9,2,43202.0,42374.0
19,14,9,2,42842.0,39188.0
20,14,9,2,39548.0,35667.0
21,14,9,2,35896.0,32459.0
22,14,9,2,32726.0,29692.0
23,14,9,2,29920.0,27999.0
0,15,9,3,28314.0,27032.0
1,15,9,3,27138.0,26660.0
2,15,9,3,26759.0,26791.0
3,15,9,3,26848.0,28127.0
4,15,9,3,28308.0,32316.0
5,15,9,3,32418.0,36136.0
6,15,9,3,36913.0,40008.0
7,15,9,3,41126.0,41720.0
8,15,9,3,43251.0,42223.0
9,15,9,3,43669.0,42729.0
10,15,9,3,43723.0,40911.0
11,15,9,3,41522.0,40890.0
12,15,9,3,40534.0,42121.0
13,15,9,3,41496.0,43057.0
14,15,9,3,41808.0,43682.0
15,15,9,3,42173.0,42847.0
16,15,9,3,41442.0,42023.0
17,15,9,3,40560.0,43202.0
18,15,9,3,41973.0,42842.0
19,15,9,3,41789.0,39548.0
20,15,9,3,38280.0,35896.0
21,15,9,3,34706.0,32726.0
22,15,9,3,31863.0,29920.0
23,15,9,3,29080.0,28314.0
0,16,9,4,27438.0,27138.0
1,16,9,4,26646.0,26759.0
2,16,9,4,26210.0,26848.0
3,16,9,4,26430.0,28308.0
4,16,9,4,27835.0,32418.0
5,16,9,4,32104.0,36913.0
6,16,9,4,36384.0,41126.0
7,16,9,4,40879.0,43251.0
8,16,9,4,42964.0,43669.0
9,16,9,4,43154.0,43723.0
10,16,9,4,43573.0,41522.0
11,16,9,4,40797.0,40534.0
12,16,9,4,40055.0,41496.0
13,16,9,4,41050.0,41808.0
14,16,9,4,41753.0,42173.0
15,16,9,4,41808.0,41442.0
16,16,9,4,40515.0,40560.0
17,16,9,4,39488.0,41973.0
18,16,9,4,40916.0,41789.0
19,16,9,4,40122.0,38280.0
20,16,9,4,36795.0,34706.0
21,16,9,4,33513.0,31863.0
22,16,9,4,30639.0,29080.0
23,16,9,4,27905.0,27438.0
0,17,9,5,26431.0,26646.0
1,17,9,5,25532.0,26210.0
2,17,9,5,24904.0,26430.0
3,17,9,5,24620.0,27835.0
4,17,9,5,25048.0,32104.0
5,17,9,5,26556.0,36384.0
6,17,9,5,28519.0,40879.0
7,17,9,5,31177.0,42964.0
8,17,9,5,32232.0,43154.0
9,17,9,5,32496.0,43573.0
10,17,9,5,32193.0,40797.0
11,17,9,5,31053.0,40055.0
12,17,9,5,29986.0,41050.0
13,17,9,5,29869.0,41753.0
14,17,9,5,29519.0,41808.0
15,17,9,5,29835.0,40515.0
16,17,9,5,30721.0,39488.0
17,17,9,5,31738.0,40916.0
18,17,9,5,34036.0,40122.0
19,17,9,5,33737.0,36795.0
20,17,9,5,31012.0,33513.0
21,17,9,5,28809.0,30639.0
22,17,9,5,26386.0,27905.0
23,17,9,5,24422.0,26431.0
0,18,9,6,22699.0,25532.0
1,18,9,6,21731.0,24904.0
2,18,9,6,21271.0,24620.0
3,18,9,6,21101.0,25048.0
4,18,9,6,21451.0,26556.0
5,18,9,6,22006.0,28519.0
6,18,9,6,22237.0,31177.0
7,18,9,6,24008.0,32232.0
8,18,9,6,25303.0,32496.0
9,18,9,6,26005.0,32193.0
10,18,9,6,26667.0,31053.0
11,18,9,6,26865.0,29986.0
12,18,9,6,25563.0,29869.0
13,18,9,6,25013.0,29519.0
14,18,9,6,25516.0,29835.0
15,18,9,6,25789.0,30721.0
16,18,9,6,26524.0,31738.0
17,18,9,6,27392.0,34036.0
18,18,9,6,30441.0,33737.0
19,18,9,6,31441.0,31012.0
20,18,9,6,29456.0,28809.0
21,18,9,6,27596.0,26386.0
22,18,9,6,25185.0,24422.0
23,18,9,6,22938.0,22699.0
0,19,9,0,21577.0,21731.0
1,19,9,0,21067.0,21271.0
2,19,9,0,20867.0,21101.0
3,19,9,0,21269.0,21451.0
4,19,9,0,23116.0,22006.0
5,19,9,0,28336.0,22237.0
6,19,9,0,33056.0,24008.0
7,19,9,0,37481.0,25303.0
8,19,9,0,38757.0,26005.0
9,19,9,0,38830.0,26667.0
10,19,9,0,38438.0,26865.0
11,19,9,0,36274.0,25563.0
12,19,9,0,36344.0,25013.0
13,19,9,0,37637.0,25516.0
14,19,9,0,38287.0,25789.0
15,19,9,0,38630.0,26524.0
16,19,9,0,37872.0,27392.0
17,19,9,0,37337.0,30441.0
18,19,9,0,39513.0,31441.0
19,19,9,0,39527.0,29456.0
20,19,9,0,36043.0,27596.0
21,19,9,0,32705.0,25185.0
22,19,9,0,29771.0,22938.0
23,19,9,0,27268.0,21577.0
0,20,9,1,25641.0,21067.0
1,20,9,1,24899.0,20867.0
2,20,9,1,24775.0,21269.0
3,20,9,1,24989.0,23116.0
4,20,9,1,26293.0,28336.0
5,20,9,1,30728.0,33056.0
6,20,9,1,34729.0,37481.0
7,20,9,1,38598.0,38757.0
8,20,9,1,39917.0,38830.0
9,20,9,1,39720.0,38438.0
10,20,9,1,39691.0,36274.0
11,20,9,1,37400.0,36344.0
12,20,9,1,37493.0,37637.0
13,20,9,1,39202.0,38287.0
14,20,9,1,39333.0,38630.0
15,20,9,1,40016.0,37872.0
16,20,9,1,39597.0,37337.0
17,20,9,1,39010.0,39513.0
18,20,9,1,41295.0,39527.0
19,20,9,1,40326.0,36043.0
20,20,9,1,37113.0,32705.0
21,20,9,1,33901.0,29771.0
22,20,9,1,30949.0,27268.0
23,20,9,1,28151.0,25641.0
0,21,9,2,26688.0,24899.0
1,21,9,2,25820.0,24775.0
2,21,9,2,25606.0,24989.0
3,21,9,2,25778.0,26293.0
4,21,9,2,27194.0,30728.0
5,21,9,2,31596.0,34729.0
6,21,9,2,36015.0,38598.0
7,21,9,2,40130.0,39917.0
8,21,9,2,41530.0,39720.0
9,21,9,2,41073.0,39691.0
10,21,9,2,41078.0,37400.0
11,21,9,2,38338.0,37493.0
12,21,9,2,37830.0,39202.0
13,21,9,2,38779.0,39333.0
14,21,9,2,39337.0,40016.0
15,21,9,2,39781.0,39597.0
16,21,9,2,39071.0,39010.0
17,21,9,2,38769.0,41295.0
18,21,9,2,41133.0,40326.0
19,21,9,2,40153.0,37113.0
20,21,9,2,36861.0,33901.0
21,21,9,2,33528.0,30949.0
22,21,9,2,30650.0,28151.0
23,21,9,2,28002.0,26688.0
0,22,9,3,26441.0,25820.0
1,22,9,3,25552.0,25606.0
2,22,9,3,24999.0,25778.0
3,22,9,3,25129.0,27194.0
4,22,9,3,26627.0,31596.0
5,22,9,3,31239.0,36015.0
6,22,9,3,35743.0,40130.0
7,22,9,3,39575.0,41530.0
8,22,9,3,40645.0,41073.0
9,22,9,3,40592.0,41078.0
10,22,9,3,40312.0,38338.0
11,22,9,3,37802.0,37830.0
12,22,9,3,37196.0,38779.0
13,22,9,3,37836.0,39337.0
14,22,9,3,38162.0,39781.0
15,22,9,3,38572.0,39071.0
16,22,9,3,38185.0,38769.0
17,22,9,3,38061.0,41133.0
18,22,9,3,40848.0,40153.0
19,22,9,3,40013.0,36861.0
20,22,9,3,36794.0,33528.0
21,22,9,3,33200.0,30650.0
22,22,9,3,30149.0,28002.0
23,22,9,3,27875.0,26441.0
0,23,9,4,26246.0,25552.0
1,23,9,4,25442.0,24999.0
2,23,9,4,25164.0,25129.0
3,23,9,4,25297.0,26627.0
4,23,9,4,26749.0,31239.0
5,23,9,4,30932.0,35743.0
6,23,9,4,35025.0,39575.0
7,23,9,4,38705.0,40645.0
8,23,9,4,39720.0,40592.0
9,23,9,4,39350.0,40312.0
10,23,9,4,39209.0,37802.0
11,23,9,4,37146.0,37196.0
12,23,9,4,36651.0,37836.0
13,23,9,4,37563.0,38162.0
14,23,9,4,38025.0,38572.0
15,23,9,4,38261.0,38185.0
16,23,9,4,38195.0,38061.0
17,23,9,4,37958.0,40848.0
18,23,9,4,40537.0,40013.0
19,23,9,4,39356.0,36794.0
20,23,9,4,36324.0,33200.0
21,23,9,4,33000.0,30149.0
22,23,9,4,30400.0,27875.0
23,23,9,4,27781.0,26246.0
0,24,9,5,26063.0,25442.0
1,24,9,5,25061.0,25164.0
2,24,9,5,24634.0,25297.0
3,24,9,5,24307.0,26749.0
4,24,9,5,24760.0,30932.0
5,24,9,5,26489.0,35025.0
6,24,9,5,28115.0,38705.0
7,24,9,5,30112.0,39720.0
8,24,9,5,31069.0,39350.0
9,24,9,5,30719.0,39209.0
10,24,9,5,30110.0,37146.0
11,24,9,5,28450.0,36651.0
12,24,9,5,27017.0,37563.0
13,24,9,5,26699.0,38025.0
14,24,9,5,27061.0,38261.0
15,24,9,5,28028.0,38195.0
16,24,9,5,29217.0,37958.0
17,24,9,5,30861.0,40537.0
18,24,9,5,34180.0,39356.0
19,24,9,5,33264.0,36324.0
20,24,9,5,30622.0,33000.0
21,24,9,5,28174.0,30400.0
22,24,9,5,26315.0,27781.0
23,24,9,5,24133.0,26063.0
0,25,9,6,22700.0,25061.0
1,25,9,6,21779.0,24634.0
2,25,9,6,21262.0,24307.0
3,25,9,6,21121.0,24760.0
4,25,9,6,21386.0,26489.0
5,25,9,6,22055.0,28115.0
6,25,9,6,21946.0,30112.0
7,25,9,6,23262.0,31069.0
8,25,9,6,24681.0,30719.0
9,25,9,6,25577.0,30110.0
10,25,9,6,26039.0,28450.0
11,25,9,6,25962.0,27017.0
12,25,9,6,24520.0,26699.0
13,25,9,6,23935.0,27061.0
14,25,9,6,24183.0,28028.0
15,25,9,6,24499.0,29217.0
16,25,9,6,25678.0,30861.0
17,25,9,6,27125.0,34180.0
18,25,9,6,31115.0,33264.0
19,25,9,6,31372.0,30622.0
20,25,9,6,29660.0,28174.0
21,25,9,6,27534.0,26315.0
22,25,9,6,24996.0,24133.0
23,25,9,6,22904.0,22700.0
0,26,9,0,21606.0,21779.0
1,26,9,0,21062.0,21262.0
2,26,9,0,20981.0,21121.0
3,26,9,0,21464.0,21386.0
4,26,9,0,23526.0,22055.0
5,26,9,0,28804.0,21946.0
6,26,9,0,33504.0,23262.0
7,26,9,0,37180.0,24681.0
8,26,9,0,38355.0,25577.0
9,26,9,0,38217.0,26039.0
10,26,9,0,38304.0,25962.0
11,26,9,0,36349.0,24520.0
12,26,9,0,36518.0,23935.0
13,26,9,0,38035.0,24183.0
14,26,9,0,38561.0,24499.0
15,26,9,0,38954.0,25678.0
16,26,9,0,38450.0,27125.0
17,26,9,0,38026.0,31115.0
18,26,9,0,40776.0,31372.0
19,26,9,0,39537.0,29660.0
20,26,9,0,36648.0,27534.0
21,26,9,0,33102.0,24996.0
22,26,9,0,29889.0,22904.0
23,26,9,0,27500.0,21606.0
0,27,9,1,25936.0,21062.0
1,27,9,1,25072.0,20981.0
2,27,9,1,24815.0,21464.0
3,27,9,1,25167.0,23526.0
4,27,9,1,26515.0,28804.0
5,27,9,1,31242.0,33504.0
6,27,9,1,35319.0,37180.0
7,27,9,1,39030.0,38355.0
8,27,9,1,40065.0,38217.0
9,27,9,1,39805.0,38304.0
10,27,9,1,39793.0,36349.0
11,27,9,1,37462.0,36518.0
12,27,9,1,37257.0,38035.0
13,27,9,1,38365.0,38561.0
14,27,9,1,39078.0,38954.0
15,27,9,1,39750.0,38450.0
16,27,9,1,39315.0,38026.0
17,27,9,1,39149.0,40776.0
18,27,9,1,41680.0,39537.0
19,27,9,1,40243.0,36648.0
20,27,9,1,37338.0,33102.0
21,27,9,1,33616.0,29889.0
22,27,9,1,30484.0,27500.0
23,27,9,1,27681.0,25936.0
0,28,9,2,26101.0,25072.0
1,28,9,2,25295.0,24815.0
2,28,9,2,25050.0,25167.0
3,28,9,2,25338.0,26515.0
4,28,9,2,26776.0,31242.0
5,28,9,2,31336.0,35319.0
6,28,9,2,35438.0,39030.0
7,28,9,2,39255.0,40065.0
8,28,9,2,40372.0,39805.0
9,28,9,2,40059.0,39793.0
10,28,9,2,40031.0,37462.0
11,28,9,2,37782.0,37257.0
12,28,9,2,37628.0,38365.0
13,28,9,2,38958.0,39078.0
14,28,9,2,39673.0,39750.0
15,28,9,2,39853.0,39315.0
16,28,9,2,39490.0,39149.0
17,28,9,2,38943.0,41680.0
18,28,9,2,41455.0,40243.0
19,28,9,2,39934.0,37338.0
20,28,9,2,36957.0,33616.0
21,28,9,2,33564.0,30484.0
22,28,9,2,30506.0,27681.0
23,28,9,2,27846.0,26101.0
0,29,9,3,26325.0,25295.0
1,29,9,3,25440.0,25050.0
2,29,9,3,25183.0,25338.0
3,29,9,3,25282.0,26776.0
4,29,9,3,26653.0,31336.0
5,29,9,3,31158.0,35438.0
6,29,9,3,35230.0,39255.0
7,29,9,3,38742.0,40372.0
8,29,9,3,39882.0,40059.0
9,29,9,3,39692.0,40031.0
10,29,9,3,39444.0,37782.0
11,29,9,3,36923.0,37628.0
12,29,9,3,36795.0,38958.0
13,29,9,3,38388.0,39673.0
14,29,9,3,39277.0,39853.0
15,29,9,3,39521.0,39490.0
16,29,9,3,38962.0,38943.0
17,29,9,3,38598.0,41455.0
18,29,9,3,41385.0,39934.0
19,29,9,3,39832.0,36957.0
20,29,9,3,36847.0,33564.0
21,29,9,3,33396.0,30506.0
22,29,9,3,30534.0,27846.0
23,29,9,3,27678.0,26325.0
0,30,9,4,26010.0,25440.0
1,30,9,4,25399.0,25183.0
2,30,9,4,24998.0,25282.0
3,30,9,4,25126.0,26653.0
4,30,9,4,26370.0,31158.0
5,30,9,4,31021.0,35230.0
6,30,9,4,35207.0,38742.0
7,30,9,4,38881.0,39882.0
8,30,9,4,39754.0,39692.0
9,30,9,4,39456.0,39444.0
10,30,9,4,38972.0,36923.0
11,30,9,4,36554.0,36795.0
12,30,9,4,36113.0,38388.0
13,30,9,4,37564.0,39277.0
14,30,9,4,38219.0,39521.0
15,30,9,4,38395.0,38962.0
16,30,9,4,38255.0,38598.0
17,30,9,4,38370.0,41385.0
18,30,9,4,41240.0,39832.0
19,30,9,4,39304.0,36847.0
20,30,9,4,36005.0,33396.0
21,30,9,4,32737.0,30534.0
22,30,9,4,29845.0,27678.0
23,30,9,4,27579.0,26010.0
0,1,10,5,25882.0,25399.0
1,1,10,5,24850.0,24998.0
2,1,10,5,24300.0,25126.0
3,1,10,5,24177.0,26370.0
4,1,10,5,24646.0,31021.0
5,1,10,5,26738.0,35207.0
6,1,10,5,28589.0,38881.0
7,1,10,5,30644.0,39754.0
8,1,10,5,31792.0,39456.0
9,1,10,5,31380.0,38972.0
10,1,10,5,30646.0,36554.0
11,1,10,5,29462.0,36113.0
12,1,10,5,28248.0,37564.0
13,1,10,5,28549.0,38219.0
14,1,10,5,29002.0,38395.0
15,1,10,5,29714.0,38255.0
16,1,10,5,30625.0,38370.0
17,1,10,5,32013.0,41240.0
18,1,10,5,35337.0,39304.0
19,1,10,5,33555.0,36005.0
20,1,10,5,30869.0,32737.0
21,1,10,5,28896.0,29845.0
22,1,10,5,26899.0,27579.0
23,1,10,5,24506.0,25882.0
0,2,10,6,22857.0,24850.0
1,2,10,6,21872.0,24300.0
2,2,10,6,21262.0,24177.0
3,2,10,6,21180.0,24646.0
4,2,10,6,21517.0,26738.0
5,2,10,6,22357.0,28589.0
6,2,10,6,22816.0,30644.0
7,2,10,6,24388.0,31792.0
8,2,10,6,26229.0,31380.0
9,2,10,6,27201.0,30646.0
10,2,10,6,27088.0,29462.0
11,2,10,6,26671.0,28248.0
12,2,10,6,24826.0,28549.0
13,2,10,6,24059.0,29002.0
14,2,10,6,23787.0,29714.0
15,2,10,6,23985.0,30625.0
16,2,10,6,24885.0,32013.0
17,2,10,6,27261.0,35337.0
18,2,10,6,31394.0,33555.0
19,2,10,6,31007.0,30869.0
20,2,10,6,29362.0,28896.0
21,2,10,6,27483.0,26899.0
22,2,10,6,25151.0,24506.0
23,2,10,6,22836.0,22857.0
0,3,10,0,21386.0,21872.0
1,3,10,0,21007.0,21262.0
2,3,10,0,20973.0,21180.0
3,3,10,0,21328.0,21517.0
4,3,10,0,23312.0,22357.0
5,3,10,0,28720.0,22816.0
6,3,10,0,33589.0,24388.0
7,3,10,0,37313.0,26229.0
8,3,10,0,38316.0,27201.0
9,3,10,0,38273.0,27088.0
10,3,10,0,38079.0,26671.0
11,3,10,0,35962.0,24826.0
12,3,10,0,36415.0,24059.0
13,3,10,0,37737.0,23787.0
14,3,10,0,38394.0,23985.0
15,3,10,0,38812.0,24885.0
16,3,10,0,37972.0,27261.0
17,3,10,0,38104.0,31394.0
18,3,10,0,41430.0,31007.0
19,3,10,0,39617.0,29362.0
20,3,10,0,36576.0,27483.0
21,3,10,0,32836.0,25151.0
22,3,10,0,29795.0,22836.0
23,3,10,0,27235.0,21386.0
0,4,10,1,25711.0,21007.0
1,4,10,1,24797.0,20973.0
2,4,10,1,24457.0,21328.0
3,4,10,1,24700.0,23312.0
4,4,10,1,26221.0,28720.0
5,4,10,1,30999.0,33589.0
6,4,10,1,35465.0,37313.0
7,4,10,1,39120.0,38316.0
8,4,10,1,39937.0,38273.0
9,4,10,1,39495.0,38079.0
10,4,10,1,39059.0,35962.0
11,4,10,1,36717.0,36415.0
12,4,10,1,36368.0,37737.0
13,4,10,1,38037.0,38394.0
14,4,10,1,38751.0,38812.0
15,4,10,1,39148.0,37972.0
16,4,10,1,38685.0,38104.0
17,4,10,1,38847.0,41430.0
18,4,10,1,41898.0,39617.0
19,4,10,1,39958.0,36576.0
20,4,10,1,36814.0,32836.0
21,4,10,1,33011.0,29795.0
22,4,10,1,30145.0,27235.0
23,4,10,1,27477.0,25711.0
0,5,10,2,25908.0,24797.0
1,5,10,2,25202.0,24457.0
2,5,10,2,24813.0,24700.0
3,5,10,2,24952.0,26221.0
4,5,10,2,26385.0,30999.0
5,5,10,2,31145.0,35465.0
6,5,10,2,35832.0,39120.0
7,5,10,2,39435.0,39937.0
8,5,10,2,40708.0,39495.0
9,5,10,2,40289.0,39059.0
10,5,10,2,39737.0,36717.0
11,5,10,2,37272.0,36368.0
12,5,10,2,37023.0,38037.0
13,5,10,2,38237.0,38751.0
14,5,10,2,38601.0,39148.0
15,5,10,2,39187.0,38685.0
16,5,10,2,38815.0,38847.0
17,5,10,2,39138.0,41898.0
18,5,10,2,42047.0,39958.0
19,5,10,2,39821.0,36814.0
20,5,10,2,36752.0,33011.0
21,5,10,2,32981.0,30145.0
22,5,10,2,30030.0,27477.0
23,5,10,2,27507.0,25908.0
0,6,10,3,25792.0,25202.0
1,6,10,3,24843.0,24813.0
2,6,10,3,24579.0,24952.0
3,6,10,3,24853.0,26385.0
4,6,10,3,26128.0,31145.0
5,6,10,3,30741.0,35832.0
6,6,10,3,35659.0,39435.0
7,6,10,3,39303.0,40708.0
8,6,10,3,40509.0,40289.0
9,6,10,3,40108.0,39737.0
10,6,10,3,40059.0,37272.0
11,6,10,3,37699.0,37023.0
12,6,10,3,37482.0,38237.0
13,6,10,3,38725.0,38601.0
14,6,10,3,38913.0,39187.0
15,6,10,3,39107.0,38815.0
16,6,10,3,38281.0,39138.0
17,6,10,3,39125.0,42047.0
18,6,10,3,41614.0,39821.0
19,6,10,3,39632.0,36752.0
20,6,10,3,36660.0,32981.0
21,6,10,3,33197.0,30030.0
22,6,10,3,29988.0,27507.0
23,6,10,3,27378.0,25792.0
0,7,10,4,25865.0,24843.0
1,7,10,4,25083.0,24579.0
2,7,10,4,24777.0,24853.0
3,7,10,4,25060.0,26128.0
4,7,10,4,26386.0,30741.0
5,7,10,4,31032.0,35659.0
6,7,10,4,36159.0,39303.0
7,7,10,4,39671.0,40509.0
8,7,10,4,40788.0,40108.0
9,7,10,4,40959.0,40059.0
10,7,10,4,40547.0,37699.0
11,7,10,4,37655.0,37482.0
12,7,10,4,36515.0,38725.0
13,7,10,4,36875.0,38913.0
14,7,10,4,37781.0,39107.0
15,7,10,4,38003.0,38281.0
16,7,10,4,37117.0,39125.0
17,7,10,4,37673.0,41614.0
18,7,10,4,40739.0,39632.0
19,7,10,4,38763.0,36660.0
20,7,10,4,35860.0,33197.0
21,7,10,4,32303.0,29988.0
22,7,10,4,29500.0,27378.0
23,7,10,4,26901.0,25865.0
0,8,10,5,25030.0,25083.0
1,8,10,5,24051.0,24777.0
2,8,10,5,23590.0,25060.0
3,8,10,5,23433.0,26386.0
4,8,10,5,23971.0,31032.0
5,8,10,5,25942.0,36159.0
6,8,10,5,28112.0,39671.0
7,8,10,5,30525.0,40788.0
8,8,10,5,32207.0,40959.0
9,8,10,5,32103.0,40547.0
10,8,10,5,31466.0,37655.0
11,8,10,5,30044.0,36515.0
12,8,10,5,28269.0,36875.0
13,8,10,5,27526.0,37781.0
14,8,10,5,27277.0,38003.0
15,8,10,5,28206.0,37117.0
16,8,10,5,29502.0,37673.0
17,8,10,5,31648.0,40739.0
18,8,10,5,34937.0,38763.0
19,8,10,5,33037.0,35860.0
20,8,10,5,30569.0,32303.0
21,8,10,5,28148.0,29500.0
22,8,10,5,25736.0,26901.0
23,8,10,5,23658.0,25030.0
0,9,10,6,21797.0,24051.0
1,9,10,6,20902.0,23590.0
2,9,10,6,20435.0,23433.0
3,9,10,6,20232.0,23971.0
4,9,10,6,20480.0,25942.0
5,9,10,6,21476.0,28112.0
6,9,10,6,22061.0,30525.0
7,9,10,6,23615.0,32207.0
8,9,10,6,25374.0,32103.0
9,9,10,6,26070.0,31466.0
10,9,10,6,26345.0,30044.0
11,9,10,6,26482.0,28269.0
12,9,10,6,24980.0,27526.0
13,9,10,6,24393.0,27277.0
14,9,10,6,24388.0,28206.0
15,9,10,6,25016.0,29502.0
16,9,10,6,25780.0,31648.0
17,9,10,6,28390.0,34937.0
18,9,10,6,31887.0,33037.0
19,9,10,6,31186.0,30569.0
20,9,10,6,29542.0,28148.0
21,9,10,6,27170.0,25736.0
22,9,10,6,24543.0,23658.0
23,9,10,6,22536.0,21797.0
0,10,10,0,21077.0,20902.0
1,10,10,0,20414.0,20435.0
2,10,10,0,20257.0,20232.0
3,10,10,0,20650.0,20480.0
4,10,10,0,22647.0,21476.0
5,10,10,0,28373.0,22061.0
6,10,10,0,34250.0,23615.0
7,10,10,0,38115.0,25374.0
8,10,10,0,39507.0,26070.0
9,10,10,0,39692.0,26345.0
10,10,10,0,39679.0,26482.0
11,10,10,0,37375.0,24980.0
12,10,10,0,37315.0,24393.0
13,10,10,0,38293.0,24388.0
14,10,10,0,38688.0,25016.0
15,10,10,0,39254.0,25780.0
16,10,10,0,37882.0,28390.0
17,10,10,0,38749.0,31887.0
18,10,10,0,41228.0,31186.0
19,10,10,0,39146.0,29542.0
20,10,10,0,36102.0,27170.0
21,10,10,0,32228.0,24543.0
22,10,10,0,29285.0,22536.0
23,10,10,0,26686.0,21077.0
0,11,10,1,24932.0,20414.0
1,11,10,1,24066.0,20257.0
2,11,10,1,23754.0,20650.0
3,11,10,1,23866.0,22647.0
4,11,10,1,25545.0,28373.0
5,11,10,1,30592.0,34250.0
6,11,10,1,36137.0,38115.0
7,11,10,1,40169.0,39507.0
8,11,10,1,42162.0,39692.0
9,11,10,1,42002.0,39679.0
10,11,10,1,41565.0,37375.0
11,11,10,1,38755.0,37315.0
12,11,10,1,38374.0,38293.0
13,11,10,1,39341.0,38688.0
14,11,10,1,39454.0,39254.0
15,11,10,1,39652.0,37882.0
16,11,10,1,39049.0,38749.0
17,11,10,1,39853.0,41228.0
18,11,10,1,42241.0,39146.0
19,11,10,1,40320.0,36102.0
20,11,10,1,37361.0,32228.0
21,11,10,1,33080.0,29285.0
22,11,10,1,29776.0,26686.0
23,11,10,1,27000.0,24932.0
0,12,10,2,25085.0,24066.0
1,12,10,2,24352.0,23754.0
2,12,10,2,24128.0,23866.0
3,12,10,2,24245.0,25545.0
4,12,10,2,25863.0,30592.0
5,12,10,2,31001.0,36137.0
6,12,10,2,36453.0,40169.0
7,12,10,2,40373.0,42162.0
8,12,10,2,41011.0,42002.0
9,12,10,2,40207.0,41565.0
10,12,10,2,39585.0,38755.0
11,12,10,2,36931.0,38374.0
12,12,10,2,36535.0,39341.0
13,12,10,2,37358.0,39454.0
14,12,10,2,38036.0,39652.0
15,12,10,2,38369.0,39049.0
16,12,10,2,38174.0,39853.0
17,12,10,2,39366.0,42241.0
18,12,10,2,42520.0,40320.0
19,12,10,2,40453.0,37361.0
20,12,10,2,37193.0,33080.0
21,12,10,2,33211.0,29776.0
22,12,10,2,29787.0,27000.0
23,12,10,2,27030.0,25085.0
0,13,10,3,25476.0,24352.0
1,13,10,3,24659.0,24128.0
2,13,10,3,24364.0,24245.0
3,13,10,3,24548.0,25863.0
4,13,10,3,26149.0,31001.0
5,13,10,3,31096.0,36453.0
6,13,10,3,36691.0,40373.0
7,13,10,3,40450.0,41011.0
8,13,10,3,41552.0,40207.0
9,13,10,3,41412.0,39585.0
10,13,10,3,41438.0,36931.0
11,13,10,3,39748.0,36535.0
12,13,10,3,39062.0,37358.0
13,13,10,3,39956.0,38036.0
14,13,10,3,40300.0,38369.0
15,13,10,3,40562.0,38174.0
16,13,10,3,40322.0,39366.0
17,13,10,3,41322.0,42520.0
18,13,10,3,43001.0,40453.0
19,13,10,3,40442.0,37193.0
20,13,10,3,37273.0,33211.0
21,13,10,3,33500.0,29787.0
22,13,10,3,30036.0,27030.0
23,13,10,3,27385.0,25476.0
0,14,10,4,25645.0,24659.0
1,14,10,4,24726.0,24364.0
2,14,10,4,24421.0,24548.0
3,14,10,4,24672.0,26149.0
4,14,10,4,25986.0,31096.0
5,14,10,4,30794.0,36691.0
6,14,10,4,36795.0,40450.0
7,14,10,4,41354.0,41552.0
8,14,10,4,43320.0,41412.0
9,14,10,4,43297.0,41438.0
10,14,10,4,42986.0,39748.0
11,14,10,4,40463.0,39062.0
12,14,10,4,39585.0,39956.0
13,14,10,4,40390.0,40300.0
14,14,10,4,40437.0,40562.0
15,14,10,4,40436.0,40322.0
16,14,10,4,39972.0,41322.0
17,14,10,4,40821.0,43001.0
18,14,10,4,41781.0,40442.0
19,14,10,4,39142.0,37273.0
20,14,10,4,36098.0,33500.0
21,14,10,4,32496.0,30036.0
22,14,10,4,29533.0,27385.0
23,14,10,4,27019.0,25645.0
0,15,10,5,25206.0,24726.0
1,15,10,5,24193.0,24421.0
2,15,10,5,23796.0,24672.0
3,15,10,5,23913.0,25986.0
4,15,10,5,24241.0,30794.0
5,15,10,5,26418.0,36795.0
6,15,10,5,29167.0,41354.0
7,15,10,5,31600.0,43320.0
8,15,10,5,33355.0,43297.0
9,15,10,5,33037.0,42986.0
10,15,10,5,32231.0,40463.0
11,15,10,5,30249.0,39585.0
12,15,10,5,28655.0,40390.0
13,15,10,5,27772.0,40437.0
14,15,10,5,27756.0,40436.0
15,15,10,5,28813.0,39972.0
16,15,10,5,29798.0,40821.0
17,15,10,5,32052.0,41781.0
18,15,10,5,35107.0,39142.0
19,15,10,5,32896.0,36098.0
20,15,10,5,30386.0,32496.0
21,15,10,5,28092.0,29533.0
22,15,10,5,25891.0,27019.0
23,15,10,5,23716.0,25206.0
0,16,10,6,21812.0,24193.0
1,16,10,6,20751.0,23796.0
2,16,10,6,20382.0,23913.0
3,16,10,6,20289.0,24241.0
4,16,10,6,20645.0,26418.0
5,16,10,6,21631.0,29167.0
6,16,10,6,22283.0,31600.0
7,16,10,6,23886.0,33355.0
8,16,10,6,25943.0,33037.0
9,16,10,6,26386.0,32231.0
10,16,10,6,26672.0,30249.0
11,16,10,6,26438.0,28655.0
12,16,10,6,24849.0,27772.0
13,16,10,6,24095.0,27756.0
14,16,10,6,24020.0,28813.0
15,16,10,6,24199.0,29798.0
16,16,10,6,25020.0,32052.0
17,16,10,6,28262.0,35107.0
18,16,10,6,31390.0,32896.0
19,16,10,6,30683.0,30386.0
20,16,10,6,28903.0,28092.0
21,16,10,6,26837.0,25891.0
22,16,10,6,24234.0,23716.0
23,16,10,6,22083.0,21812.0
0,17,10,0,20727.0,20751.0
1,17,10,0,20113.0,20382.0
2,17,10,0,19968.0,20289.0
3,17,10,0,20503.0,20645.0
4,17,10,0,22373.0,21631.0
5,17,10,0,27963.0,22283.0
6,17,10,0,33748.0,23886.0
7,17,10,0,37363.0,25943.0
8,17,10,0,38765.0,26386.0
9,17,10,0,38518.0,26672.0
10,17,10,0,38359.0,26438.0
11,17,10,0,36247.0,24849.0
12,17,10,0,36218.0,24095.0
13,17,10,0,37716.0,24020.0
14,17,10,0,37954.0,24199.0
15,17,10,0,38436.0,25020.0
16,17,10,0,37916.0,28262.0
17,17,10,0,39220.0,31390.0
18,17,10,0,40860.0,30683.0
19,17,10,0,38801.0,28903.0
20,17,10,0,35891.0,26837.0
21,17,10,0,32189.0,24234.0
22,17,10,0,29261.0,22083.0
23,17,10,0,26786.0,20727.0
0,18,10,1,25191.0,20113.0
1,18,10,1,24402.0,19968.0
2,18,10,1,24095.0,20503.0
3,18,10,1,24246.0,22373.0
4,18,10,1,25804.0,27963.0
5,18,10,1,30923.0,33748.0
6,18,10,1,36539.0,37363.0
7,18,10,1,39871.0,38765.0
8,18,10,1,40921.0,38518.0
9,18,10,1,40709.0,38359.0
10,18,10,1,40241.0,36247.0
11,18,10,1,37298.0,36218.0
12,18,10,1,37066.0,37716.0
13,18,10,1,37817.0,37954.0
14,18,10,1,38752.0,38436.0
15,18,10,1,39029.0,37916.0
16,18,10,1,38472.0,39220.0
17,18,10,1,40243.0,40860.0
18,18,10,1,42181.0,38801.0
19,18,10,1,39789.0,35891.0
20,18,10,1,36448.0,32189.0
21,18,10,1,32810.0,29261.0
22,18,10,1,29779.0,26786.0
23,18,10,1,27141.0,25191.0
0,19,10,2,25351.0,24402.0
1,19,10,2,24546.0,24095.0
2,19,10,2,24309.0,24246.0
3,19,10,2,24546.0,25804.0
4,19,10,2,25991.0,30923.0
5,19,10,2,30766.0,36539.0
6,19,10,2,36554.0,39871.0
7,19,10,2,39859.0,40921.0
8,19,10,2,40827.0,40709.0
9,19,10,2,40296.0,40241.0
10,19,10,2,39508.0,37298.0
11,19,10,2,37375.0,37066.0
12,19,10,2,37536.0,37817.0
13,19,10,2,38746.0,38752.0
14,19,10,2,39215.0,39029.0
15,19,10,2,39324.0,38472.0
16,19,10,2,39017.0,40243.0
17,19,10,2,40755.0,42181.0
18,19,10,2,42046.0,39789.0
19,19,10,2,39695.0,36448.0
20,19,10,2,36461.0,32810.0
21,19,10,2,32953.0,29779.0
22,19,10,2,29783.0,27141.0
23,19,10,2,26970.0,25351.0
